2025-08-04 23:25:48,129 - AlertAvailableSessions - INFO - Web Driver was started
2025-08-04 23:25:48,129 - AlertAvailableSessions - INFO - AlertAvailableSessions bot started
2025-08-04 23:25:59,443 - AlertAvailableSessions - INFO - Login Successfully
2025-08-04 23:25:59,527 - AlertAvailableSessions - INFO - Login sonrası popup kapatıldı
2025-08-04 23:26:00,146 - AlertAvailableSessions - INFO - Seans Secim Buton was Clicked
2025-08-04 23:26:01,260 - AlertAvailableSessions - INFO - Branş dropdown açıldı
2025-08-04 23:26:02,327 - AlertAvailableSessions - INFO - TENİS seçildi
2025-08-04 23:26:02,865 - AlertAvailableSessions - INFO - Tesis dropdown açıldı
2025-08-04 23:26:03,937 - AlertAvailableSessions - INFO - MALTEPE SAHİL SPOR TESİSİ seçildi
2025-08-04 23:26:03,945 - AlertAvailableSessions - INFO - Get Sessions Info
2025-08-04 23:26:04,678 - AlertAvailableSessions - WARNING - No checkbox rendered for 06.08.2025 20:00 - 21:00
2025-08-04 23:26:53,949 - AlertAvailableSessions - INFO - Login Successfully
2025-08-04 23:26:54,013 - AlertAvailableSessions - INFO - Login sonrası popup kapatıldı
2025-08-04 23:26:54,580 - AlertAvailableSessions - INFO - Seans Secim Buton was Clicked
2025-08-04 23:26:55,674 - AlertAvailableSessions - INFO - Branş dropdown açıldı
2025-08-04 23:26:56,754 - AlertAvailableSessions - INFO - TENİS seçildi
2025-08-04 23:26:57,346 - AlertAvailableSessions - INFO - Tesis dropdown açıldı
2025-08-04 23:26:58,431 - AlertAvailableSessions - INFO - MALTEPE SAHİL SPOR TESİSİ seçildi
2025-08-04 23:26:58,437 - AlertAvailableSessions - INFO - Get Sessions Info
2025-08-04 23:26:59,079 - AlertAvailableSessions - WARNING - No checkbox rendered for 06.08.2025 20:00 - 21:00
2025-08-04 23:29:37,821 - AlertAvailableSessions - INFO - Web Driver was started
2025-08-04 23:29:37,822 - AlertAvailableSessions - INFO - AlertAvailableSessions bot started
2025-08-04 23:29:39,905 - AlertAvailableSessions - INFO - AlertAvailableSessions bot stopped
2025-08-04 23:29:44,377 - AlertAvailableSessions - INFO - Login Successfully
2025-08-04 23:29:48,914 - AlertAvailableSessions - INFO - Login sonrası popup kapatıldı
2025-08-04 23:29:49,528 - AlertAvailableSessions - INFO - Seans Secim Buton was Clicked
2025-08-04 23:29:50,702 - AlertAvailableSessions - INFO - Branş dropdown açıldı
2025-08-04 23:29:51,762 - AlertAvailableSessions - INFO - TENİS seçildi
2025-08-04 23:29:52,274 - AlertAvailableSessions - INFO - Tesis dropdown açıldı
2025-08-04 23:29:53,337 - AlertAvailableSessions - INFO - MALTEPE SAHİL SPOR TESİSİ seçildi
2025-08-04 23:29:54,360 - AlertAvailableSessions - INFO - Get Sessions Info
2025-08-04 23:29:54,505 - AlertAvailableSessions - WARNING - No checkbox rendered for 06.08.2025 20:00 - 21:00
2025-08-04 23:31:03,915 - AlertAvailableSessions - INFO - Web Driver was started
2025-08-04 23:31:03,915 - AlertAvailableSessions - INFO - AlertAvailableSessions bot started
2025-08-04 23:31:14,173 - AlertAvailableSessions - INFO - Login Successfully
2025-08-04 23:31:14,233 - AlertAvailableSessions - INFO - Login sonrası popup kapatıldı
2025-08-04 23:31:14,965 - AlertAvailableSessions - INFO - Seans Secim Buton was Clicked
2025-08-04 23:31:16,066 - AlertAvailableSessions - INFO - Branş dropdown açıldı
2025-08-04 23:31:17,158 - AlertAvailableSessions - INFO - TENİS seçildi
2025-08-04 23:31:18,453 - AlertAvailableSessions - INFO - Tesis dropdown açıldı
2025-08-04 23:31:19,523 - AlertAvailableSessions - INFO - MALTEPE SAHİL SPOR TESİSİ seçildi
2025-08-04 23:31:20,448 - AlertAvailableSessions - INFO - Get Sessions Info
2025-08-04 23:31:20,531 - AlertAvailableSessions - WARNING - No checkbox rendered for 06.08.2025 20:00 - 21:00
2025-08-04 23:31:22,282 - AlertAvailableSessions - INFO - AlertAvailableSessions bot stopped
2025-08-04 23:32:00,642 - AlertAvailableSessions - INFO - Web Driver was started
2025-08-04 23:32:00,643 - AlertAvailableSessions - INFO - AlertAvailableSessions bot started
2025-08-04 23:32:06,629 - AlertAvailableSessions - INFO - Login Successfully
2025-08-04 23:32:11,402 - AlertAvailableSessions - INFO - Login sonrası popup kapatıldı
2025-08-04 23:32:11,913 - AlertAvailableSessions - INFO - Seans Secim Buton was Clicked
2025-08-04 23:32:13,006 - AlertAvailableSessions - INFO - Branş dropdown açıldı
2025-08-04 23:32:14,071 - AlertAvailableSessions - INFO - TENİS seçildi
2025-08-04 23:32:14,553 - AlertAvailableSessions - INFO - Tesis dropdown açıldı
2025-08-04 23:32:15,621 - AlertAvailableSessions - INFO - MALTEPE SAHİL SPOR TESİSİ seçildi
2025-08-04 23:32:16,118 - AlertAvailableSessions - INFO - Get Sessions Info
2025-08-04 23:32:16,201 - AlertAvailableSessions - WARNING - No checkbox rendered for 06.08.2025 20:00 - 21:00
2025-08-04 23:32:37,176 - AlertAvailableSessions - INFO - Login Successfully
2025-08-04 23:32:37,255 - AlertAvailableSessions - INFO - Login sonrası popup kapatıldı
2025-08-04 23:32:37,769 - AlertAvailableSessions - INFO - Seans Secim Buton was Clicked
2025-08-04 23:32:38,871 - AlertAvailableSessions - INFO - Branş dropdown açıldı
2025-08-04 23:32:39,319 - AlertAvailableSessions - INFO - AlertAvailableSessions bot stopped
2025-08-04 23:32:39,940 - AlertAvailableSessions - INFO - TENİS seçildi
2025-08-04 23:32:40,479 - AlertAvailableSessions - INFO - Tesis dropdown açıldı
2025-08-04 23:32:41,543 - AlertAvailableSessions - INFO - MALTEPE SAHİL SPOR TESİSİ seçildi
2025-08-04 23:32:42,105 - AlertAvailableSessions - INFO - Get Sessions Info
2025-08-04 23:32:42,256 - AlertAvailableSessions - WARNING - No checkbox rendered for 06.08.2025 20:00 - 21:00
2025-08-04 23:42:33,386 - AlertAvailableSessions - INFO - Web Driver was started
2025-08-04 23:42:33,387 - AlertAvailableSessions - INFO - AlertAvailableSessions bot started
2025-08-04 23:43:24,123 - AlertAvailableSessions - INFO - Web Driver was started
2025-08-04 23:43:24,123 - AlertAvailableSessions - INFO - AlertAvailableSessions bot started
2025-08-04 23:43:37,648 - AlertAvailableSessions - INFO - Login Successfully
2025-08-04 23:43:37,719 - AlertAvailableSessions - INFO - Login sonrası popup kapatıldı
2025-08-04 23:43:38,419 - AlertAvailableSessions - INFO - Seans Secim Buton was Clicked
2025-08-04 23:43:39,598 - AlertAvailableSessions - INFO - Branş dropdown açıldı
2025-08-04 23:43:40,694 - AlertAvailableSessions - INFO - TENİS seçildi
2025-08-04 23:43:41,321 - AlertAvailableSessions - INFO - Tesis dropdown açıldı
2025-08-04 23:43:42,404 - AlertAvailableSessions - INFO - MALTEPE SAHİL SPOR TESİSİ seçildi
2025-08-04 23:43:42,990 - AlertAvailableSessions - INFO - Get Sessions Info
2025-08-04 23:43:43,203 - AlertAvailableSessions - WARNING - No checkbox rendered for 06.08.2025 20:00 - 21:00
2025-08-04 23:44:41,611 - AlertAvailableSessions - INFO - Web Driver was started
2025-08-04 23:44:41,611 - AlertAvailableSessions - INFO - AlertAvailableSessions bot started
2025-08-04 23:44:47,788 - AlertAvailableSessions - INFO - Login Successfully
2025-08-04 23:44:52,818 - AlertAvailableSessions - INFO - Login sonrası popup kapatıldı
2025-08-04 23:44:53,674 - AlertAvailableSessions - INFO - Seans Secim Buton was Clicked
2025-08-04 23:44:54,776 - AlertAvailableSessions - INFO - Branş dropdown açıldı
2025-08-04 23:44:55,850 - AlertAvailableSessions - INFO - TENİS seçildi
2025-08-04 23:44:56,397 - AlertAvailableSessions - INFO - Tesis dropdown açıldı
2025-08-04 23:44:57,462 - AlertAvailableSessions - INFO - MALTEPE SAHİL SPOR TESİSİ seçildi
2025-08-04 23:44:58,103 - AlertAvailableSessions - INFO - Get Sessions Info
2025-08-04 23:44:58,179 - AlertAvailableSessions - WARNING - No checkbox rendered for 07.08.2025 21:00 - 22:00
2025-08-04 23:45:08,986 - AlertAvailableSessions - INFO - Web Driver was started
2025-08-04 23:45:08,987 - AlertAvailableSessions - INFO - AlertAvailableSessions bot started
2025-08-04 23:45:19,970 - AlertAvailableSessions - INFO - Login Successfully
2025-08-04 23:45:20,028 - AlertAvailableSessions - INFO - Login sonrası popup kapatıldı
2025-08-04 23:45:20,546 - AlertAvailableSessions - INFO - Seans Secim Buton was Clicked
2025-08-04 23:45:21,636 - AlertAvailableSessions - INFO - Branş dropdown açıldı
2025-08-04 23:45:22,703 - AlertAvailableSessions - INFO - TENİS seçildi
2025-08-04 23:45:23,257 - AlertAvailableSessions - INFO - Tesis dropdown açıldı
2025-08-04 23:45:24,322 - AlertAvailableSessions - INFO - MALTEPE SAHİL SPOR TESİSİ seçildi
2025-08-04 23:45:24,885 - AlertAvailableSessions - INFO - Get Sessions Info
2025-08-04 23:45:25,014 - AlertAvailableSessions - WARNING - No checkbox rendered for 06.08.2025 20:00 - 21:00
2025-08-04 23:50:22,415 - AlertAvailableSessions - INFO - Login Successfully
2025-08-04 23:50:22,500 - AlertAvailableSessions - INFO - Login sonrası popup kapatıldı
2025-08-04 23:50:23,174 - AlertAvailableSessions - INFO - Seans Secim Buton was Clicked
2025-08-04 23:50:24,336 - AlertAvailableSessions - INFO - Branş dropdown açıldı
2025-08-04 23:50:25,429 - AlertAvailableSessions - INFO - TENİS seçildi
2025-08-04 23:50:26,107 - AlertAvailableSessions - INFO - Tesis dropdown açıldı
2025-08-04 23:50:27,229 - AlertAvailableSessions - INFO - MALTEPE SAHİL SPOR TESİSİ seçildi
2025-08-04 23:50:27,922 - AlertAvailableSessions - INFO - Get Sessions Info
2025-08-04 23:50:28,144 - AlertAvailableSessions - WARNING - No checkbox rendered for 07.08.2025 21:00 - 22:00
2025-08-04 23:52:33,148 - AlertAvailableSessions - INFO - Login Successfully
2025-08-04 23:52:38,644 - AlertAvailableSessions - INFO - Login sonrası popup kapatıldı
2025-08-04 23:52:39,228 - AlertAvailableSessions - INFO - Seans Secim Buton was Clicked
2025-08-04 23:52:40,443 - AlertAvailableSessions - INFO - Branş dropdown açıldı
2025-08-04 23:52:41,506 - AlertAvailableSessions - INFO - TENİS seçildi
2025-08-04 23:52:42,080 - AlertAvailableSessions - INFO - Tesis dropdown açıldı
2025-08-04 23:52:43,157 - AlertAvailableSessions - INFO - MALTEPE SAHİL SPOR TESİSİ seçildi
2025-08-04 23:52:43,747 - AlertAvailableSessions - INFO - Get Sessions Info
2025-08-04 23:52:43,868 - AlertAvailableSessions - WARNING - No checkbox rendered for 06.08.2025 20:00 - 21:00
2025-08-04 23:55:38,257 - AlertAvailableSessions - INFO - Login Successfully
2025-08-04 23:55:45,753 - AlertAvailableSessions - INFO - Login sonrası popup kapatıldı
2025-08-04 23:55:46,375 - AlertAvailableSessions - INFO - Seans Secim Buton was Clicked
2025-08-04 23:55:47,558 - AlertAvailableSessions - INFO - Branş dropdown açıldı
2025-08-04 23:55:48,682 - AlertAvailableSessions - INFO - TENİS seçildi
2025-08-04 23:55:50,326 - AlertAvailableSessions - ERROR - Tesis seçimi başarısız: Message: element click intercepted: Element <span class="select2-selection__rendered" id="select2-ddlTesisFiltre-container" role="textbox" aria-readonly="true" title="...">-- Seçiniz --</span> is not clickable at point (141, 5). Other element would receive the click: <div class="main-header rt-sticky rt-sticky-active fadeInDown animated">...</div>
  (Session info: chrome=138.0.7204.184)
Stacktrace:
	GetHandleVerifier [0x0x3eba83+63395]
	GetHandleVerifier [0x0x3ebac4+63460]
	(No symbol) [0x0x232113]
	(No symbol) [0x0x280ba0]
	(No symbol) [0x0x27ef5a]
	(No symbol) [0x0x27cab7]
	(No symbol) [0x0x27bd6d]
	(No symbol) [0x0x270816]
	(No symbol) [0x0x29f3ac]
	(No symbol) [0x0x26ffa4]
	(No symbol) [0x0x29f624]
	(No symbol) [0x0x2c07ba]
	(No symbol) [0x0x29f1a6]
	(No symbol) [0x0x26e7b2]
	(No symbol) [0x0x26f654]
	GetHandleVerifier [0x0x668883+2672035]
	GetHandleVerifier [0x0x663cba+2652634]
	GetHandleVerifier [0x0x412bca+223466]
	GetHandleVerifier [0x0x402cb8+158168]
	GetHandleVerifier [0x0x40978d+185517]
	GetHandleVerifier [0x0x3f3b78+96408]
	GetHandleVerifier [0x0x3f3d02+96802]
	GetHandleVerifier [0x0x3de90a+9770]
	BaseThreadInitThunk [0x0x76825d49+25]
	RtlInitializeExceptionChain [0x0x7725d2fb+107]
	RtlGetAppContainerNamedObjectPath [0x0x7725d281+561]

2025-08-04 23:55:50,340 - AlertAvailableSessions - INFO - Get Sessions Info
2025-08-04 23:56:00,639 - AlertAvailableSessions - ERROR - ❌ Hata: Message: 
Stacktrace:
	GetHandleVerifier [0x0x3eba83+63395]
	GetHandleVerifier [0x0x3ebac4+63460]
	(No symbol) [0x0x232113]
	(No symbol) [0x0x27a85e]
	(No symbol) [0x0x27abfb]
	(No symbol) [0x0x2c2f92]
	(No symbol) [0x0x29f3f4]
	(No symbol) [0x0x2c07ba]
	(No symbol) [0x0x29f1a6]
	(No symbol) [0x0x26e7b2]
	(No symbol) [0x0x26f654]
	GetHandleVerifier [0x0x668883+2672035]
	GetHandleVerifier [0x0x663cba+2652634]
	GetHandleVerifier [0x0x412bca+223466]
	GetHandleVerifier [0x0x402cb8+158168]
	GetHandleVerifier [0x0x40978d+185517]
	GetHandleVerifier [0x0x3f3b78+96408]
	GetHandleVerifier [0x0x3f3d02+96802]
	GetHandleVerifier [0x0x3de90a+9770]
	BaseThreadInitThunk [0x0x76825d49+25]
	RtlInitializeExceptionChain [0x0x7725d2fb+107]
	RtlGetAppContainerNamedObjectPath [0x0x7725d281+561]

2025-08-04 23:59:52,067 - AlertAvailableSessions - INFO - Login Successfully
2025-08-04 23:59:57,236 - AlertAvailableSessions - INFO - Login sonrası popup kapatıldı
2025-08-04 23:59:58,215 - AlertAvailableSessions - INFO - Seans Secim Buton was Clicked
2025-08-04 23:59:59,349 - AlertAvailableSessions - INFO - Branş dropdown açıldı
2025-08-05 00:00:00,411 - AlertAvailableSessions - INFO - TENİS seçildi
2025-08-05 00:00:02,015 - AlertAvailableSessions - ERROR - Tesis seçimi başarısız: Message: element click intercepted: Element <span class="select2-selection__rendered" id="select2-ddlTesisFiltre-container" role="textbox" aria-readonly="true" title="...">-- Seçiniz --</span> is not clickable at point (141, 3). Other element would receive the click: <div class="main-header rt-sticky rt-sticky-active fadeInDown animated">...</div>
  (Session info: chrome=138.0.7204.184)
Stacktrace:
	GetHandleVerifier [0x0x3eba83+63395]
	GetHandleVerifier [0x0x3ebac4+63460]
	(No symbol) [0x0x232113]
	(No symbol) [0x0x280ba0]
	(No symbol) [0x0x27ef5a]
	(No symbol) [0x0x27cab7]
	(No symbol) [0x0x27bd6d]
	(No symbol) [0x0x270816]
	(No symbol) [0x0x29f3ac]
	(No symbol) [0x0x26ffa4]
	(No symbol) [0x0x29f624]
	(No symbol) [0x0x2c07ba]
	(No symbol) [0x0x29f1a6]
	(No symbol) [0x0x26e7b2]
	(No symbol) [0x0x26f654]
	GetHandleVerifier [0x0x668883+2672035]
	GetHandleVerifier [0x0x663cba+2652634]
	GetHandleVerifier [0x0x412bca+223466]
	GetHandleVerifier [0x0x402cb8+158168]
	GetHandleVerifier [0x0x40978d+185517]
	GetHandleVerifier [0x0x3f3b78+96408]
	GetHandleVerifier [0x0x3f3d02+96802]
	GetHandleVerifier [0x0x3de90a+9770]
	BaseThreadInitThunk [0x0x76825d49+25]
	RtlInitializeExceptionChain [0x0x7725d2fb+107]
	RtlGetAppContainerNamedObjectPath [0x0x7725d281+561]

2025-08-05 00:00:02,023 - AlertAvailableSessions - INFO - Get Sessions Info
2025-08-05 00:00:12,308 - AlertAvailableSessions - ERROR - ❌ Hata: Message: 
Stacktrace:
	GetHandleVerifier [0x0x3eba83+63395]
	GetHandleVerifier [0x0x3ebac4+63460]
	(No symbol) [0x0x232113]
	(No symbol) [0x0x27a85e]
	(No symbol) [0x0x27abfb]
	(No symbol) [0x0x2c2f92]
	(No symbol) [0x0x29f3f4]
	(No symbol) [0x0x2c07ba]
	(No symbol) [0x0x29f1a6]
	(No symbol) [0x0x26e7b2]
	(No symbol) [0x0x26f654]
	GetHandleVerifier [0x0x668883+2672035]
	GetHandleVerifier [0x0x663cba+2652634]
	GetHandleVerifier [0x0x412bca+223466]
	GetHandleVerifier [0x0x402cb8+158168]
	GetHandleVerifier [0x0x40978d+185517]
	GetHandleVerifier [0x0x3f3b78+96408]
	GetHandleVerifier [0x0x3f3d02+96802]
	GetHandleVerifier [0x0x3de90a+9770]
	BaseThreadInitThunk [0x0x76825d49+25]
	RtlInitializeExceptionChain [0x0x7725d2fb+107]
	RtlGetAppContainerNamedObjectPath [0x0x7725d281+561]

2025-08-05 00:01:13,282 - AlertAvailableSessions - INFO - Login Successfully
2025-08-05 00:01:18,509 - AlertAvailableSessions - INFO - Login sonrası popup kapatıldı
2025-08-05 00:01:19,373 - AlertAvailableSessions - INFO - Seans Secim Buton was Clicked
2025-08-05 00:01:20,470 - AlertAvailableSessions - INFO - Branş dropdown açıldı
2025-08-05 00:01:21,529 - AlertAvailableSessions - INFO - TENİS seçildi
2025-08-05 00:01:22,170 - AlertAvailableSessions - INFO - Tesis dropdown açıldı
2025-08-05 00:01:23,237 - AlertAvailableSessions - INFO - MALTEPE SAHİL SPOR TESİSİ seçildi
2025-08-05 00:01:23,765 - AlertAvailableSessions - INFO - Get Sessions Info
2025-08-05 00:01:23,890 - AlertAvailableSessions - WARNING - No checkbox rendered for 07.08.2025 21:00 - 22:00
2025-08-05 00:06:36,728 - AlertAvailableSessions - INFO - Login Successfully
2025-08-05 00:06:36,783 - AlertAvailableSessions - INFO - Login sonrası popup kapatıldı
2025-08-05 00:06:37,657 - AlertAvailableSessions - INFO - Seans Secim Buton was Clicked
2025-08-05 00:06:38,781 - AlertAvailableSessions - INFO - Branş dropdown açıldı
2025-08-05 00:06:39,893 - AlertAvailableSessions - INFO - TENİS seçildi
2025-08-05 00:06:40,844 - AlertAvailableSessions - INFO - Tesis dropdown açıldı
2025-08-05 00:06:41,909 - AlertAvailableSessions - INFO - MALTEPE SAHİL SPOR TESİSİ seçildi
2025-08-05 00:06:42,480 - AlertAvailableSessions - INFO - Get Sessions Info
2025-08-05 00:06:42,559 - AlertAvailableSessions - WARNING - No checkbox rendered for 07.08.2025 21:00 - 22:00
2025-08-05 00:07:20,318 - AlertAvailableSessions - INFO - Login Successfully
2025-08-05 00:07:26,319 - AlertAvailableSessions - INFO - Login sonrası popup kapatıldı
2025-08-05 00:07:26,945 - AlertAvailableSessions - INFO - Seans Secim Buton was Clicked
2025-08-05 00:07:28,089 - AlertAvailableSessions - INFO - Branş dropdown açıldı
2025-08-05 00:07:29,185 - AlertAvailableSessions - INFO - TENİS seçildi
2025-08-05 00:07:29,718 - AlertAvailableSessions - INFO - Tesis dropdown açıldı
2025-08-05 00:07:30,794 - AlertAvailableSessions - INFO - MALTEPE SAHİL SPOR TESİSİ seçildi
2025-08-05 00:07:31,305 - AlertAvailableSessions - INFO - Get Sessions Info
2025-08-05 00:07:31,464 - AlertAvailableSessions - WARNING - No checkbox rendered for 06.08.2025 20:00 - 21:00
2025-08-05 00:11:51,116 - AlertAvailableSessions - INFO - Login Successfully
2025-08-05 00:11:57,221 - AlertAvailableSessions - INFO - Login sonrası popup kapatıldı
2025-08-05 00:11:57,904 - AlertAvailableSessions - INFO - Seans Secim Buton was Clicked
2025-08-05 00:11:59,035 - AlertAvailableSessions - INFO - Branş dropdown açıldı
2025-08-05 00:12:00,118 - AlertAvailableSessions - INFO - TENİS seçildi
2025-08-05 00:12:00,654 - AlertAvailableSessions - INFO - Tesis dropdown açıldı
2025-08-05 00:12:01,782 - AlertAvailableSessions - INFO - MALTEPE SAHİL SPOR TESİSİ seçildi
2025-08-05 00:12:02,308 - AlertAvailableSessions - INFO - Get Sessions Info
2025-08-05 00:12:02,410 - AlertAvailableSessions - WARNING - No checkbox rendered for 07.08.2025 21:00 - 22:00
2025-08-05 00:14:49,561 - AlertAvailableSessions - INFO - Login Successfully
2025-08-05 00:14:49,637 - AlertAvailableSessions - INFO - Login sonrası popup kapatıldı
2025-08-05 00:14:50,499 - AlertAvailableSessions - INFO - Seans Secim Buton was Clicked
2025-08-05 00:14:51,622 - AlertAvailableSessions - INFO - Branş dropdown açıldı
2025-08-05 00:14:52,739 - AlertAvailableSessions - INFO - TENİS seçildi
2025-08-05 00:14:53,353 - AlertAvailableSessions - INFO - Tesis dropdown açıldı
2025-08-05 00:14:54,447 - AlertAvailableSessions - INFO - MALTEPE SAHİL SPOR TESİSİ seçildi
2025-08-05 00:14:55,402 - AlertAvailableSessions - INFO - Get Sessions Info
2025-08-05 00:14:55,546 - AlertAvailableSessions - WARNING - No checkbox rendered for 06.08.2025 20:00 - 21:00
2025-08-05 00:17:15,492 - AlertAvailableSessions - INFO - Login Successfully
2025-08-05 00:17:24,825 - AlertAvailableSessions - INFO - Login sonrası popup kapatıldı
2025-08-05 00:17:25,470 - AlertAvailableSessions - INFO - Seans Secim Buton was Clicked
2025-08-05 00:17:26,618 - AlertAvailableSessions - INFO - Branş dropdown açıldı
2025-08-05 00:17:27,693 - AlertAvailableSessions - INFO - TENİS seçildi
2025-08-05 00:17:29,080 - AlertAvailableSessions - INFO - Tesis dropdown açıldı
2025-08-05 00:17:30,154 - AlertAvailableSessions - INFO - MALTEPE SAHİL SPOR TESİSİ seçildi
2025-08-05 00:17:30,930 - AlertAvailableSessions - INFO - Get Sessions Info
2025-08-05 00:17:31,086 - AlertAvailableSessions - WARNING - No checkbox rendered for 07.08.2025 21:00 - 22:00
2025-08-05 00:22:10,072 - AlertAvailableSessions - INFO - Login Successfully
2025-08-05 00:22:10,185 - AlertAvailableSessions - INFO - Login sonrası popup kapatıldı
2025-08-05 00:22:10,801 - AlertAvailableSessions - INFO - Seans Secim Buton was Clicked
2025-08-05 00:22:11,967 - AlertAvailableSessions - INFO - Branş dropdown açıldı
2025-08-05 00:22:13,048 - AlertAvailableSessions - INFO - TENİS seçildi
2025-08-05 00:22:13,654 - AlertAvailableSessions - INFO - Tesis dropdown açıldı
2025-08-05 00:22:14,731 - AlertAvailableSessions - INFO - MALTEPE SAHİL SPOR TESİSİ seçildi
2025-08-05 00:22:15,288 - AlertAvailableSessions - INFO - Get Sessions Info
2025-08-05 00:22:15,472 - AlertAvailableSessions - WARNING - No checkbox rendered for 06.08.2025 20:00 - 21:00
2025-08-05 00:22:44,014 - AlertAvailableSessions - INFO - Login Successfully
2025-08-05 00:22:44,117 - AlertAvailableSessions - INFO - Login sonrası popup kapatıldı
2025-08-05 00:22:44,711 - AlertAvailableSessions - INFO - Seans Secim Buton was Clicked
2025-08-05 00:22:45,844 - AlertAvailableSessions - INFO - Branş dropdown açıldı
2025-08-05 00:22:46,959 - AlertAvailableSessions - INFO - TENİS seçildi
2025-08-05 00:22:47,573 - AlertAvailableSessions - INFO - Tesis dropdown açıldı
2025-08-05 00:22:48,664 - AlertAvailableSessions - INFO - MALTEPE SAHİL SPOR TESİSİ seçildi
2025-08-05 00:22:49,247 - AlertAvailableSessions - INFO - Get Sessions Info
2025-08-05 00:22:49,373 - AlertAvailableSessions - WARNING - No checkbox rendered for 07.08.2025 21:00 - 22:00
2025-08-05 00:28:02,189 - AlertAvailableSessions - INFO - Login Successfully
2025-08-05 00:28:02,298 - AlertAvailableSessions - INFO - Login sonrası popup kapatıldı
2025-08-05 00:28:02,859 - AlertAvailableSessions - INFO - Seans Secim Buton was Clicked
2025-08-05 00:28:04,025 - AlertAvailableSessions - INFO - Branş dropdown açıldı
2025-08-05 00:28:05,136 - AlertAvailableSessions - INFO - TENİS seçildi
2025-08-05 00:28:05,688 - AlertAvailableSessions - INFO - Tesis dropdown açıldı
2025-08-05 00:28:06,766 - AlertAvailableSessions - INFO - MALTEPE SAHİL SPOR TESİSİ seçildi
2025-08-05 00:28:07,388 - AlertAvailableSessions - INFO - Get Sessions Info
2025-08-05 00:28:07,544 - AlertAvailableSessions - WARNING - No checkbox rendered for 07.08.2025 21:00 - 22:00
2025-08-05 00:29:28,495 - AlertAvailableSessions - INFO - Login Successfully
2025-08-05 00:29:28,576 - AlertAvailableSessions - INFO - Login sonrası popup kapatıldı
2025-08-05 00:29:29,523 - AlertAvailableSessions - INFO - Seans Secim Buton was Clicked
2025-08-05 00:29:30,659 - AlertAvailableSessions - INFO - Branş dropdown açıldı
2025-08-05 00:29:31,752 - AlertAvailableSessions - INFO - TENİS seçildi
2025-08-05 00:29:32,763 - AlertAvailableSessions - INFO - Tesis dropdown açıldı
2025-08-05 00:29:33,843 - AlertAvailableSessions - INFO - MALTEPE SAHİL SPOR TESİSİ seçildi
2025-08-05 00:29:34,418 - AlertAvailableSessions - INFO - Get Sessions Info
2025-08-05 00:29:34,549 - AlertAvailableSessions - WARNING - No checkbox rendered for 06.08.2025 20:00 - 21:00
2025-08-05 00:33:26,461 - AlertAvailableSessions - INFO - Login Successfully
2025-08-05 00:33:26,677 - AlertAvailableSessions - INFO - Login sonrası popup kapatıldı
2025-08-05 00:33:27,260 - AlertAvailableSessions - INFO - Seans Secim Buton was Clicked
2025-08-05 00:33:28,439 - AlertAvailableSessions - INFO - Branş dropdown açıldı
2025-08-05 00:33:29,526 - AlertAvailableSessions - INFO - TENİS seçildi
2025-08-05 00:33:30,060 - AlertAvailableSessions - INFO - Tesis dropdown açıldı
2025-08-05 00:33:31,175 - AlertAvailableSessions - INFO - MALTEPE SAHİL SPOR TESİSİ seçildi
2025-08-05 00:33:31,448 - AlertAvailableSessions - INFO - Get Sessions Info
2025-08-05 00:33:31,832 - AlertAvailableSessions - WARNING - No checkbox rendered for 07.08.2025 21:00 - 22:00
2025-08-05 00:36:42,680 - AlertAvailableSessions - INFO - Login Successfully
2025-08-05 00:36:46,822 - AlertAvailableSessions - INFO - Login sonrası popup kapatıldı
2025-08-05 00:36:47,387 - AlertAvailableSessions - INFO - Seans Secim Buton was Clicked
2025-08-05 00:36:48,498 - AlertAvailableSessions - INFO - Branş dropdown açıldı
2025-08-05 00:36:49,595 - AlertAvailableSessions - INFO - TENİS seçildi
2025-08-05 00:36:50,574 - AlertAvailableSessions - INFO - Tesis dropdown açıldı
2025-08-05 00:36:51,653 - AlertAvailableSessions - INFO - MALTEPE SAHİL SPOR TESİSİ seçildi
2025-08-05 00:36:52,159 - AlertAvailableSessions - INFO - Get Sessions Info
2025-08-05 00:36:52,341 - AlertAvailableSessions - WARNING - No checkbox rendered for 06.08.2025 20:00 - 21:00
2025-08-05 00:38:44,967 - AlertAvailableSessions - INFO - Login Successfully
2025-08-05 00:38:45,070 - AlertAvailableSessions - INFO - Login sonrası popup kapatıldı
2025-08-05 00:38:45,666 - AlertAvailableSessions - INFO - Seans Secim Buton was Clicked
2025-08-05 00:38:46,832 - AlertAvailableSessions - INFO - Branş dropdown açıldı
2025-08-05 00:38:47,935 - AlertAvailableSessions - INFO - TENİS seçildi
2025-08-05 00:38:48,466 - AlertAvailableSessions - INFO - Tesis dropdown açıldı
2025-08-05 00:38:49,544 - AlertAvailableSessions - INFO - MALTEPE SAHİL SPOR TESİSİ seçildi
2025-08-05 00:38:50,088 - AlertAvailableSessions - INFO - Get Sessions Info
2025-08-05 00:38:50,238 - AlertAvailableSessions - WARNING - No checkbox rendered for 07.08.2025 21:00 - 22:00
2025-08-05 00:44:02,198 - AlertAvailableSessions - INFO - Login Successfully
2025-08-05 00:44:05,765 - AlertAvailableSessions - INFO - Popup mevcut değil, devam ediliyor
2025-08-05 00:44:06,571 - AlertAvailableSessions - INFO - Seans Secim Buton was Clicked
2025-08-05 00:44:07,732 - AlertAvailableSessions - INFO - Login Successfully
2025-08-05 00:44:07,739 - AlertAvailableSessions - INFO - Branş dropdown açıldı
2025-08-05 00:44:07,835 - AlertAvailableSessions - INFO - Login sonrası popup kapatıldı
2025-08-05 00:44:08,824 - AlertAvailableSessions - INFO - TENİS seçildi
2025-08-05 00:44:09,448 - AlertAvailableSessions - INFO - Tesis dropdown açıldı
2025-08-05 00:44:10,552 - AlertAvailableSessions - INFO - MALTEPE SAHİL SPOR TESİSİ seçildi
2025-08-05 00:44:11,163 - AlertAvailableSessions - INFO - Get Sessions Info
2025-08-05 00:44:11,296 - AlertAvailableSessions - WARNING - No checkbox rendered for 06.08.2025 20:00 - 21:00
2025-08-05 00:44:18,651 - AlertAvailableSessions - ERROR - Seans Secim Buton was NOT Clicked: Message: 
Stacktrace:
	GetHandleVerifier [0x0x10aba83+63395]
	GetHandleVerifier [0x0x10abac4+63460]
	(No symbol) [0x0xef2113]
	(No symbol) [0x0xf3a85e]
	(No symbol) [0x0xf3abfb]
	(No symbol) [0x0xf82f92]
	(No symbol) [0x0xf5f3f4]
	(No symbol) [0x0xf807ba]
	(No symbol) [0x0xf5f1a6]
	(No symbol) [0x0xf2e7b2]
	(No symbol) [0x0xf2f654]
	GetHandleVerifier [0x0x1328883+2672035]
	GetHandleVerifier [0x0x1323cba+2652634]
	GetHandleVerifier [0x0x10d2bca+223466]
	GetHandleVerifier [0x0x10c2cb8+158168]
	GetHandleVerifier [0x0x10c978d+185517]
	GetHandleVerifier [0x0x10b3b78+96408]
	GetHandleVerifier [0x0x10b3d02+96802]
	GetHandleVerifier [0x0x109e90a+9770]
	BaseThreadInitThunk [0x0x76825d49+25]
	RtlInitializeExceptionChain [0x0x7725d2fb+107]
	RtlGetAppContainerNamedObjectPath [0x0x7725d281+561]

2025-08-05 00:49:30,491 - AlertAvailableSessions - INFO - Login Successfully
2025-08-05 00:49:35,663 - AlertAvailableSessions - INFO - Login sonrası popup kapatıldı
2025-08-05 00:49:36,382 - AlertAvailableSessions - INFO - Seans Secim Buton was Clicked
2025-08-05 00:49:37,575 - AlertAvailableSessions - INFO - Branş dropdown açıldı
2025-08-05 00:49:38,681 - AlertAvailableSessions - INFO - TENİS seçildi
2025-08-05 00:49:39,346 - AlertAvailableSessions - INFO - Tesis dropdown açıldı
2025-08-05 00:49:40,466 - AlertAvailableSessions - INFO - MALTEPE SAHİL SPOR TESİSİ seçildi
2025-08-05 00:49:41,270 - AlertAvailableSessions - INFO - Get Sessions Info
2025-08-05 00:49:41,464 - AlertAvailableSessions - WARNING - No checkbox rendered for 07.08.2025 21:00 - 22:00
2025-08-05 00:51:19,817 - AlertAvailableSessions - INFO - Login Successfully
2025-08-05 00:51:24,189 - AlertAvailableSessions - INFO - Login sonrası popup kapatıldı
2025-08-05 00:51:24,793 - AlertAvailableSessions - INFO - Seans Secim Buton was Clicked
2025-08-05 00:51:25,952 - AlertAvailableSessions - INFO - Branş dropdown açıldı
2025-08-05 00:51:27,068 - AlertAvailableSessions - INFO - TENİS seçildi
2025-08-05 00:51:27,670 - AlertAvailableSessions - INFO - Tesis dropdown açıldı
2025-08-05 00:51:28,776 - AlertAvailableSessions - INFO - MALTEPE SAHİL SPOR TESİSİ seçildi
2025-08-05 00:51:29,450 - AlertAvailableSessions - INFO - Get Sessions Info
2025-08-05 00:51:29,591 - AlertAvailableSessions - WARNING - No checkbox rendered for 06.08.2025 20:00 - 21:00
2025-08-05 00:54:49,554 - AlertAvailableSessions - INFO - Login Successfully
2025-08-05 00:54:52,900 - AlertAvailableSessions - INFO - Popup mevcut değil, devam ediliyor
2025-08-05 00:54:53,426 - AlertAvailableSessions - INFO - Seans Secim Buton was Clicked
2025-08-05 00:54:54,561 - AlertAvailableSessions - INFO - Branş dropdown açıldı
2025-08-05 00:54:55,642 - AlertAvailableSessions - INFO - TENİS seçildi
2025-08-05 00:54:56,729 - AlertAvailableSessions - INFO - Tesis dropdown açıldı
2025-08-05 00:54:57,806 - AlertAvailableSessions - INFO - MALTEPE SAHİL SPOR TESİSİ seçildi
2025-08-05 00:54:58,431 - AlertAvailableSessions - INFO - Get Sessions Info
2025-08-05 00:54:58,566 - AlertAvailableSessions - WARNING - No checkbox rendered for 07.08.2025 21:00 - 22:00
2025-08-05 00:58:43,966 - AlertAvailableSessions - INFO - Login Successfully
2025-08-05 00:58:44,037 - AlertAvailableSessions - INFO - Login sonrası popup kapatıldı
2025-08-05 00:58:44,984 - AlertAvailableSessions - INFO - Seans Secim Buton was Clicked
2025-08-05 00:58:46,098 - AlertAvailableSessions - INFO - Branş dropdown açıldı
2025-08-05 00:58:47,202 - AlertAvailableSessions - INFO - TENİS seçildi
2025-08-05 00:58:48,085 - AlertAvailableSessions - INFO - Tesis dropdown açıldı
2025-08-05 00:58:49,173 - AlertAvailableSessions - INFO - MALTEPE SAHİL SPOR TESİSİ seçildi
2025-08-05 00:58:49,179 - AlertAvailableSessions - INFO - Get Sessions Info
2025-08-05 00:58:50,113 - AlertAvailableSessions - WARNING - No checkbox rendered for 06.08.2025 20:00 - 21:00
2025-08-05 00:59:44,409 - AlertAvailableSessions - INFO - Web Driver was started
2025-08-05 00:59:44,409 - AlertAvailableSessions - INFO - AlertAvailableSessions bot started
2025-08-05 00:59:54,162 - AlertAvailableSessions - INFO - Login Successfully
2025-08-05 00:59:54,263 - AlertAvailableSessions - INFO - Login sonrası popup kapatıldı
2025-08-05 00:59:54,918 - AlertAvailableSessions - INFO - Seans Secim Buton was Clicked
2025-08-05 00:59:56,049 - AlertAvailableSessions - INFO - Branş dropdown açıldı
2025-08-05 00:59:57,118 - AlertAvailableSessions - INFO - TENİS seçildi
2025-08-05 00:59:57,670 - AlertAvailableSessions - INFO - Tesis dropdown açıldı
2025-08-05 00:59:58,778 - AlertAvailableSessions - INFO - MALTEPE SAHİL SPOR TESİSİ seçildi
2025-08-05 00:59:58,794 - AlertAvailableSessions - INFO - Get Sessions Info
2025-08-05 00:59:59,455 - AlertAvailableSessions - WARNING - No checkbox rendered for 07.08.2025 21:00 - 22:00
2025-08-05 01:00:12,050 - AlertAvailableSessions - INFO - Web Driver was started
2025-08-05 01:00:12,051 - AlertAvailableSessions - INFO - AlertAvailableSessions bot started
2025-08-05 01:00:18,351 - AlertAvailableSessions - INFO - Login Successfully
2025-08-05 01:00:23,679 - AlertAvailableSessions - INFO - Login sonrası popup kapatıldı
2025-08-05 01:00:24,389 - AlertAvailableSessions - INFO - Seans Secim Buton was Clicked
2025-08-05 01:00:25,572 - AlertAvailableSessions - INFO - Branş dropdown açıldı
2025-08-05 01:00:26,641 - AlertAvailableSessions - INFO - TENİS seçildi
2025-08-05 01:00:27,324 - AlertAvailableSessions - INFO - Tesis dropdown açıldı
2025-08-05 01:00:28,424 - AlertAvailableSessions - INFO - MALTEPE SAHİL SPOR TESİSİ seçildi
2025-08-05 01:00:29,033 - AlertAvailableSessions - INFO - Get Sessions Info
2025-08-05 01:00:29,235 - AlertAvailableSessions - WARNING - No checkbox rendered for 06.08.2025 20:00 - 21:00
2025-08-05 01:05:07,852 - AlertAvailableSessions - INFO - Login Successfully
2025-08-05 01:05:12,438 - AlertAvailableSessions - INFO - Login sonrası popup kapatıldı
2025-08-05 01:05:13,071 - AlertAvailableSessions - INFO - Seans Secim Buton was Clicked
2025-08-05 01:05:14,183 - AlertAvailableSessions - INFO - Branş dropdown açıldı
2025-08-05 01:05:15,255 - AlertAvailableSessions - INFO - TENİS seçildi
2025-08-05 01:05:15,851 - AlertAvailableSessions - INFO - Tesis dropdown açıldı
2025-08-05 01:05:16,911 - AlertAvailableSessions - INFO - MALTEPE SAHİL SPOR TESİSİ seçildi
2025-08-05 01:05:17,873 - AlertAvailableSessions - INFO - Get Sessions Info
2025-08-05 01:05:18,019 - AlertAvailableSessions - WARNING - No checkbox rendered for 07.08.2025 21:00 - 22:00
2025-08-05 01:08:14,920 - AlertAvailableSessions - INFO - Web Driver was started
2025-08-05 01:08:14,920 - AlertAvailableSessions - INFO - AlertAvailableSessions bot started
2025-08-05 01:08:20,931 - AlertAvailableSessions - INFO - Login Successfully
2025-08-05 01:08:26,003 - AlertAvailableSessions - INFO - Login sonrası popup kapatıldı
2025-08-05 01:08:26,564 - AlertAvailableSessions - INFO - Seans Secim Buton was Clicked
2025-08-05 01:08:27,660 - AlertAvailableSessions - INFO - Branş dropdown açıldı
2025-08-05 01:08:28,731 - AlertAvailableSessions - INFO - TENİS seçildi
2025-08-05 01:08:29,307 - AlertAvailableSessions - INFO - Tesis dropdown açıldı
2025-08-05 01:08:30,387 - AlertAvailableSessions - INFO - MALTEPE SAHİL SPOR TESİSİ seçildi
2025-08-05 01:08:31,029 - AlertAvailableSessions - INFO - Get Sessions Info
2025-08-05 01:08:31,122 - AlertAvailableSessions - WARNING - No checkbox rendered for 07.08.2025 21:00 - 22:00
2025-08-05 01:08:44,418 - AlertAvailableSessions - INFO - Web Driver was started
2025-08-05 01:08:44,419 - AlertAvailableSessions - INFO - AlertAvailableSessions bot started
2025-08-05 01:08:50,595 - AlertAvailableSessions - INFO - Login Successfully
2025-08-05 01:08:55,502 - AlertAvailableSessions - INFO - Login sonrası popup kapatıldı
2025-08-05 01:08:56,188 - AlertAvailableSessions - INFO - Seans Secim Buton was Clicked
2025-08-05 01:08:57,304 - AlertAvailableSessions - INFO - Branş dropdown açıldı
2025-08-05 01:08:58,373 - AlertAvailableSessions - INFO - TENİS seçildi
2025-08-05 01:08:58,887 - AlertAvailableSessions - INFO - Tesis dropdown açıldı
2025-08-05 01:08:59,950 - AlertAvailableSessions - INFO - MALTEPE SAHİL SPOR TESİSİ seçildi
2025-08-05 01:09:00,476 - AlertAvailableSessions - INFO - Get Sessions Info
2025-08-05 01:09:00,548 - AlertAvailableSessions - WARNING - No checkbox rendered for 06.08.2025 20:00 - 21:00
2025-08-05 01:13:50,072 - AlertAvailableSessions - INFO - Login Successfully
2025-08-05 01:13:50,177 - AlertAvailableSessions - INFO - Login sonrası popup kapatıldı
2025-08-05 01:13:51,368 - AlertAvailableSessions - INFO - Seans Secim Buton was Clicked
2025-08-05 01:13:52,513 - AlertAvailableSessions - INFO - Branş dropdown açıldı
2025-08-05 01:13:53,619 - AlertAvailableSessions - INFO - TENİS seçildi
2025-08-05 01:13:54,326 - AlertAvailableSessions - INFO - Tesis dropdown açıldı
2025-08-05 01:13:55,424 - AlertAvailableSessions - INFO - MALTEPE SAHİL SPOR TESİSİ seçildi
2025-08-05 01:13:56,473 - AlertAvailableSessions - INFO - Get Sessions Info
2025-08-05 01:13:56,599 - AlertAvailableSessions - WARNING - No checkbox rendered for 07.08.2025 21:00 - 22:00
2025-08-05 01:16:17,268 - AlertAvailableSessions - INFO - Login Successfully
2025-08-05 01:16:17,391 - AlertAvailableSessions - INFO - Login sonrası popup kapatıldı
2025-08-05 01:16:18,431 - AlertAvailableSessions - INFO - Seans Secim Buton was Clicked
2025-08-05 01:16:19,560 - AlertAvailableSessions - INFO - Branş dropdown açıldı
2025-08-05 01:16:20,654 - AlertAvailableSessions - INFO - TENİS seçildi
2025-08-05 01:16:21,366 - AlertAvailableSessions - INFO - Tesis dropdown açıldı
2025-08-05 01:16:22,476 - AlertAvailableSessions - INFO - MALTEPE SAHİL SPOR TESİSİ seçildi
2025-08-05 01:16:23,092 - AlertAvailableSessions - INFO - Get Sessions Info
2025-08-05 01:16:23,198 - AlertAvailableSessions - WARNING - No checkbox rendered for 06.08.2025 20:00 - 21:00
2025-08-05 01:19:04,618 - AlertAvailableSessions - INFO - Login Successfully
2025-08-05 01:19:08,969 - AlertAvailableSessions - INFO - Login sonrası popup kapatıldı
2025-08-05 01:19:09,564 - AlertAvailableSessions - INFO - Seans Secim Buton was Clicked
2025-08-05 01:19:10,706 - AlertAvailableSessions - INFO - Branş dropdown açıldı
2025-08-05 01:19:11,764 - AlertAvailableSessions - INFO - TENİS seçildi
2025-08-05 01:19:12,264 - AlertAvailableSessions - INFO - Tesis dropdown açıldı
2025-08-05 01:19:13,345 - AlertAvailableSessions - INFO - MALTEPE SAHİL SPOR TESİSİ seçildi
2025-08-05 01:19:13,611 - AlertAvailableSessions - INFO - Get Sessions Info
2025-08-05 01:19:13,990 - AlertAvailableSessions - WARNING - No checkbox rendered for 07.08.2025 21:00 - 22:00
2025-08-05 01:23:32,626 - AlertAvailableSessions - INFO - Login Successfully
2025-08-05 01:23:44,214 - AlertAvailableSessions - INFO - Login sonrası popup kapatıldı
2025-08-05 01:23:45,366 - AlertAvailableSessions - INFO - Seans Secim Buton was Clicked
2025-08-05 01:23:46,521 - AlertAvailableSessions - INFO - Branş dropdown açıldı
2025-08-05 01:23:47,626 - AlertAvailableSessions - INFO - TENİS seçildi
2025-08-05 01:23:48,316 - AlertAvailableSessions - INFO - Tesis dropdown açıldı
2025-08-05 01:23:49,421 - AlertAvailableSessions - INFO - MALTEPE SAHİL SPOR TESİSİ seçildi
2025-08-05 01:23:50,015 - AlertAvailableSessions - INFO - Get Sessions Info
2025-08-05 01:23:50,144 - AlertAvailableSessions - WARNING - No checkbox rendered for 06.08.2025 20:00 - 21:00
2025-08-05 01:24:22,835 - AlertAvailableSessions - INFO - Login Successfully
2025-08-05 01:24:28,275 - AlertAvailableSessions - INFO - Login sonrası popup kapatıldı
2025-08-05 01:24:28,891 - AlertAvailableSessions - INFO - Seans Secim Buton was Clicked
2025-08-05 01:24:29,998 - AlertAvailableSessions - INFO - Branş dropdown açıldı
2025-08-05 01:24:31,056 - AlertAvailableSessions - INFO - TENİS seçildi
2025-08-05 01:24:31,536 - AlertAvailableSessions - INFO - Tesis dropdown açıldı
2025-08-05 01:24:32,595 - AlertAvailableSessions - INFO - MALTEPE SAHİL SPOR TESİSİ seçildi
2025-08-05 01:24:32,602 - AlertAvailableSessions - INFO - Get Sessions Info
2025-08-05 01:24:33,187 - AlertAvailableSessions - WARNING - No checkbox rendered for 07.08.2025 21:00 - 22:00
2025-08-05 01:29:42,021 - AlertAvailableSessions - INFO - Login Successfully
2025-08-05 01:29:47,251 - AlertAvailableSessions - INFO - Login sonrası popup kapatıldı
2025-08-05 01:29:48,206 - AlertAvailableSessions - INFO - Seans Secim Buton was Clicked
2025-08-05 01:29:49,332 - AlertAvailableSessions - INFO - Branş dropdown açıldı
2025-08-05 01:29:50,443 - AlertAvailableSessions - INFO - TENİS seçildi
2025-08-05 01:29:51,063 - AlertAvailableSessions - INFO - Tesis dropdown açıldı
2025-08-05 01:29:52,124 - AlertAvailableSessions - INFO - MALTEPE SAHİL SPOR TESİSİ seçildi
2025-08-05 01:29:52,131 - AlertAvailableSessions - INFO - Get Sessions Info
2025-08-05 01:29:52,819 - AlertAvailableSessions - WARNING - No checkbox rendered for 07.08.2025 21:00 - 22:00
2025-08-05 01:30:59,005 - AlertAvailableSessions - INFO - Login Successfully
2025-08-05 01:31:04,222 - AlertAvailableSessions - INFO - Login sonrası popup kapatıldı
2025-08-05 01:31:04,861 - AlertAvailableSessions - INFO - Seans Secim Buton was Clicked
2025-08-05 01:31:05,952 - AlertAvailableSessions - INFO - Branş dropdown açıldı
2025-08-05 01:31:07,048 - AlertAvailableSessions - INFO - TENİS seçildi
2025-08-05 01:31:08,108 - AlertAvailableSessions - INFO - Tesis dropdown açıldı
2025-08-05 01:31:09,177 - AlertAvailableSessions - INFO - MALTEPE SAHİL SPOR TESİSİ seçildi
2025-08-05 01:31:09,790 - AlertAvailableSessions - INFO - Get Sessions Info
2025-08-05 01:31:09,931 - AlertAvailableSessions - WARNING - No checkbox rendered for 06.08.2025 20:00 - 21:00
2025-08-05 01:35:01,631 - AlertAvailableSessions - INFO - Login Successfully
2025-08-05 01:35:06,955 - AlertAvailableSessions - INFO - Login sonrası popup kapatıldı
2025-08-05 01:35:07,542 - AlertAvailableSessions - INFO - Seans Secim Buton was Clicked
2025-08-05 01:35:08,666 - AlertAvailableSessions - INFO - Branş dropdown açıldı
2025-08-05 01:35:09,736 - AlertAvailableSessions - INFO - TENİS seçildi
2025-08-05 01:35:10,241 - AlertAvailableSessions - INFO - Tesis dropdown açıldı
2025-08-05 01:35:11,302 - AlertAvailableSessions - INFO - MALTEPE SAHİL SPOR TESİSİ seçildi
2025-08-05 01:35:11,850 - AlertAvailableSessions - INFO - Get Sessions Info
2025-08-05 01:35:11,924 - AlertAvailableSessions - WARNING - No checkbox rendered for 07.08.2025 21:00 - 22:00
2025-08-05 01:38:23,758 - AlertAvailableSessions - INFO - Login Successfully
2025-08-05 01:38:23,818 - AlertAvailableSessions - INFO - Login sonrası popup kapatıldı
2025-08-05 01:38:24,536 - AlertAvailableSessions - INFO - Seans Secim Buton was Clicked
2025-08-05 01:38:25,646 - AlertAvailableSessions - INFO - Branş dropdown açıldı
2025-08-05 01:38:26,717 - AlertAvailableSessions - INFO - TENİS seçildi
2025-08-05 01:38:27,332 - AlertAvailableSessions - INFO - Tesis dropdown açıldı
2025-08-05 01:38:28,406 - AlertAvailableSessions - INFO - MALTEPE SAHİL SPOR TESİSİ seçildi
2025-08-05 01:38:28,954 - AlertAvailableSessions - INFO - Get Sessions Info
2025-08-05 01:38:29,035 - AlertAvailableSessions - WARNING - No checkbox rendered for 06.08.2025 20:00 - 21:00
2025-08-05 01:40:25,486 - AlertAvailableSessions - INFO - Login Successfully
2025-08-05 01:40:25,543 - AlertAvailableSessions - INFO - Login sonrası popup kapatıldı
2025-08-05 01:40:26,241 - AlertAvailableSessions - INFO - Seans Secim Buton was Clicked
2025-08-05 01:40:27,338 - AlertAvailableSessions - INFO - Branş dropdown açıldı
2025-08-05 01:40:28,486 - AlertAvailableSessions - INFO - TENİS seçildi
2025-08-05 01:40:29,043 - AlertAvailableSessions - INFO - Tesis dropdown açıldı
2025-08-05 01:40:30,118 - AlertAvailableSessions - INFO - MALTEPE SAHİL SPOR TESİSİ seçildi
2025-08-05 01:40:30,676 - AlertAvailableSessions - INFO - Get Sessions Info
2025-08-05 01:40:30,836 - AlertAvailableSessions - WARNING - No checkbox rendered for 07.08.2025 21:00 - 22:00
2025-08-05 01:45:40,273 - AlertAvailableSessions - INFO - Login Successfully
2025-08-05 01:45:51,101 - AlertAvailableSessions - INFO - Login sonrası popup kapatıldı
2025-08-05 01:45:51,578 - AlertAvailableSessions - INFO - Login Successfully
2025-08-05 01:45:51,682 - AlertAvailableSessions - INFO - Login sonrası popup kapatıldı
2025-08-05 01:45:52,349 - AlertAvailableSessions - INFO - Seans Secim Buton was Clicked
2025-08-05 01:45:53,531 - AlertAvailableSessions - INFO - Branş dropdown açıldı
2025-08-05 01:45:54,588 - AlertAvailableSessions - INFO - TENİS seçildi
2025-08-05 01:45:55,086 - AlertAvailableSessions - INFO - Tesis dropdown açıldı
2025-08-05 01:45:56,173 - AlertAvailableSessions - INFO - MALTEPE SAHİL SPOR TESİSİ seçildi
2025-08-05 01:45:57,484 - AlertAvailableSessions - INFO - Get Sessions Info
2025-08-05 01:45:57,657 - AlertAvailableSessions - WARNING - No checkbox rendered for 07.08.2025 21:00 - 22:00
2025-08-05 01:46:02,008 - AlertAvailableSessions - ERROR - Seans Secim Buton was NOT Clicked: Message: 
Stacktrace:
	GetHandleVerifier [0x0x10aba83+63395]
	GetHandleVerifier [0x0x10abac4+63460]
	(No symbol) [0x0xef2113]
	(No symbol) [0x0xf3a85e]
	(No symbol) [0x0xf3abfb]
	(No symbol) [0x0xf82f92]
	(No symbol) [0x0xf5f3f4]
	(No symbol) [0x0xf807ba]
	(No symbol) [0x0xf5f1a6]
	(No symbol) [0x0xf2e7b2]
	(No symbol) [0x0xf2f654]
	GetHandleVerifier [0x0x1328883+2672035]
	GetHandleVerifier [0x0x1323cba+2652634]
	GetHandleVerifier [0x0x10d2bca+223466]
	GetHandleVerifier [0x0x10c2cb8+158168]
	GetHandleVerifier [0x0x10c978d+185517]
	GetHandleVerifier [0x0x10b3b78+96408]
	GetHandleVerifier [0x0x10b3d02+96802]
	GetHandleVerifier [0x0x109e90a+9770]
	BaseThreadInitThunk [0x0x76825d49+25]
	RtlInitializeExceptionChain [0x0x7725d2fb+107]
	RtlGetAppContainerNamedObjectPath [0x0x7725d281+561]

2025-08-05 01:51:11,337 - AlertAvailableSessions - INFO - Login Successfully
2025-08-05 01:51:11,398 - AlertAvailableSessions - INFO - Login sonrası popup kapatıldı
2025-08-05 01:51:12,892 - AlertAvailableSessions - INFO - Seans Secim Buton was Clicked
2025-08-05 01:51:14,011 - AlertAvailableSessions - INFO - Branş dropdown açıldı
2025-08-05 01:51:15,072 - AlertAvailableSessions - INFO - TENİS seçildi
2025-08-05 01:51:16,217 - AlertAvailableSessions - INFO - Tesis dropdown açıldı
2025-08-05 01:51:17,301 - AlertAvailableSessions - INFO - MALTEPE SAHİL SPOR TESİSİ seçildi
2025-08-05 01:51:18,417 - AlertAvailableSessions - INFO - Get Sessions Info
2025-08-05 01:51:18,595 - AlertAvailableSessions - WARNING - No checkbox rendered for 07.08.2025 21:00 - 22:00
2025-08-05 01:53:19,318 - AlertAvailableSessions - INFO - Login Successfully
2025-08-05 01:53:19,372 - AlertAvailableSessions - INFO - Login sonrası popup kapatıldı
2025-08-05 01:53:19,984 - AlertAvailableSessions - INFO - Seans Secim Buton was Clicked
2025-08-05 01:53:21,098 - AlertAvailableSessions - INFO - Branş dropdown açıldı
2025-08-05 01:53:22,189 - AlertAvailableSessions - INFO - TENİS seçildi
2025-08-05 01:53:22,720 - AlertAvailableSessions - INFO - Tesis dropdown açıldı
2025-08-05 01:53:23,785 - AlertAvailableSessions - INFO - MALTEPE SAHİL SPOR TESİSİ seçildi
2025-08-05 01:53:24,309 - AlertAvailableSessions - INFO - Get Sessions Info
2025-08-05 01:53:24,382 - AlertAvailableSessions - WARNING - No checkbox rendered for 06.08.2025 20:00 - 21:00
2025-08-05 01:56:27,372 - AlertAvailableSessions - INFO - Login Successfully
2025-08-05 01:56:33,017 - AlertAvailableSessions - INFO - Login sonrası popup kapatıldı
2025-08-05 01:56:33,956 - AlertAvailableSessions - INFO - Seans Secim Buton was Clicked
2025-08-05 01:56:35,040 - AlertAvailableSessions - INFO - Branş dropdown açıldı
2025-08-05 01:56:36,113 - AlertAvailableSessions - INFO - TENİS seçildi
2025-08-05 01:56:37,148 - AlertAvailableSessions - INFO - Tesis dropdown açıldı
2025-08-05 01:56:38,246 - AlertAvailableSessions - INFO - MALTEPE SAHİL SPOR TESİSİ seçildi
2025-08-05 01:56:38,255 - AlertAvailableSessions - INFO - Get Sessions Info
2025-08-05 01:56:39,138 - AlertAvailableSessions - WARNING - No checkbox rendered for 07.08.2025 21:00 - 22:00
2025-08-05 02:00:32,982 - AlertAvailableSessions - INFO - Login Successfully
2025-08-05 02:00:38,045 - AlertAvailableSessions - INFO - Login sonrası popup kapatıldı
2025-08-05 02:00:39,062 - AlertAvailableSessions - INFO - Seans Secim Buton was Clicked
2025-08-05 02:00:40,162 - AlertAvailableSessions - INFO - Branş dropdown açıldı
2025-08-05 02:00:41,237 - AlertAvailableSessions - INFO - TENİS seçildi
2025-08-05 02:00:41,756 - AlertAvailableSessions - INFO - Tesis dropdown açıldı
2025-08-05 02:00:42,842 - AlertAvailableSessions - INFO - MALTEPE SAHİL SPOR TESİSİ seçildi
2025-08-05 02:00:43,406 - AlertAvailableSessions - INFO - Get Sessions Info
2025-08-05 02:00:43,502 - AlertAvailableSessions - WARNING - No checkbox rendered for 06.08.2025 20:00 - 21:00
2025-08-05 02:01:47,632 - AlertAvailableSessions - INFO - Login Successfully
2025-08-05 02:01:52,720 - AlertAvailableSessions - INFO - Login sonrası popup kapatıldı
2025-08-05 02:01:53,603 - AlertAvailableSessions - INFO - Seans Secim Buton was Clicked
2025-08-05 02:01:54,710 - AlertAvailableSessions - INFO - Branş dropdown açıldı
2025-08-05 02:01:55,777 - AlertAvailableSessions - INFO - TENİS seçildi
2025-08-05 02:01:56,272 - AlertAvailableSessions - INFO - Tesis dropdown açıldı
2025-08-05 02:01:57,333 - AlertAvailableSessions - INFO - MALTEPE SAHİL SPOR TESİSİ seçildi
2025-08-05 02:01:57,593 - AlertAvailableSessions - INFO - Get Sessions Info
2025-08-05 02:01:58,060 - AlertAvailableSessions - WARNING - No checkbox rendered for 07.08.2025 21:00 - 22:00
2025-08-05 02:07:08,148 - AlertAvailableSessions - INFO - Login Successfully
2025-08-05 02:07:11,248 - AlertAvailableSessions - INFO - Popup mevcut değil, devam ediliyor
2025-08-05 02:07:11,886 - AlertAvailableSessions - INFO - Seans Secim Buton was Clicked
2025-08-05 02:07:12,983 - AlertAvailableSessions - INFO - Branş dropdown açıldı
2025-08-05 02:07:14,067 - AlertAvailableSessions - INFO - TENİS seçildi
2025-08-05 02:07:14,968 - AlertAvailableSessions - INFO - Tesis dropdown açıldı
2025-08-05 02:07:16,036 - AlertAvailableSessions - INFO - MALTEPE SAHİL SPOR TESİSİ seçildi
2025-08-05 02:07:16,682 - AlertAvailableSessions - INFO - Get Sessions Info
2025-08-05 02:07:16,777 - AlertAvailableSessions - WARNING - No checkbox rendered for 07.08.2025 21:00 - 22:00
2025-08-05 02:07:51,628 - AlertAvailableSessions - INFO - Login Successfully
2025-08-05 02:07:56,372 - AlertAvailableSessions - INFO - Login sonrası popup kapatıldı
2025-08-05 02:07:57,282 - AlertAvailableSessions - INFO - Seans Secim Buton was Clicked
2025-08-05 02:07:58,373 - AlertAvailableSessions - INFO - Branş dropdown açıldı
2025-08-05 02:07:59,438 - AlertAvailableSessions - INFO - TENİS seçildi
2025-08-05 02:08:00,374 - AlertAvailableSessions - INFO - Tesis dropdown açıldı
2025-08-05 02:08:01,461 - AlertAvailableSessions - INFO - MALTEPE SAHİL SPOR TESİSİ seçildi
2025-08-05 02:08:01,956 - AlertAvailableSessions - INFO - Get Sessions Info
2025-08-05 02:08:02,108 - AlertAvailableSessions - WARNING - No checkbox rendered for 06.08.2025 20:00 - 21:00
2025-08-05 02:12:30,646 - AlertAvailableSessions - INFO - Login Successfully
2025-08-05 02:12:30,717 - AlertAvailableSessions - INFO - Login sonrası popup kapatıldı
2025-08-05 02:12:31,365 - AlertAvailableSessions - INFO - Seans Secim Buton was Clicked
2025-08-05 02:12:32,445 - AlertAvailableSessions - INFO - Branş dropdown açıldı
2025-08-05 02:12:33,517 - AlertAvailableSessions - INFO - TENİS seçildi
2025-08-05 02:12:34,456 - AlertAvailableSessions - INFO - Tesis dropdown açıldı
2025-08-05 02:12:35,557 - AlertAvailableSessions - INFO - MALTEPE SAHİL SPOR TESİSİ seçildi
2025-08-05 02:12:36,101 - AlertAvailableSessions - INFO - Get Sessions Info
2025-08-05 02:12:36,257 - AlertAvailableSessions - WARNING - No checkbox rendered for 07.08.2025 21:00 - 22:00
2025-08-05 02:15:15,745 - AlertAvailableSessions - INFO - Login Successfully
2025-08-05 02:15:15,855 - AlertAvailableSessions - INFO - Login sonrası popup kapatıldı
2025-08-05 02:15:16,764 - AlertAvailableSessions - INFO - Seans Secim Buton was Clicked
2025-08-05 02:15:17,869 - AlertAvailableSessions - INFO - Branş dropdown açıldı
2025-08-05 02:15:18,946 - AlertAvailableSessions - INFO - TENİS seçildi
2025-08-05 02:15:19,427 - AlertAvailableSessions - INFO - Tesis dropdown açıldı
2025-08-05 02:15:20,508 - AlertAvailableSessions - INFO - MALTEPE SAHİL SPOR TESİSİ seçildi
2025-08-05 02:15:21,021 - AlertAvailableSessions - INFO - Get Sessions Info
2025-08-05 02:15:21,138 - AlertAvailableSessions - WARNING - No checkbox rendered for 06.08.2025 20:00 - 21:00
2025-08-05 02:17:45,541 - AlertAvailableSessions - INFO - Login Successfully
2025-08-05 02:17:51,135 - AlertAvailableSessions - INFO - Login sonrası popup kapatıldı
2025-08-05 02:17:51,684 - AlertAvailableSessions - INFO - Seans Secim Buton was Clicked
2025-08-05 02:17:52,765 - AlertAvailableSessions - INFO - Branş dropdown açıldı
2025-08-05 02:17:53,834 - AlertAvailableSessions - INFO - TENİS seçildi
2025-08-05 02:17:54,834 - AlertAvailableSessions - INFO - Tesis dropdown açıldı
2025-08-05 02:17:55,910 - AlertAvailableSessions - INFO - MALTEPE SAHİL SPOR TESİSİ seçildi
2025-08-05 02:17:56,445 - AlertAvailableSessions - INFO - Get Sessions Info
2025-08-05 02:17:56,567 - AlertAvailableSessions - WARNING - No checkbox rendered for 07.08.2025 21:00 - 22:00
2025-08-05 02:22:29,817 - AlertAvailableSessions - INFO - Login Successfully
2025-08-05 02:22:34,780 - AlertAvailableSessions - INFO - Login sonrası popup kapatıldı
2025-08-05 02:22:35,765 - AlertAvailableSessions - INFO - Seans Secim Buton was Clicked
2025-08-05 02:22:36,862 - AlertAvailableSessions - INFO - Branş dropdown açıldı
2025-08-05 02:22:37,947 - AlertAvailableSessions - INFO - TENİS seçildi
2025-08-05 02:22:38,924 - AlertAvailableSessions - INFO - Tesis dropdown açıldı
2025-08-05 02:22:40,021 - AlertAvailableSessions - INFO - MALTEPE SAHİL SPOR TESİSİ seçildi
2025-08-05 02:22:40,030 - AlertAvailableSessions - INFO - Get Sessions Info
2025-08-05 02:22:41,050 - AlertAvailableSessions - WARNING - No checkbox rendered for 06.08.2025 20:00 - 21:00
2025-08-05 02:23:05,128 - AlertAvailableSessions - INFO - Login Successfully
2025-08-05 02:23:10,799 - AlertAvailableSessions - INFO - Login sonrası popup kapatıldı
2025-08-05 02:23:11,315 - AlertAvailableSessions - INFO - Seans Secim Buton was Clicked
2025-08-05 02:23:12,406 - AlertAvailableSessions - INFO - Branş dropdown açıldı
2025-08-05 02:23:13,470 - AlertAvailableSessions - INFO - TENİS seçildi
2025-08-05 02:23:13,963 - AlertAvailableSessions - INFO - Tesis dropdown açıldı
2025-08-05 02:23:15,029 - AlertAvailableSessions - INFO - MALTEPE SAHİL SPOR TESİSİ seçildi
2025-08-05 02:23:15,577 - AlertAvailableSessions - INFO - Get Sessions Info
2025-08-05 02:23:15,689 - AlertAvailableSessions - WARNING - No checkbox rendered for 07.08.2025 21:00 - 22:00
2025-08-05 02:28:25,845 - AlertAvailableSessions - INFO - Login Successfully
2025-08-05 02:28:28,959 - AlertAvailableSessions - INFO - Popup mevcut değil, devam ediliyor
2025-08-05 02:28:29,558 - AlertAvailableSessions - INFO - Seans Secim Buton was Clicked
2025-08-05 02:28:30,693 - AlertAvailableSessions - INFO - Branş dropdown açıldı
2025-08-05 02:28:31,793 - AlertAvailableSessions - INFO - TENİS seçildi
2025-08-05 02:28:33,330 - AlertAvailableSessions - INFO - Tesis dropdown açıldı
2025-08-05 02:28:34,392 - AlertAvailableSessions - INFO - MALTEPE SAHİL SPOR TESİSİ seçildi
2025-08-05 02:28:34,888 - AlertAvailableSessions - INFO - Get Sessions Info
2025-08-05 02:28:34,971 - AlertAvailableSessions - WARNING - No checkbox rendered for 07.08.2025 21:00 - 22:00
2025-08-05 02:29:49,602 - AlertAvailableSessions - INFO - Login Successfully
2025-08-05 02:29:54,959 - AlertAvailableSessions - INFO - Login sonrası popup kapatıldı
2025-08-05 02:29:55,958 - AlertAvailableSessions - INFO - Seans Secim Buton was Clicked
2025-08-05 02:29:57,070 - AlertAvailableSessions - INFO - Branş dropdown açıldı
2025-08-05 02:29:58,160 - AlertAvailableSessions - INFO - TENİS seçildi
2025-08-05 02:29:59,183 - AlertAvailableSessions - INFO - Tesis dropdown açıldı
2025-08-05 02:30:00,254 - AlertAvailableSessions - INFO - MALTEPE SAHİL SPOR TESİSİ seçildi
2025-08-05 02:30:00,261 - AlertAvailableSessions - INFO - Get Sessions Info
2025-08-05 02:30:00,973 - AlertAvailableSessions - WARNING - No checkbox rendered for 06.08.2025 20:00 - 21:00
2025-08-05 02:33:43,380 - AlertAvailableSessions - INFO - Login Successfully
2025-08-05 02:33:48,378 - AlertAvailableSessions - INFO - Login sonrası popup kapatıldı
2025-08-05 02:33:48,963 - AlertAvailableSessions - INFO - Seans Secim Buton was Clicked
2025-08-05 02:33:50,073 - AlertAvailableSessions - INFO - Branş dropdown açıldı
2025-08-05 02:33:51,170 - AlertAvailableSessions - INFO - TENİS seçildi
2025-08-05 02:33:52,111 - AlertAvailableSessions - INFO - Tesis dropdown açıldı
2025-08-05 02:33:53,205 - AlertAvailableSessions - INFO - MALTEPE SAHİL SPOR TESİSİ seçildi
2025-08-05 02:33:53,217 - AlertAvailableSessions - INFO - Get Sessions Info
2025-08-05 02:33:53,827 - AlertAvailableSessions - WARNING - No checkbox rendered for 07.08.2025 21:00 - 22:00
2025-08-05 02:37:09,605 - AlertAvailableSessions - INFO - Login Successfully
2025-08-05 02:37:14,896 - AlertAvailableSessions - INFO - Login sonrası popup kapatıldı
2025-08-05 02:37:15,466 - AlertAvailableSessions - INFO - Seans Secim Buton was Clicked
2025-08-05 02:37:16,567 - AlertAvailableSessions - INFO - Branş dropdown açıldı
2025-08-05 02:37:17,648 - AlertAvailableSessions - INFO - TENİS seçildi
2025-08-05 02:37:18,144 - AlertAvailableSessions - INFO - Tesis dropdown açıldı
2025-08-05 02:37:19,231 - AlertAvailableSessions - INFO - MALTEPE SAHİL SPOR TESİSİ seçildi
2025-08-05 02:37:19,239 - AlertAvailableSessions - INFO - Get Sessions Info
2025-08-05 02:37:19,845 - AlertAvailableSessions - WARNING - No checkbox rendered for 06.08.2025 20:00 - 21:00
2025-08-05 02:39:07,017 - AlertAvailableSessions - INFO - Login Successfully
2025-08-05 02:39:07,204 - AlertAvailableSessions - INFO - Login sonrası popup kapatıldı
2025-08-05 02:39:07,749 - AlertAvailableSessions - INFO - Seans Secim Buton was Clicked
2025-08-05 02:39:08,847 - AlertAvailableSessions - INFO - Branş dropdown açıldı
2025-08-05 02:39:09,915 - AlertAvailableSessions - INFO - TENİS seçildi
2025-08-05 02:39:10,431 - AlertAvailableSessions - INFO - Tesis dropdown açıldı
2025-08-05 02:39:11,493 - AlertAvailableSessions - INFO - MALTEPE SAHİL SPOR TESİSİ seçildi
2025-08-05 02:39:12,011 - AlertAvailableSessions - INFO - Get Sessions Info
2025-08-05 02:39:12,087 - AlertAvailableSessions - WARNING - No checkbox rendered for 07.08.2025 21:00 - 22:00
2025-08-05 02:44:20,357 - AlertAvailableSessions - INFO - Login Successfully
2025-08-05 02:44:23,687 - AlertAvailableSessions - INFO - Popup mevcut değil, devam ediliyor
2025-08-05 02:44:24,451 - AlertAvailableSessions - INFO - Seans Secim Buton was Clicked
2025-08-05 02:44:25,577 - AlertAvailableSessions - INFO - Branş dropdown açıldı
2025-08-05 02:44:26,665 - AlertAvailableSessions - INFO - TENİS seçildi
2025-08-05 02:44:27,938 - AlertAvailableSessions - INFO - Tesis dropdown açıldı
2025-08-05 02:44:28,872 - AlertAvailableSessions - INFO - Login Successfully
2025-08-05 02:44:29,025 - AlertAvailableSessions - INFO - MALTEPE SAHİL SPOR TESİSİ seçildi
2025-08-05 02:44:29,547 - AlertAvailableSessions - INFO - Get Sessions Info
2025-08-05 02:44:34,139 - AlertAvailableSessions - INFO - Login sonrası popup kapatıldı
2025-08-05 02:44:34,904 - AlertAvailableSessions - INFO - Seans Secim Buton was Clicked
2025-08-05 02:44:36,072 - AlertAvailableSessions - INFO - Branş dropdown açıldı
2025-08-05 02:44:37,183 - AlertAvailableSessions - INFO - TENİS seçildi
2025-08-05 02:44:37,732 - AlertAvailableSessions - INFO - Tesis dropdown açıldı
2025-08-05 02:44:38,827 - AlertAvailableSessions - INFO - MALTEPE SAHİL SPOR TESİSİ seçildi
2025-08-05 02:44:39,384 - AlertAvailableSessions - INFO - Get Sessions Info
2025-08-05 02:44:39,471 - AlertAvailableSessions - WARNING - No checkbox rendered for 06.08.2025 20:00 - 21:00
2025-08-05 02:44:39,843 - AlertAvailableSessions - ERROR - ❌ Hata: Message: 
Stacktrace:
	GetHandleVerifier [0x0x10aba83+63395]
	GetHandleVerifier [0x0x10abac4+63460]
	(No symbol) [0x0xef2113]
	(No symbol) [0x0xf3a85e]
	(No symbol) [0x0xf3abfb]
	(No symbol) [0x0xf82f92]
	(No symbol) [0x0xf5f3f4]
	(No symbol) [0x0xf807ba]
	(No symbol) [0x0xf5f1a6]
	(No symbol) [0x0xf2e7b2]
	(No symbol) [0x0xf2f654]
	GetHandleVerifier [0x0x1328883+2672035]
	GetHandleVerifier [0x0x1323cba+2652634]
	GetHandleVerifier [0x0x10d2bca+223466]
	GetHandleVerifier [0x0x10c2cb8+158168]
	GetHandleVerifier [0x0x10c978d+185517]
	GetHandleVerifier [0x0x10b3b78+96408]
	GetHandleVerifier [0x0x10b3d02+96802]
	GetHandleVerifier [0x0x109e90a+9770]
	BaseThreadInitThunk [0x0x76825d49+25]
	RtlInitializeExceptionChain [0x0x7725d2fb+107]
	RtlGetAppContainerNamedObjectPath [0x0x7725d281+561]

2025-08-05 02:49:53,699 - AlertAvailableSessions - INFO - Login Successfully
2025-08-05 02:49:53,796 - AlertAvailableSessions - INFO - Login sonrası popup kapatıldı
2025-08-05 02:49:54,380 - AlertAvailableSessions - INFO - Seans Secim Buton was Clicked
2025-08-05 02:49:55,474 - AlertAvailableSessions - INFO - Branş dropdown açıldı
2025-08-05 02:49:56,537 - AlertAvailableSessions - INFO - TENİS seçildi
2025-08-05 02:49:57,023 - AlertAvailableSessions - INFO - Tesis dropdown açıldı
2025-08-05 02:49:58,089 - AlertAvailableSessions - INFO - MALTEPE SAHİL SPOR TESİSİ seçildi
2025-08-05 02:49:58,633 - AlertAvailableSessions - INFO - Get Sessions Info
2025-08-05 02:49:58,707 - AlertAvailableSessions - WARNING - No checkbox rendered for 07.08.2025 21:00 - 22:00
2025-08-05 02:51:47,949 - AlertAvailableSessions - INFO - Login Successfully
2025-08-05 02:51:52,958 - AlertAvailableSessions - INFO - Login sonrası popup kapatıldı
2025-08-05 02:51:53,954 - AlertAvailableSessions - INFO - Seans Secim Buton was Clicked
2025-08-05 02:51:55,036 - AlertAvailableSessions - INFO - Branş dropdown açıldı
2025-08-05 02:51:56,102 - AlertAvailableSessions - INFO - TENİS seçildi
2025-08-05 02:51:56,590 - AlertAvailableSessions - INFO - Tesis dropdown açıldı
2025-08-05 02:51:57,691 - AlertAvailableSessions - INFO - MALTEPE SAHİL SPOR TESİSİ seçildi
2025-08-05 02:51:58,260 - AlertAvailableSessions - INFO - Get Sessions Info
2025-08-05 02:51:58,381 - AlertAvailableSessions - WARNING - No checkbox rendered for 06.08.2025 20:00 - 21:00
2025-08-05 02:55:12,143 - AlertAvailableSessions - INFO - Login Successfully
2025-08-05 02:55:12,283 - AlertAvailableSessions - INFO - Login sonrası popup kapatıldı
2025-08-05 02:55:12,878 - AlertAvailableSessions - INFO - Seans Secim Buton was Clicked
2025-08-05 02:55:13,975 - AlertAvailableSessions - INFO - Branş dropdown açıldı
2025-08-05 02:55:15,051 - AlertAvailableSessions - INFO - TENİS seçildi
2025-08-05 02:55:15,552 - AlertAvailableSessions - INFO - Tesis dropdown açıldı
2025-08-05 02:55:16,623 - AlertAvailableSessions - INFO - MALTEPE SAHİL SPOR TESİSİ seçildi
2025-08-05 02:55:17,148 - AlertAvailableSessions - INFO - Get Sessions Info
2025-08-05 02:55:17,224 - AlertAvailableSessions - WARNING - No checkbox rendered for 07.08.2025 21:00 - 22:00
2025-08-05 02:59:08,839 - AlertAvailableSessions - INFO - Login Successfully
2025-08-05 02:59:11,924 - AlertAvailableSessions - INFO - Popup mevcut değil, devam ediliyor
2025-08-05 02:59:12,570 - AlertAvailableSessions - INFO - Seans Secim Buton was Clicked
2025-08-05 02:59:13,706 - AlertAvailableSessions - INFO - Branş dropdown açıldı
2025-08-05 02:59:14,784 - AlertAvailableSessions - INFO - TENİS seçildi
2025-08-05 02:59:15,344 - AlertAvailableSessions - INFO - Tesis dropdown açıldı
2025-08-05 02:59:16,444 - AlertAvailableSessions - INFO - MALTEPE SAHİL SPOR TESİSİ seçildi
2025-08-05 02:59:17,031 - AlertAvailableSessions - INFO - Get Sessions Info
2025-08-05 02:59:17,134 - AlertAvailableSessions - WARNING - No checkbox rendered for 06.08.2025 20:00 - 21:00
2025-08-05 03:00:30,566 - AlertAvailableSessions - INFO - Login Successfully
2025-08-05 03:00:30,719 - AlertAvailableSessions - INFO - Login sonrası popup kapatıldı
2025-08-05 03:00:31,610 - AlertAvailableSessions - INFO - Seans Secim Buton was Clicked
2025-08-05 03:00:32,698 - AlertAvailableSessions - INFO - Branş dropdown açıldı
2025-08-05 03:00:33,773 - AlertAvailableSessions - INFO - TENİS seçildi
2025-08-05 03:00:34,317 - AlertAvailableSessions - INFO - Tesis dropdown açıldı
2025-08-05 03:00:35,387 - AlertAvailableSessions - INFO - MALTEPE SAHİL SPOR TESİSİ seçildi
2025-08-05 03:00:36,137 - AlertAvailableSessions - INFO - Get Sessions Info
2025-08-05 03:00:36,334 - AlertAvailableSessions - WARNING - No checkbox rendered for 07.08.2025 21:00 - 22:00
2025-08-05 03:05:46,572 - AlertAvailableSessions - INFO - Login Successfully
2025-08-05 03:05:49,653 - AlertAvailableSessions - INFO - Popup mevcut değil, devam ediliyor
2025-08-05 03:05:50,243 - AlertAvailableSessions - INFO - Seans Secim Buton was Clicked
2025-08-05 03:05:51,347 - AlertAvailableSessions - INFO - Branş dropdown açıldı
2025-08-05 03:05:52,417 - AlertAvailableSessions - INFO - TENİS seçildi
2025-08-05 03:05:53,513 - AlertAvailableSessions - INFO - Tesis dropdown açıldı
2025-08-05 03:05:54,582 - AlertAvailableSessions - INFO - MALTEPE SAHİL SPOR TESİSİ seçildi
2025-08-05 03:05:55,155 - AlertAvailableSessions - INFO - Get Sessions Info
2025-08-05 03:05:55,253 - AlertAvailableSessions - WARNING - No checkbox rendered for 07.08.2025 21:00 - 22:00
2025-08-05 03:06:27,402 - AlertAvailableSessions - INFO - Login Successfully
2025-08-05 03:06:30,505 - AlertAvailableSessions - INFO - Popup mevcut değil, devam ediliyor
2025-08-05 03:06:31,075 - AlertAvailableSessions - INFO - Seans Secim Buton was Clicked
2025-08-05 03:06:32,183 - AlertAvailableSessions - INFO - Branş dropdown açıldı
2025-08-05 03:06:33,285 - AlertAvailableSessions - INFO - TENİS seçildi
2025-08-05 03:06:34,887 - AlertAvailableSessions - INFO - Tesis dropdown açıldı
2025-08-05 03:06:35,959 - AlertAvailableSessions - INFO - MALTEPE SAHİL SPOR TESİSİ seçildi
2025-08-05 03:06:36,549 - AlertAvailableSessions - INFO - Get Sessions Info
2025-08-05 03:06:36,689 - AlertAvailableSessions - WARNING - No checkbox rendered for 06.08.2025 20:00 - 21:00
2025-08-05 03:11:08,773 - AlertAvailableSessions - INFO - Login Successfully
2025-08-05 03:11:08,889 - AlertAvailableSessions - INFO - Login sonrası popup kapatıldı
2025-08-05 03:11:09,423 - AlertAvailableSessions - INFO - Seans Secim Buton was Clicked
2025-08-05 03:11:10,521 - AlertAvailableSessions - INFO - Branş dropdown açıldı
2025-08-05 03:11:11,608 - AlertAvailableSessions - INFO - TENİS seçildi
2025-08-05 03:11:12,599 - AlertAvailableSessions - INFO - Tesis dropdown açıldı
2025-08-05 03:11:13,677 - AlertAvailableSessions - INFO - MALTEPE SAHİL SPOR TESİSİ seçildi
2025-08-05 03:11:14,238 - AlertAvailableSessions - INFO - Get Sessions Info
2025-08-05 03:11:14,328 - AlertAvailableSessions - WARNING - No checkbox rendered for 07.08.2025 21:00 - 22:00
2025-08-05 03:13:44,884 - AlertAvailableSessions - INFO - Login Successfully
2025-08-05 03:13:50,468 - AlertAvailableSessions - INFO - Login sonrası popup kapatıldı
2025-08-05 03:13:51,042 - AlertAvailableSessions - INFO - Seans Secim Buton was Clicked
2025-08-05 03:13:52,136 - AlertAvailableSessions - INFO - Branş dropdown açıldı
2025-08-05 03:13:53,201 - AlertAvailableSessions - INFO - TENİS seçildi
2025-08-05 03:13:53,705 - AlertAvailableSessions - INFO - Tesis dropdown açıldı
2025-08-05 03:13:54,763 - AlertAvailableSessions - INFO - MALTEPE SAHİL SPOR TESİSİ seçildi
2025-08-05 03:13:55,291 - AlertAvailableSessions - INFO - Get Sessions Info
2025-08-05 03:13:55,425 - AlertAvailableSessions - WARNING - No checkbox rendered for 06.08.2025 20:00 - 21:00
2025-08-05 03:16:22,979 - AlertAvailableSessions - INFO - Login Successfully
2025-08-05 03:16:28,198 - AlertAvailableSessions - INFO - Login sonrası popup kapatıldı
2025-08-05 03:16:28,920 - AlertAvailableSessions - INFO - Seans Secim Buton was Clicked
2025-08-05 03:16:30,011 - AlertAvailableSessions - INFO - Branş dropdown açıldı
2025-08-05 03:16:31,068 - AlertAvailableSessions - INFO - TENİS seçildi
2025-08-05 03:16:31,608 - AlertAvailableSessions - INFO - Tesis dropdown açıldı
2025-08-05 03:16:32,682 - AlertAvailableSessions - INFO - MALTEPE SAHİL SPOR TESİSİ seçildi
2025-08-05 03:16:32,690 - AlertAvailableSessions - INFO - Get Sessions Info
2025-08-05 03:16:33,313 - AlertAvailableSessions - WARNING - No checkbox rendered for 07.08.2025 21:00 - 22:00
2025-08-05 03:21:04,252 - AlertAvailableSessions - INFO - Login Successfully
2025-08-05 03:21:09,699 - AlertAvailableSessions - INFO - Login sonrası popup kapatıldı
2025-08-05 03:21:10,404 - AlertAvailableSessions - INFO - Seans Secim Buton was Clicked
2025-08-05 03:21:11,512 - AlertAvailableSessions - INFO - Branş dropdown açıldı
2025-08-05 03:21:12,585 - AlertAvailableSessions - INFO - TENİS seçildi
2025-08-05 03:21:13,183 - AlertAvailableSessions - INFO - Tesis dropdown açıldı
2025-08-05 03:21:14,268 - AlertAvailableSessions - INFO - MALTEPE SAHİL SPOR TESİSİ seçildi
2025-08-05 03:21:14,274 - AlertAvailableSessions - INFO - Get Sessions Info
2025-08-05 03:21:14,936 - AlertAvailableSessions - WARNING - No checkbox rendered for 06.08.2025 20:00 - 21:00
2025-08-05 03:21:46,507 - AlertAvailableSessions - INFO - Login Successfully
2025-08-05 03:21:46,639 - AlertAvailableSessions - INFO - Login sonrası popup kapatıldı
2025-08-05 03:21:47,270 - AlertAvailableSessions - INFO - Seans Secim Buton was Clicked
2025-08-05 03:21:48,395 - AlertAvailableSessions - INFO - Branş dropdown açıldı
2025-08-05 03:21:49,460 - AlertAvailableSessions - INFO - TENİS seçildi
2025-08-05 03:21:50,130 - AlertAvailableSessions - INFO - Tesis dropdown açıldı
2025-08-05 03:21:51,198 - AlertAvailableSessions - INFO - MALTEPE SAHİL SPOR TESİSİ seçildi
2025-08-05 03:21:51,748 - AlertAvailableSessions - INFO - Get Sessions Info
2025-08-05 03:21:51,825 - AlertAvailableSessions - WARNING - No checkbox rendered for 07.08.2025 21:00 - 22:00
2025-08-05 03:27:00,475 - AlertAvailableSessions - INFO - Login Successfully
2025-08-05 03:27:09,557 - AlertAvailableSessions - INFO - Login sonrası popup kapatıldı
2025-08-05 03:27:10,080 - AlertAvailableSessions - INFO - Seans Secim Buton was Clicked
2025-08-05 03:27:11,168 - AlertAvailableSessions - INFO - Branş dropdown açıldı
2025-08-05 03:27:12,251 - AlertAvailableSessions - INFO - TENİS seçildi
2025-08-05 03:27:12,827 - AlertAvailableSessions - INFO - Tesis dropdown açıldı
2025-08-05 03:27:13,918 - AlertAvailableSessions - INFO - MALTEPE SAHİL SPOR TESİSİ seçildi
2025-08-05 03:27:14,446 - AlertAvailableSessions - INFO - Get Sessions Info
2025-08-05 03:27:14,563 - AlertAvailableSessions - WARNING - No checkbox rendered for 07.08.2025 21:00 - 22:00
2025-08-05 03:28:29,571 - AlertAvailableSessions - INFO - Login Successfully
2025-08-05 03:28:29,741 - AlertAvailableSessions - INFO - Login sonrası popup kapatıldı
2025-08-05 03:28:30,331 - AlertAvailableSessions - INFO - Seans Secim Buton was Clicked
2025-08-05 03:28:31,422 - AlertAvailableSessions - INFO - Branş dropdown açıldı
2025-08-05 03:28:32,498 - AlertAvailableSessions - INFO - TENİS seçildi
2025-08-05 03:28:32,993 - AlertAvailableSessions - INFO - Tesis dropdown açıldı
2025-08-05 03:28:34,059 - AlertAvailableSessions - INFO - MALTEPE SAHİL SPOR TESİSİ seçildi
2025-08-05 03:28:34,625 - AlertAvailableSessions - INFO - Get Sessions Info
2025-08-05 03:28:34,743 - AlertAvailableSessions - WARNING - No checkbox rendered for 06.08.2025 20:00 - 21:00
2025-08-05 03:32:23,260 - AlertAvailableSessions - INFO - Login Successfully
2025-08-05 03:32:28,490 - AlertAvailableSessions - INFO - Login sonrası popup kapatıldı
2025-08-05 03:32:29,485 - AlertAvailableSessions - INFO - Seans Secim Buton was Clicked
2025-08-05 03:32:30,567 - AlertAvailableSessions - INFO - Branş dropdown açıldı
2025-08-05 03:32:31,637 - AlertAvailableSessions - INFO - TENİS seçildi
2025-08-05 03:32:32,181 - AlertAvailableSessions - INFO - Tesis dropdown açıldı
2025-08-05 03:32:33,266 - AlertAvailableSessions - INFO - MALTEPE SAHİL SPOR TESİSİ seçildi
2025-08-05 03:32:33,273 - AlertAvailableSessions - INFO - Get Sessions Info
2025-08-05 03:32:33,942 - AlertAvailableSessions - WARNING - No checkbox rendered for 07.08.2025 21:00 - 22:00
2025-08-05 03:35:43,479 - AlertAvailableSessions - INFO - Login Successfully
2025-08-05 03:35:48,615 - AlertAvailableSessions - INFO - Login sonrası popup kapatıldı
2025-08-05 03:35:49,228 - AlertAvailableSessions - INFO - Seans Secim Buton was Clicked
2025-08-05 03:35:50,339 - AlertAvailableSessions - INFO - Branş dropdown açıldı
2025-08-05 03:35:51,395 - AlertAvailableSessions - INFO - TENİS seçildi
2025-08-05 03:35:52,420 - AlertAvailableSessions - INFO - Tesis dropdown açıldı
2025-08-05 03:35:53,521 - AlertAvailableSessions - INFO - MALTEPE SAHİL SPOR TESİSİ seçildi
2025-08-05 03:35:53,532 - AlertAvailableSessions - INFO - Get Sessions Info
2025-08-05 03:35:54,381 - AlertAvailableSessions - WARNING - No checkbox rendered for 06.08.2025 20:00 - 21:00
2025-08-05 03:37:46,392 - AlertAvailableSessions - INFO - Login Successfully
2025-08-05 03:37:46,487 - AlertAvailableSessions - INFO - Login sonrası popup kapatıldı
2025-08-05 03:37:47,571 - AlertAvailableSessions - INFO - Seans Secim Buton was Clicked
2025-08-05 03:37:48,662 - AlertAvailableSessions - INFO - Branş dropdown açıldı
2025-08-05 03:37:49,726 - AlertAvailableSessions - INFO - TENİS seçildi
2025-08-05 03:37:50,692 - AlertAvailableSessions - INFO - Tesis dropdown açıldı
2025-08-05 03:37:51,748 - AlertAvailableSessions - INFO - MALTEPE SAHİL SPOR TESİSİ seçildi
2025-08-05 03:37:52,389 - AlertAvailableSessions - INFO - Get Sessions Info
2025-08-05 03:37:52,563 - AlertAvailableSessions - WARNING - No checkbox rendered for 07.08.2025 21:00 - 22:00
2025-08-05 03:43:12,211 - AlertAvailableSessions - INFO - Login Successfully
2025-08-05 03:43:12,345 - AlertAvailableSessions - INFO - Login sonrası popup kapatıldı
2025-08-05 03:43:14,103 - AlertAvailableSessions - INFO - Login Successfully
2025-08-05 03:43:14,193 - AlertAvailableSessions - INFO - Login sonrası popup kapatıldı
2025-08-05 03:43:15,414 - AlertAvailableSessions - INFO - Seans Secim Buton was Clicked
2025-08-05 03:43:16,529 - AlertAvailableSessions - INFO - Branş dropdown açıldı
2025-08-05 03:43:17,617 - AlertAvailableSessions - INFO - TENİS seçildi
2025-08-05 03:43:18,891 - AlertAvailableSessions - INFO - Tesis dropdown açıldı
2025-08-05 03:43:19,995 - AlertAvailableSessions - INFO - MALTEPE SAHİL SPOR TESİSİ seçildi
2025-08-05 03:43:20,578 - AlertAvailableSessions - INFO - Get Sessions Info
2025-08-05 03:43:20,757 - AlertAvailableSessions - WARNING - No checkbox rendered for 06.08.2025 20:00 - 21:00
2025-08-05 03:43:23,204 - AlertAvailableSessions - ERROR - Seans Secim Buton was NOT Clicked: Message: 
Stacktrace:
	GetHandleVerifier [0x0x10aba83+63395]
	GetHandleVerifier [0x0x10abac4+63460]
	(No symbol) [0x0xef2113]
	(No symbol) [0x0xf3a85e]
	(No symbol) [0x0xf3abfb]
	(No symbol) [0x0xf82f92]
	(No symbol) [0x0xf5f3f4]
	(No symbol) [0x0xf807ba]
	(No symbol) [0x0xf5f1a6]
	(No symbol) [0x0xf2e7b2]
	(No symbol) [0x0xf2f654]
	GetHandleVerifier [0x0x1328883+2672035]
	GetHandleVerifier [0x0x1323cba+2652634]
	GetHandleVerifier [0x0x10d2bca+223466]
	GetHandleVerifier [0x0x10c2cb8+158168]
	GetHandleVerifier [0x0x10c978d+185517]
	GetHandleVerifier [0x0x10b3b78+96408]
	GetHandleVerifier [0x0x10b3d02+96802]
	GetHandleVerifier [0x0x109e90a+9770]
	BaseThreadInitThunk [0x0x76825d49+25]
	RtlInitializeExceptionChain [0x0x7725d2fb+107]
	RtlGetAppContainerNamedObjectPath [0x0x7725d281+561]

2025-08-05 03:48:41,908 - AlertAvailableSessions - INFO - Login Successfully
2025-08-05 03:48:41,992 - AlertAvailableSessions - INFO - Login sonrası popup kapatıldı
2025-08-05 03:48:42,681 - AlertAvailableSessions - INFO - Seans Secim Buton was Clicked
2025-08-05 03:48:43,771 - AlertAvailableSessions - INFO - Branş dropdown açıldı
2025-08-05 03:48:44,856 - AlertAvailableSessions - INFO - TENİS seçildi
2025-08-05 03:48:45,996 - AlertAvailableSessions - INFO - Tesis dropdown açıldı
2025-08-05 03:48:47,060 - AlertAvailableSessions - INFO - MALTEPE SAHİL SPOR TESİSİ seçildi
2025-08-05 03:48:47,800 - AlertAvailableSessions - INFO - Get Sessions Info
2025-08-05 03:48:47,878 - AlertAvailableSessions - WARNING - No checkbox rendered for 07.08.2025 21:00 - 22:00
2025-08-05 03:50:34,624 - AlertAvailableSessions - INFO - Login Successfully
2025-08-05 03:50:34,728 - AlertAvailableSessions - INFO - Login sonrası popup kapatıldı
2025-08-05 03:50:35,324 - AlertAvailableSessions - INFO - Seans Secim Buton was Clicked
2025-08-05 03:50:36,420 - AlertAvailableSessions - INFO - Branş dropdown açıldı
2025-08-05 03:50:37,527 - AlertAvailableSessions - INFO - TENİS seçildi
2025-08-05 03:50:38,052 - AlertAvailableSessions - INFO - Tesis dropdown açıldı
2025-08-05 03:50:39,141 - AlertAvailableSessions - INFO - MALTEPE SAHİL SPOR TESİSİ seçildi
2025-08-05 03:50:39,711 - AlertAvailableSessions - INFO - Get Sessions Info
2025-08-05 03:50:39,785 - AlertAvailableSessions - WARNING - No checkbox rendered for 06.08.2025 20:00 - 21:00
2025-08-05 03:53:56,401 - AlertAvailableSessions - INFO - Login Successfully
2025-08-05 03:54:04,382 - AlertAvailableSessions - INFO - Login sonrası popup kapatıldı
2025-08-05 03:54:04,932 - AlertAvailableSessions - INFO - Seans Secim Buton was Clicked
2025-08-05 03:54:06,023 - AlertAvailableSessions - INFO - Branş dropdown açıldı
2025-08-05 03:54:07,113 - AlertAvailableSessions - INFO - TENİS seçildi
2025-08-05 03:54:07,685 - AlertAvailableSessions - INFO - Tesis dropdown açıldı
2025-08-05 03:54:08,762 - AlertAvailableSessions - INFO - MALTEPE SAHİL SPOR TESİSİ seçildi
2025-08-05 03:54:09,380 - AlertAvailableSessions - INFO - Get Sessions Info
2025-08-05 03:54:09,553 - AlertAvailableSessions - WARNING - No checkbox rendered for 07.08.2025 21:00 - 22:00
2025-08-05 03:57:48,429 - AlertAvailableSessions - INFO - Login Successfully
2025-08-05 03:57:53,312 - AlertAvailableSessions - INFO - Login sonrası popup kapatıldı
2025-08-05 03:57:53,900 - AlertAvailableSessions - INFO - Seans Secim Buton was Clicked
2025-08-05 03:57:54,986 - AlertAvailableSessions - INFO - Branş dropdown açıldı
2025-08-05 03:57:56,059 - AlertAvailableSessions - INFO - TENİS seçildi
2025-08-05 03:57:57,050 - AlertAvailableSessions - INFO - Tesis dropdown açıldı
2025-08-05 03:57:58,124 - AlertAvailableSessions - INFO - MALTEPE SAHİL SPOR TESİSİ seçildi
2025-08-05 03:57:58,130 - AlertAvailableSessions - INFO - Get Sessions Info
2025-08-05 03:57:58,752 - AlertAvailableSessions - WARNING - No checkbox rendered for 06.08.2025 20:00 - 21:00
2025-08-05 03:59:23,239 - AlertAvailableSessions - INFO - Login Successfully
2025-08-05 03:59:23,355 - AlertAvailableSessions - INFO - Login sonrası popup kapatıldı
2025-08-05 03:59:24,311 - AlertAvailableSessions - INFO - Seans Secim Buton was Clicked
2025-08-05 03:59:25,423 - AlertAvailableSessions - INFO - Branş dropdown açıldı
2025-08-05 03:59:26,485 - AlertAvailableSessions - INFO - TENİS seçildi
2025-08-05 03:59:27,041 - AlertAvailableSessions - INFO - Tesis dropdown açıldı
2025-08-05 03:59:28,110 - AlertAvailableSessions - INFO - MALTEPE SAHİL SPOR TESİSİ seçildi
2025-08-05 03:59:28,604 - AlertAvailableSessions - INFO - Get Sessions Info
2025-08-05 03:59:28,678 - AlertAvailableSessions - WARNING - No checkbox rendered for 07.08.2025 21:00 - 22:00
2025-08-05 04:04:45,370 - AlertAvailableSessions - INFO - Login Successfully
2025-08-05 04:04:45,444 - AlertAvailableSessions - INFO - Login sonrası popup kapatıldı
2025-08-05 04:04:45,971 - AlertAvailableSessions - INFO - Seans Secim Buton was Clicked
2025-08-05 04:04:47,057 - AlertAvailableSessions - INFO - Branş dropdown açıldı
2025-08-05 04:04:48,153 - AlertAvailableSessions - INFO - TENİS seçildi
2025-08-05 04:04:48,643 - AlertAvailableSessions - INFO - Tesis dropdown açıldı
2025-08-05 04:04:49,716 - AlertAvailableSessions - INFO - MALTEPE SAHİL SPOR TESİSİ seçildi
2025-08-05 04:04:50,239 - AlertAvailableSessions - INFO - Get Sessions Info
2025-08-05 04:04:50,377 - AlertAvailableSessions - WARNING - No checkbox rendered for 07.08.2025 21:00 - 22:00
2025-08-05 04:05:12,053 - AlertAvailableSessions - INFO - Login Successfully
2025-08-05 04:05:12,123 - AlertAvailableSessions - INFO - Login sonrası popup kapatıldı
2025-08-05 04:05:13,077 - AlertAvailableSessions - INFO - Seans Secim Buton was Clicked
2025-08-05 04:05:14,171 - AlertAvailableSessions - INFO - Branş dropdown açıldı
2025-08-05 04:05:15,243 - AlertAvailableSessions - INFO - TENİS seçildi
2025-08-05 04:05:15,760 - AlertAvailableSessions - INFO - Tesis dropdown açıldı
2025-08-05 04:05:16,822 - AlertAvailableSessions - INFO - MALTEPE SAHİL SPOR TESİSİ seçildi
2025-08-05 04:05:17,452 - AlertAvailableSessions - INFO - Get Sessions Info
2025-08-05 04:05:17,527 - AlertAvailableSessions - WARNING - No checkbox rendered for 06.08.2025 20:00 - 21:00
2025-08-05 04:09:59,213 - AlertAvailableSessions - INFO - Login Successfully
2025-08-05 04:10:04,297 - AlertAvailableSessions - INFO - Login sonrası popup kapatıldı
2025-08-05 04:10:04,862 - AlertAvailableSessions - INFO - Seans Secim Buton was Clicked
2025-08-05 04:10:05,964 - AlertAvailableSessions - INFO - Branş dropdown açıldı
2025-08-05 04:10:07,067 - AlertAvailableSessions - INFO - TENİS seçildi
2025-08-05 04:10:07,551 - AlertAvailableSessions - INFO - Tesis dropdown açıldı
2025-08-05 04:10:08,633 - AlertAvailableSessions - INFO - MALTEPE SAHİL SPOR TESİSİ seçildi
2025-08-05 04:10:09,144 - AlertAvailableSessions - INFO - Get Sessions Info
2025-08-05 04:10:09,281 - AlertAvailableSessions - WARNING - No checkbox rendered for 07.08.2025 21:00 - 22:00
2025-08-05 04:12:30,932 - AlertAvailableSessions - INFO - Login Successfully
2025-08-05 04:12:31,002 - AlertAvailableSessions - INFO - Login sonrası popup kapatıldı
2025-08-05 04:12:31,587 - AlertAvailableSessions - INFO - Seans Secim Buton was Clicked
2025-08-05 04:12:32,692 - AlertAvailableSessions - INFO - Branş dropdown açıldı
2025-08-05 04:12:33,763 - AlertAvailableSessions - INFO - TENİS seçildi
2025-08-05 04:12:34,308 - AlertAvailableSessions - INFO - Tesis dropdown açıldı
2025-08-05 04:12:35,369 - AlertAvailableSessions - INFO - MALTEPE SAHİL SPOR TESİSİ seçildi
2025-08-05 04:12:35,852 - AlertAvailableSessions - INFO - Get Sessions Info
2025-08-05 04:12:35,925 - AlertAvailableSessions - WARNING - No checkbox rendered for 06.08.2025 20:00 - 21:00
2025-08-05 04:15:27,195 - AlertAvailableSessions - INFO - Login Successfully
2025-08-05 04:15:27,290 - AlertAvailableSessions - INFO - Login sonrası popup kapatıldı
2025-08-05 04:15:28,253 - AlertAvailableSessions - INFO - Seans Secim Buton was Clicked
2025-08-05 04:15:29,384 - AlertAvailableSessions - INFO - Branş dropdown açıldı
2025-08-05 04:15:30,463 - AlertAvailableSessions - INFO - TENİS seçildi
2025-08-05 04:15:30,960 - AlertAvailableSessions - INFO - Tesis dropdown açıldı
2025-08-05 04:15:32,028 - AlertAvailableSessions - INFO - MALTEPE SAHİL SPOR TESİSİ seçildi
2025-08-05 04:15:32,302 - AlertAvailableSessions - INFO - Get Sessions Info
2025-08-05 04:15:32,770 - AlertAvailableSessions - WARNING - No checkbox rendered for 07.08.2025 21:00 - 22:00
2025-08-05 04:19:50,196 - AlertAvailableSessions - INFO - Login Successfully
2025-08-05 04:19:50,279 - AlertAvailableSessions - INFO - Login sonrası popup kapatıldı
2025-08-05 04:19:50,818 - AlertAvailableSessions - INFO - Seans Secim Buton was Clicked
2025-08-05 04:19:51,904 - AlertAvailableSessions - INFO - Branş dropdown açıldı
2025-08-05 04:19:52,988 - AlertAvailableSessions - INFO - TENİS seçildi
2025-08-05 04:19:53,436 - AlertAvailableSessions - INFO - Tesis dropdown açıldı
2025-08-05 04:19:54,497 - AlertAvailableSessions - INFO - MALTEPE SAHİL SPOR TESİSİ seçildi
2025-08-05 04:19:55,005 - AlertAvailableSessions - INFO - Get Sessions Info
2025-08-05 04:19:55,082 - AlertAvailableSessions - WARNING - No checkbox rendered for 06.08.2025 20:00 - 21:00
2025-08-05 04:20:46,528 - AlertAvailableSessions - INFO - Login Successfully
2025-08-05 04:20:46,616 - AlertAvailableSessions - INFO - Login sonrası popup kapatıldı
2025-08-05 04:20:47,163 - AlertAvailableSessions - INFO - Seans Secim Buton was Clicked
2025-08-05 04:20:48,251 - AlertAvailableSessions - INFO - Branş dropdown açıldı
2025-08-05 04:20:49,309 - AlertAvailableSessions - INFO - TENİS seçildi
2025-08-05 04:20:50,245 - AlertAvailableSessions - INFO - Tesis dropdown açıldı
2025-08-05 04:20:51,325 - AlertAvailableSessions - INFO - MALTEPE SAHİL SPOR TESİSİ seçildi
2025-08-05 04:20:51,995 - AlertAvailableSessions - INFO - Get Sessions Info
2025-08-05 04:20:52,079 - AlertAvailableSessions - WARNING - No checkbox rendered for 07.08.2025 21:00 - 22:00
2025-08-05 04:26:00,302 - AlertAvailableSessions - INFO - Login Successfully
2025-08-05 04:26:05,147 - AlertAvailableSessions - INFO - Login sonrası popup kapatıldı
2025-08-05 04:26:05,675 - AlertAvailableSessions - INFO - Seans Secim Buton was Clicked
2025-08-05 04:26:06,790 - AlertAvailableSessions - INFO - Branş dropdown açıldı
2025-08-05 04:26:07,887 - AlertAvailableSessions - INFO - TENİS seçildi
2025-08-05 04:26:08,366 - AlertAvailableSessions - INFO - Tesis dropdown açıldı
2025-08-05 04:26:09,448 - AlertAvailableSessions - INFO - MALTEPE SAHİL SPOR TESİSİ seçildi
2025-08-05 04:26:09,941 - AlertAvailableSessions - INFO - Get Sessions Info
2025-08-05 04:26:10,038 - AlertAvailableSessions - WARNING - No checkbox rendered for 07.08.2025 21:00 - 22:00
2025-08-05 04:27:08,171 - AlertAvailableSessions - INFO - Login Successfully
2025-08-05 04:27:08,275 - AlertAvailableSessions - INFO - Login sonrası popup kapatıldı
2025-08-05 04:27:09,440 - AlertAvailableSessions - INFO - Seans Secim Buton was Clicked
2025-08-05 04:27:10,550 - AlertAvailableSessions - INFO - Branş dropdown açıldı
2025-08-05 04:27:11,645 - AlertAvailableSessions - INFO - TENİS seçildi
2025-08-05 04:27:12,145 - AlertAvailableSessions - INFO - Tesis dropdown açıldı
2025-08-05 04:27:13,218 - AlertAvailableSessions - INFO - MALTEPE SAHİL SPOR TESİSİ seçildi
2025-08-05 04:27:13,496 - AlertAvailableSessions - INFO - Get Sessions Info
2025-08-05 04:27:13,908 - AlertAvailableSessions - WARNING - No checkbox rendered for 06.08.2025 20:00 - 21:00
2025-08-05 04:31:18,338 - AlertAvailableSessions - INFO - Login Successfully
2025-08-05 04:31:23,125 - AlertAvailableSessions - INFO - Login sonrası popup kapatıldı
2025-08-05 04:31:23,706 - AlertAvailableSessions - INFO - Seans Secim Buton was Clicked
2025-08-05 04:31:24,799 - AlertAvailableSessions - INFO - Branş dropdown açıldı
2025-08-05 04:31:25,864 - AlertAvailableSessions - INFO - TENİS seçildi
2025-08-05 04:31:26,328 - AlertAvailableSessions - INFO - Tesis dropdown açıldı
2025-08-05 04:31:27,398 - AlertAvailableSessions - INFO - MALTEPE SAHİL SPOR TESİSİ seçildi
2025-08-05 04:31:27,406 - AlertAvailableSessions - INFO - Get Sessions Info
2025-08-05 04:31:28,025 - AlertAvailableSessions - WARNING - No checkbox rendered for 07.08.2025 21:00 - 22:00
2025-08-05 04:34:27,392 - AlertAvailableSessions - INFO - Login Successfully
2025-08-05 04:34:27,478 - AlertAvailableSessions - INFO - Login sonrası popup kapatıldı
2025-08-05 04:34:28,348 - AlertAvailableSessions - INFO - Seans Secim Buton was Clicked
2025-08-05 04:34:29,449 - AlertAvailableSessions - INFO - Branş dropdown açıldı
2025-08-05 04:34:30,566 - AlertAvailableSessions - INFO - TENİS seçildi
2025-08-05 04:34:31,164 - AlertAvailableSessions - INFO - Tesis dropdown açıldı
2025-08-05 04:34:32,232 - AlertAvailableSessions - INFO - MALTEPE SAHİL SPOR TESİSİ seçildi
2025-08-05 04:34:32,790 - AlertAvailableSessions - INFO - Get Sessions Info
2025-08-05 04:34:32,893 - AlertAvailableSessions - WARNING - No checkbox rendered for 06.08.2025 20:00 - 21:00
2025-08-05 04:36:36,356 - AlertAvailableSessions - INFO - Login Successfully
2025-08-05 04:36:41,359 - AlertAvailableSessions - INFO - Login sonrası popup kapatıldı
2025-08-05 04:36:42,074 - AlertAvailableSessions - INFO - Seans Secim Buton was Clicked
2025-08-05 04:36:43,200 - AlertAvailableSessions - INFO - Branş dropdown açıldı
2025-08-05 04:36:44,276 - AlertAvailableSessions - INFO - TENİS seçildi
2025-08-05 04:36:44,823 - AlertAvailableSessions - INFO - Tesis dropdown açıldı
2025-08-05 04:36:45,907 - AlertAvailableSessions - INFO - MALTEPE SAHİL SPOR TESİSİ seçildi
2025-08-05 04:36:46,167 - AlertAvailableSessions - INFO - Get Sessions Info
2025-08-05 04:36:46,456 - AlertAvailableSessions - WARNING - No checkbox rendered for 07.08.2025 21:00 - 22:00
2025-08-05 04:41:46,172 - AlertAvailableSessions - INFO - Login Successfully
2025-08-05 04:41:46,272 - AlertAvailableSessions - INFO - Login sonrası popup kapatıldı
2025-08-05 04:41:46,899 - AlertAvailableSessions - INFO - Seans Secim Buton was Clicked
2025-08-05 04:41:48,032 - AlertAvailableSessions - INFO - Branş dropdown açıldı
2025-08-05 04:41:49,125 - AlertAvailableSessions - INFO - TENİS seçildi
2025-08-05 04:41:49,703 - AlertAvailableSessions - INFO - Tesis dropdown açıldı
2025-08-05 04:41:50,824 - AlertAvailableSessions - INFO - MALTEPE SAHİL SPOR TESİSİ seçildi
2025-08-05 04:41:50,834 - AlertAvailableSessions - INFO - Get Sessions Info
2025-08-05 04:41:51,495 - AlertAvailableSessions - WARNING - No checkbox rendered for 06.08.2025 20:00 - 21:00
2025-08-05 04:41:54,664 - AlertAvailableSessions - INFO - Login Successfully
2025-08-05 04:41:57,999 - AlertAvailableSessions - INFO - Popup mevcut değil, devam ediliyor
2025-08-05 04:41:58,654 - AlertAvailableSessions - INFO - Seans Secim Buton was Clicked
2025-08-05 04:41:59,765 - AlertAvailableSessions - INFO - Branş dropdown açıldı
2025-08-05 04:42:00,830 - AlertAvailableSessions - INFO - TENİS seçildi
2025-08-05 04:42:01,796 - AlertAvailableSessions - INFO - Tesis dropdown açıldı
2025-08-05 04:42:02,912 - AlertAvailableSessions - INFO - MALTEPE SAHİL SPOR TESİSİ seçildi
2025-08-05 04:42:02,926 - AlertAvailableSessions - INFO - Get Sessions Info
2025-08-05 04:42:03,545 - AlertAvailableSessions - WARNING - No checkbox rendered for 07.08.2025 21:00 - 22:00
2025-08-05 04:47:12,236 - AlertAvailableSessions - INFO - Login Successfully
2025-08-05 04:47:17,116 - AlertAvailableSessions - INFO - Login sonrası popup kapatıldı
2025-08-05 04:47:17,822 - AlertAvailableSessions - INFO - Seans Secim Buton was Clicked
2025-08-05 04:47:18,914 - AlertAvailableSessions - INFO - Branş dropdown açıldı
2025-08-05 04:47:19,976 - AlertAvailableSessions - INFO - TENİS seçildi
2025-08-05 04:47:20,491 - AlertAvailableSessions - INFO - Tesis dropdown açıldı
2025-08-05 04:47:21,564 - AlertAvailableSessions - INFO - MALTEPE SAHİL SPOR TESİSİ seçildi
2025-08-05 04:47:22,127 - AlertAvailableSessions - INFO - Get Sessions Info
2025-08-05 04:47:22,248 - AlertAvailableSessions - WARNING - No checkbox rendered for 07.08.2025 21:00 - 22:00
2025-08-05 04:49:05,036 - AlertAvailableSessions - INFO - Login Successfully
2025-08-05 04:49:05,116 - AlertAvailableSessions - INFO - Login sonrası popup kapatıldı
2025-08-05 04:49:05,729 - AlertAvailableSessions - INFO - Seans Secim Buton was Clicked
2025-08-05 04:49:06,846 - AlertAvailableSessions - INFO - Branş dropdown açıldı
2025-08-05 04:49:07,922 - AlertAvailableSessions - INFO - TENİS seçildi
2025-08-05 04:49:08,454 - AlertAvailableSessions - INFO - Tesis dropdown açıldı
2025-08-05 04:49:09,522 - AlertAvailableSessions - INFO - MALTEPE SAHİL SPOR TESİSİ seçildi
2025-08-05 04:49:10,106 - AlertAvailableSessions - INFO - Get Sessions Info
2025-08-05 04:49:10,226 - AlertAvailableSessions - WARNING - No checkbox rendered for 06.08.2025 20:00 - 21:00
2025-08-05 04:52:30,603 - AlertAvailableSessions - INFO - Login Successfully
2025-08-05 04:52:35,587 - AlertAvailableSessions - INFO - Login sonrası popup kapatıldı
2025-08-05 04:52:36,740 - AlertAvailableSessions - INFO - Seans Secim Buton was Clicked
2025-08-05 04:52:37,855 - AlertAvailableSessions - INFO - Branş dropdown açıldı
2025-08-05 04:52:38,925 - AlertAvailableSessions - INFO - TENİS seçildi
2025-08-05 04:52:39,435 - AlertAvailableSessions - INFO - Tesis dropdown açıldı
2025-08-05 04:52:40,506 - AlertAvailableSessions - INFO - MALTEPE SAHİL SPOR TESİSİ seçildi
2025-08-05 04:52:40,802 - AlertAvailableSessions - INFO - Get Sessions Info
2025-08-05 04:52:41,307 - AlertAvailableSessions - WARNING - No checkbox rendered for 07.08.2025 21:00 - 22:00
2025-08-05 04:56:18,828 - AlertAvailableSessions - INFO - Login Successfully
2025-08-05 04:56:23,831 - AlertAvailableSessions - INFO - Login sonrası popup kapatıldı
2025-08-05 04:56:24,398 - AlertAvailableSessions - INFO - Seans Secim Buton was Clicked
2025-08-05 04:56:25,524 - AlertAvailableSessions - INFO - Branş dropdown açıldı
2025-08-05 04:56:26,591 - AlertAvailableSessions - INFO - TENİS seçildi
2025-08-05 04:56:27,140 - AlertAvailableSessions - INFO - Tesis dropdown açıldı
2025-08-05 04:56:28,198 - AlertAvailableSessions - INFO - MALTEPE SAHİL SPOR TESİSİ seçildi
2025-08-05 04:56:28,705 - AlertAvailableSessions - INFO - Get Sessions Info
2025-08-05 04:56:28,813 - AlertAvailableSessions - WARNING - No checkbox rendered for 06.08.2025 20:00 - 21:00
2025-08-05 04:57:54,797 - AlertAvailableSessions - INFO - Login Successfully
2025-08-05 04:57:54,911 - AlertAvailableSessions - INFO - Login sonrası popup kapatıldı
2025-08-05 04:57:55,484 - AlertAvailableSessions - INFO - Seans Secim Buton was Clicked
2025-08-05 04:57:56,579 - AlertAvailableSessions - INFO - Branş dropdown açıldı
2025-08-05 04:57:57,648 - AlertAvailableSessions - INFO - TENİS seçildi
2025-08-05 04:57:58,767 - AlertAvailableSessions - INFO - Tesis dropdown açıldı
2025-08-05 04:57:59,839 - AlertAvailableSessions - INFO - MALTEPE SAHİL SPOR TESİSİ seçildi
2025-08-05 04:58:00,486 - AlertAvailableSessions - INFO - Get Sessions Info
2025-08-05 04:58:00,615 - AlertAvailableSessions - WARNING - No checkbox rendered for 07.08.2025 21:00 - 22:00
2025-08-05 05:03:10,711 - AlertAvailableSessions - INFO - Login Successfully
2025-08-05 05:03:13,845 - AlertAvailableSessions - INFO - Popup mevcut değil, devam ediliyor
2025-08-05 05:03:14,398 - AlertAvailableSessions - INFO - Seans Secim Buton was Clicked
2025-08-05 05:03:15,518 - AlertAvailableSessions - INFO - Branş dropdown açıldı
2025-08-05 05:03:16,638 - AlertAvailableSessions - INFO - TENİS seçildi
2025-08-05 05:03:17,828 - AlertAvailableSessions - INFO - Tesis dropdown açıldı
2025-08-05 05:03:18,903 - AlertAvailableSessions - INFO - MALTEPE SAHİL SPOR TESİSİ seçildi
2025-08-05 05:03:19,478 - AlertAvailableSessions - INFO - Get Sessions Info
2025-08-05 05:03:19,553 - AlertAvailableSessions - WARNING - No checkbox rendered for 07.08.2025 21:00 - 22:00
2025-08-05 05:03:42,417 - AlertAvailableSessions - INFO - Login Successfully
2025-08-05 05:03:42,492 - AlertAvailableSessions - INFO - Login sonrası popup kapatıldı
2025-08-05 05:03:43,428 - AlertAvailableSessions - INFO - Seans Secim Buton was Clicked
2025-08-05 05:03:44,554 - AlertAvailableSessions - INFO - Branş dropdown açıldı
2025-08-05 05:03:45,617 - AlertAvailableSessions - INFO - TENİS seçildi
2025-08-05 05:03:46,120 - AlertAvailableSessions - INFO - Tesis dropdown açıldı
2025-08-05 05:03:47,187 - AlertAvailableSessions - INFO - MALTEPE SAHİL SPOR TESİSİ seçildi
2025-08-05 05:03:47,717 - AlertAvailableSessions - INFO - Get Sessions Info
2025-08-05 05:03:47,833 - AlertAvailableSessions - WARNING - No checkbox rendered for 06.08.2025 20:00 - 21:00
2025-08-05 05:08:28,849 - AlertAvailableSessions - INFO - Login Successfully
2025-08-05 05:08:31,951 - AlertAvailableSessions - INFO - Popup mevcut değil, devam ediliyor
2025-08-05 05:08:32,464 - AlertAvailableSessions - INFO - Seans Secim Buton was Clicked
2025-08-05 05:08:33,588 - AlertAvailableSessions - INFO - Branş dropdown açıldı
2025-08-05 05:08:34,693 - AlertAvailableSessions - INFO - TENİS seçildi
2025-08-05 05:08:35,399 - AlertAvailableSessions - INFO - Tesis dropdown açıldı
2025-08-05 05:08:36,486 - AlertAvailableSessions - INFO - MALTEPE SAHİL SPOR TESİSİ seçildi
2025-08-05 05:08:37,075 - AlertAvailableSessions - INFO - Get Sessions Info
2025-08-05 05:08:37,173 - AlertAvailableSessions - WARNING - No checkbox rendered for 07.08.2025 21:00 - 22:00
2025-08-05 05:10:55,707 - AlertAvailableSessions - INFO - Login Successfully
2025-08-05 05:10:58,508 - AlertAvailableSessions - INFO - Login sonrası popup kapatıldı
2025-08-05 05:10:59,419 - AlertAvailableSessions - INFO - Seans Secim Buton was Clicked
2025-08-05 05:11:00,534 - AlertAvailableSessions - INFO - Branş dropdown açıldı
2025-08-05 05:11:01,622 - AlertAvailableSessions - INFO - TENİS seçildi
2025-08-05 05:11:02,107 - AlertAvailableSessions - INFO - Tesis dropdown açıldı
2025-08-05 05:11:03,179 - AlertAvailableSessions - INFO - MALTEPE SAHİL SPOR TESİSİ seçildi
2025-08-05 05:11:03,663 - AlertAvailableSessions - INFO - Get Sessions Info
2025-08-05 05:11:03,741 - AlertAvailableSessions - WARNING - No checkbox rendered for 06.08.2025 20:00 - 21:00
2025-08-05 05:13:44,992 - AlertAvailableSessions - INFO - Login Successfully
2025-08-05 05:13:47,995 - AlertAvailableSessions - INFO - Login sonrası popup kapatıldı
2025-08-05 05:13:48,879 - AlertAvailableSessions - INFO - Seans Secim Buton was Clicked
2025-08-05 05:13:50,016 - AlertAvailableSessions - INFO - Branş dropdown açıldı
2025-08-05 05:13:51,095 - AlertAvailableSessions - INFO - TENİS seçildi
2025-08-05 05:13:51,825 - AlertAvailableSessions - INFO - Tesis dropdown açıldı
2025-08-05 05:13:52,918 - AlertAvailableSessions - INFO - MALTEPE SAHİL SPOR TESİSİ seçildi
2025-08-05 05:13:53,379 - AlertAvailableSessions - INFO - Get Sessions Info
2025-08-05 05:13:53,530 - AlertAvailableSessions - WARNING - No checkbox rendered for 07.08.2025 21:00 - 22:00
2025-08-05 05:18:11,872 - AlertAvailableSessions - INFO - Login Successfully
2025-08-05 05:18:14,729 - AlertAvailableSessions - INFO - Login sonrası popup kapatıldı
2025-08-05 05:18:15,263 - AlertAvailableSessions - INFO - Seans Secim Buton was Clicked
2025-08-05 05:18:16,387 - AlertAvailableSessions - INFO - Branş dropdown açıldı
2025-08-05 05:18:17,471 - AlertAvailableSessions - INFO - TENİS seçildi
2025-08-05 05:18:17,944 - AlertAvailableSessions - INFO - Tesis dropdown açıldı
2025-08-05 05:18:19,006 - AlertAvailableSessions - INFO - MALTEPE SAHİL SPOR TESİSİ seçildi
2025-08-05 05:18:19,014 - AlertAvailableSessions - INFO - Get Sessions Info
2025-08-05 05:18:19,589 - AlertAvailableSessions - WARNING - No checkbox rendered for 06.08.2025 20:00 - 21:00
2025-08-05 05:19:03,021 - AlertAvailableSessions - INFO - Login Successfully
2025-08-05 05:19:03,213 - AlertAvailableSessions - INFO - Login sonrası popup kapatıldı
2025-08-05 05:19:03,696 - AlertAvailableSessions - INFO - Seans Secim Buton was Clicked
2025-08-05 05:19:04,790 - AlertAvailableSessions - INFO - Branş dropdown açıldı
2025-08-05 05:19:05,875 - AlertAvailableSessions - INFO - TENİS seçildi
2025-08-05 05:19:06,411 - AlertAvailableSessions - INFO - Tesis dropdown açıldı
2025-08-05 05:19:07,517 - AlertAvailableSessions - INFO - MALTEPE SAHİL SPOR TESİSİ seçildi
2025-08-05 05:19:08,234 - AlertAvailableSessions - INFO - Get Sessions Info
2025-08-05 05:19:08,357 - AlertAvailableSessions - WARNING - No checkbox rendered for 07.08.2025 21:00 - 22:00
2025-08-05 05:24:18,040 - AlertAvailableSessions - INFO - Login Successfully
2025-08-05 05:24:18,179 - AlertAvailableSessions - INFO - Login sonrası popup kapatıldı
2025-08-05 05:24:18,741 - AlertAvailableSessions - INFO - Seans Secim Buton was Clicked
2025-08-05 05:24:19,862 - AlertAvailableSessions - INFO - Branş dropdown açıldı
2025-08-05 05:24:20,941 - AlertAvailableSessions - INFO - TENİS seçildi
2025-08-05 05:24:21,443 - AlertAvailableSessions - INFO - Tesis dropdown açıldı
2025-08-05 05:24:22,530 - AlertAvailableSessions - INFO - MALTEPE SAHİL SPOR TESİSİ seçildi
2025-08-05 05:24:23,254 - AlertAvailableSessions - INFO - Get Sessions Info
2025-08-05 05:24:23,331 - AlertAvailableSessions - WARNING - No checkbox rendered for 07.08.2025 21:00 - 22:00
2025-08-05 05:25:30,101 - AlertAvailableSessions - INFO - Login Successfully
2025-08-05 05:25:30,256 - AlertAvailableSessions - INFO - Login sonrası popup kapatıldı
2025-08-05 05:25:31,138 - AlertAvailableSessions - INFO - Seans Secim Buton was Clicked
2025-08-05 05:25:32,290 - AlertAvailableSessions - INFO - Branş dropdown açıldı
2025-08-05 05:25:33,372 - AlertAvailableSessions - INFO - TENİS seçildi
2025-08-05 05:25:33,907 - AlertAvailableSessions - INFO - Tesis dropdown açıldı
2025-08-05 05:25:34,968 - AlertAvailableSessions - INFO - MALTEPE SAHİL SPOR TESİSİ seçildi
2025-08-05 05:25:35,465 - AlertAvailableSessions - INFO - Get Sessions Info
2025-08-05 05:25:35,564 - AlertAvailableSessions - WARNING - No checkbox rendered for 06.08.2025 20:00 - 21:00
2025-08-05 05:29:31,132 - AlertAvailableSessions - INFO - Login Successfully
2025-08-05 05:29:33,971 - AlertAvailableSessions - INFO - Login sonrası popup kapatıldı
2025-08-05 05:29:34,480 - AlertAvailableSessions - INFO - Seans Secim Buton was Clicked
2025-08-05 05:29:35,573 - AlertAvailableSessions - INFO - Branş dropdown açıldı
2025-08-05 05:29:36,644 - AlertAvailableSessions - INFO - TENİS seçildi
2025-08-05 05:29:37,148 - AlertAvailableSessions - INFO - Tesis dropdown açıldı
2025-08-05 05:29:38,268 - AlertAvailableSessions - INFO - MALTEPE SAHİL SPOR TESİSİ seçildi
2025-08-05 05:29:38,776 - AlertAvailableSessions - INFO - Get Sessions Info
2025-08-05 05:29:38,877 - AlertAvailableSessions - WARNING - No checkbox rendered for 07.08.2025 21:00 - 22:00
2025-08-05 05:32:43,344 - AlertAvailableSessions - INFO - Login Successfully
2025-08-05 05:32:46,198 - AlertAvailableSessions - INFO - Login sonrası popup kapatıldı
2025-08-05 05:32:47,055 - AlertAvailableSessions - INFO - Seans Secim Buton was Clicked
2025-08-05 05:32:48,156 - AlertAvailableSessions - INFO - Branş dropdown açıldı
2025-08-05 05:32:49,246 - AlertAvailableSessions - INFO - TENİS seçildi
2025-08-05 05:32:49,728 - AlertAvailableSessions - INFO - Tesis dropdown açıldı
2025-08-05 05:32:50,798 - AlertAvailableSessions - INFO - MALTEPE SAHİL SPOR TESİSİ seçildi
2025-08-05 05:32:51,346 - AlertAvailableSessions - INFO - Get Sessions Info
2025-08-05 05:32:51,459 - AlertAvailableSessions - WARNING - No checkbox rendered for 06.08.2025 20:00 - 21:00
2025-08-05 05:34:46,377 - AlertAvailableSessions - INFO - Login Successfully
2025-08-05 05:34:49,074 - AlertAvailableSessions - INFO - Login sonrası popup kapatıldı
2025-08-05 05:34:49,898 - AlertAvailableSessions - INFO - Seans Secim Buton was Clicked
2025-08-05 05:34:50,999 - AlertAvailableSessions - INFO - Branş dropdown açıldı
2025-08-05 05:34:52,092 - AlertAvailableSessions - INFO - TENİS seçildi
2025-08-05 05:34:52,570 - AlertAvailableSessions - INFO - Tesis dropdown açıldı
2025-08-05 05:34:53,659 - AlertAvailableSessions - INFO - MALTEPE SAHİL SPOR TESİSİ seçildi
2025-08-05 05:34:54,253 - AlertAvailableSessions - INFO - Get Sessions Info
2025-08-05 05:34:54,366 - AlertAvailableSessions - WARNING - No checkbox rendered for 07.08.2025 21:00 - 22:00
2025-08-05 05:39:58,446 - AlertAvailableSessions - INFO - Login Successfully
2025-08-05 05:40:03,930 - AlertAvailableSessions - INFO - Login sonrası popup kapatıldı
2025-08-05 05:40:04,496 - AlertAvailableSessions - INFO - Seans Secim Buton was Clicked
2025-08-05 05:40:07,117 - AlertAvailableSessions - INFO - Login Successfully
2025-08-05 05:40:07,276 - AlertAvailableSessions - INFO - Login sonrası popup kapatıldı
2025-08-05 05:40:08,165 - AlertAvailableSessions - INFO - Seans Secim Buton was Clicked
2025-08-05 05:40:09,334 - AlertAvailableSessions - INFO - Branş dropdown açıldı
2025-08-05 05:40:10,428 - AlertAvailableSessions - INFO - TENİS seçildi
2025-08-05 05:40:11,011 - AlertAvailableSessions - INFO - Tesis dropdown açıldı
2025-08-05 05:40:12,106 - AlertAvailableSessions - INFO - MALTEPE SAHİL SPOR TESİSİ seçildi
2025-08-05 05:40:12,579 - AlertAvailableSessions - INFO - Get Sessions Info
2025-08-05 05:40:12,684 - AlertAvailableSessions - WARNING - No checkbox rendered for 07.08.2025 21:00 - 22:00
2025-08-05 05:40:15,831 - AlertAvailableSessions - ERROR - Branş seçimi başarısız: Dropdown açma başarısız
2025-08-05 05:40:26,176 - AlertAvailableSessions - ERROR - Tesis seçimi başarısız: Dropdown açma başarısız
2025-08-05 05:40:26,183 - AlertAvailableSessions - INFO - Get Sessions Info
2025-08-05 05:40:36,494 - AlertAvailableSessions - ERROR - ❌ Hata: Message: 
Stacktrace:
	GetHandleVerifier [0x0x10aba83+63395]
	GetHandleVerifier [0x0x10abac4+63460]
	(No symbol) [0x0xef2113]
	(No symbol) [0x0xf3a85e]
	(No symbol) [0x0xf3abfb]
	(No symbol) [0x0xf82f92]
	(No symbol) [0x0xf5f3f4]
	(No symbol) [0x0xf807ba]
	(No symbol) [0x0xf5f1a6]
	(No symbol) [0x0xf2e7b2]
	(No symbol) [0x0xf2f654]
	GetHandleVerifier [0x0x1328883+2672035]
	GetHandleVerifier [0x0x1323cba+2652634]
	GetHandleVerifier [0x0x10d2bca+223466]
	GetHandleVerifier [0x0x10c2cb8+158168]
	GetHandleVerifier [0x0x10c978d+185517]
	GetHandleVerifier [0x0x10b3b78+96408]
	GetHandleVerifier [0x0x10b3d02+96802]
	GetHandleVerifier [0x0x109e90a+9770]
	BaseThreadInitThunk [0x0x76825d49+25]
	RtlInitializeExceptionChain [0x0x7725d2fb+107]
	RtlGetAppContainerNamedObjectPath [0x0x7725d281+561]

2025-08-05 05:45:20,259 - AlertAvailableSessions - INFO - Login Successfully
2025-08-05 05:45:23,289 - AlertAvailableSessions - INFO - Login sonrası popup kapatıldı
2025-08-05 05:45:24,153 - AlertAvailableSessions - INFO - Seans Secim Buton was Clicked
2025-08-05 05:45:25,259 - AlertAvailableSessions - INFO - Branş dropdown açıldı
2025-08-05 05:45:26,327 - AlertAvailableSessions - INFO - TENİS seçildi
2025-08-05 05:45:26,809 - AlertAvailableSessions - INFO - Tesis dropdown açıldı
2025-08-05 05:45:27,913 - AlertAvailableSessions - INFO - MALTEPE SAHİL SPOR TESİSİ seçildi
2025-08-05 05:45:28,421 - AlertAvailableSessions - INFO - Get Sessions Info
2025-08-05 05:45:28,617 - AlertAvailableSessions - WARNING - No checkbox rendered for 07.08.2025 21:00 - 22:00
2025-08-05 05:47:44,207 - AlertAvailableSessions - INFO - Login Successfully
2025-08-05 05:47:47,040 - AlertAvailableSessions - INFO - Login sonrası popup kapatıldı
2025-08-05 05:47:47,905 - AlertAvailableSessions - INFO - Seans Secim Buton was Clicked
2025-08-05 05:47:49,010 - AlertAvailableSessions - INFO - Branş dropdown açıldı
2025-08-05 05:47:50,097 - AlertAvailableSessions - INFO - TENİS seçildi
2025-08-05 05:47:50,570 - AlertAvailableSessions - INFO - Tesis dropdown açıldı
2025-08-05 05:47:51,644 - AlertAvailableSessions - INFO - MALTEPE SAHİL SPOR TESİSİ seçildi
2025-08-05 05:47:52,180 - AlertAvailableSessions - INFO - Get Sessions Info
2025-08-05 05:47:52,284 - AlertAvailableSessions - WARNING - No checkbox rendered for 06.08.2025 20:00 - 21:00
2025-08-05 05:50:36,403 - AlertAvailableSessions - INFO - Login Successfully
2025-08-05 05:50:39,390 - AlertAvailableSessions - INFO - Login sonrası popup kapatıldı
2025-08-05 05:50:39,940 - AlertAvailableSessions - INFO - Seans Secim Buton was Clicked
2025-08-05 05:50:41,041 - AlertAvailableSessions - INFO - Branş dropdown açıldı
2025-08-05 05:50:42,140 - AlertAvailableSessions - INFO - TENİS seçildi
2025-08-05 05:50:42,661 - AlertAvailableSessions - INFO - Tesis dropdown açıldı
2025-08-05 05:50:43,746 - AlertAvailableSessions - INFO - MALTEPE SAHİL SPOR TESİSİ seçildi
2025-08-05 05:50:44,350 - AlertAvailableSessions - INFO - Get Sessions Info
2025-08-05 05:50:44,475 - AlertAvailableSessions - WARNING - No checkbox rendered for 07.08.2025 21:00 - 22:00
2025-08-05 05:55:02,873 - AlertAvailableSessions - INFO - Login Successfully
2025-08-05 05:55:03,044 - AlertAvailableSessions - INFO - Login sonrası popup kapatıldı
2025-08-05 05:55:03,532 - AlertAvailableSessions - INFO - Seans Secim Buton was Clicked
2025-08-05 05:55:04,647 - AlertAvailableSessions - INFO - Branş dropdown açıldı
2025-08-05 05:55:05,724 - AlertAvailableSessions - INFO - TENİS seçildi
2025-08-05 05:55:06,202 - AlertAvailableSessions - INFO - Tesis dropdown açıldı
2025-08-05 05:55:07,271 - AlertAvailableSessions - INFO - MALTEPE SAHİL SPOR TESİSİ seçildi
2025-08-05 05:55:07,742 - AlertAvailableSessions - INFO - Get Sessions Info
2025-08-05 05:55:07,822 - AlertAvailableSessions - WARNING - No checkbox rendered for 06.08.2025 20:00 - 21:00
2025-08-05 05:55:56,409 - AlertAvailableSessions - INFO - Login Successfully
2025-08-05 05:55:56,610 - AlertAvailableSessions - INFO - Login sonrası popup kapatıldı
2025-08-05 05:55:57,111 - AlertAvailableSessions - INFO - Seans Secim Buton was Clicked
2025-08-05 05:55:58,203 - AlertAvailableSessions - INFO - Branş dropdown açıldı
2025-08-05 05:55:59,264 - AlertAvailableSessions - INFO - TENİS seçildi
2025-08-05 05:56:00,158 - AlertAvailableSessions - INFO - Tesis dropdown açıldı
2025-08-05 05:56:01,280 - AlertAvailableSessions - INFO - MALTEPE SAHİL SPOR TESİSİ seçildi
2025-08-05 05:56:01,760 - AlertAvailableSessions - INFO - Get Sessions Info
2025-08-05 05:56:01,878 - AlertAvailableSessions - WARNING - No checkbox rendered for 07.08.2025 21:00 - 22:00
2025-08-05 06:01:12,141 - AlertAvailableSessions - INFO - Login Successfully
2025-08-05 06:01:12,338 - AlertAvailableSessions - INFO - Login sonrası popup kapatıldı
2025-08-05 06:01:13,204 - AlertAvailableSessions - INFO - Seans Secim Buton was Clicked
2025-08-05 06:01:14,304 - AlertAvailableSessions - INFO - Branş dropdown açıldı
2025-08-05 06:01:15,387 - AlertAvailableSessions - INFO - TENİS seçildi
2025-08-05 06:01:15,851 - AlertAvailableSessions - INFO - Tesis dropdown açıldı
2025-08-05 06:01:16,924 - AlertAvailableSessions - INFO - MALTEPE SAHİL SPOR TESİSİ seçildi
2025-08-05 06:01:17,422 - AlertAvailableSessions - INFO - Get Sessions Info
2025-08-05 06:01:17,620 - AlertAvailableSessions - WARNING - No checkbox rendered for 07.08.2025 21:00 - 22:00
2025-08-05 06:02:18,200 - AlertAvailableSessions - INFO - Login Successfully
2025-08-05 06:02:18,311 - AlertAvailableSessions - INFO - Login sonrası popup kapatıldı
2025-08-05 06:02:18,763 - AlertAvailableSessions - INFO - Seans Secim Buton was Clicked
2025-08-05 06:02:19,869 - AlertAvailableSessions - INFO - Branş dropdown açıldı
2025-08-05 06:02:20,946 - AlertAvailableSessions - INFO - TENİS seçildi
2025-08-05 06:02:21,393 - AlertAvailableSessions - INFO - Tesis dropdown açıldı
2025-08-05 06:02:22,464 - AlertAvailableSessions - INFO - MALTEPE SAHİL SPOR TESİSİ seçildi
2025-08-05 06:02:22,977 - AlertAvailableSessions - INFO - Get Sessions Info
2025-08-05 06:02:23,100 - AlertAvailableSessions - WARNING - No checkbox rendered for 06.08.2025 20:00 - 21:00
2025-08-05 06:06:28,160 - AlertAvailableSessions - INFO - Login Successfully
2025-08-05 06:06:28,273 - AlertAvailableSessions - INFO - Login sonrası popup kapatıldı
2025-08-05 06:06:29,177 - AlertAvailableSessions - INFO - Seans Secim Buton was Clicked
2025-08-05 06:06:30,316 - AlertAvailableSessions - INFO - Branş dropdown açıldı
2025-08-05 06:06:31,395 - AlertAvailableSessions - INFO - TENİS seçildi
2025-08-05 06:06:31,886 - AlertAvailableSessions - INFO - Tesis dropdown açıldı
2025-08-05 06:06:32,972 - AlertAvailableSessions - INFO - MALTEPE SAHİL SPOR TESİSİ seçildi
2025-08-05 06:06:33,634 - AlertAvailableSessions - INFO - Get Sessions Info
2025-08-05 06:06:33,756 - AlertAvailableSessions - WARNING - No checkbox rendered for 07.08.2025 21:00 - 22:00
2025-08-05 06:09:33,391 - AlertAvailableSessions - INFO - Login Successfully
2025-08-05 06:09:33,484 - AlertAvailableSessions - INFO - Login sonrası popup kapatıldı
2025-08-05 06:09:34,019 - AlertAvailableSessions - INFO - Seans Secim Buton was Clicked
2025-08-05 06:09:35,112 - AlertAvailableSessions - INFO - Branş dropdown açıldı
2025-08-05 06:09:36,177 - AlertAvailableSessions - INFO - TENİS seçildi
2025-08-05 06:09:36,614 - AlertAvailableSessions - INFO - Tesis dropdown açıldı
2025-08-05 06:09:37,706 - AlertAvailableSessions - INFO - MALTEPE SAHİL SPOR TESİSİ seçildi
2025-08-05 06:09:38,186 - AlertAvailableSessions - INFO - Get Sessions Info
2025-08-05 06:09:38,353 - AlertAvailableSessions - WARNING - No checkbox rendered for 06.08.2025 20:00 - 21:00
2025-08-05 06:11:45,000 - AlertAvailableSessions - INFO - Login Successfully
2025-08-05 06:11:45,175 - AlertAvailableSessions - INFO - Login sonrası popup kapatıldı
2025-08-05 06:11:45,666 - AlertAvailableSessions - INFO - Seans Secim Buton was Clicked
2025-08-05 06:11:46,766 - AlertAvailableSessions - INFO - Branş dropdown açıldı
2025-08-05 06:11:47,826 - AlertAvailableSessions - INFO - TENİS seçildi
2025-08-05 06:11:48,885 - AlertAvailableSessions - INFO - Tesis dropdown açıldı
2025-08-05 06:11:49,944 - AlertAvailableSessions - INFO - MALTEPE SAHİL SPOR TESİSİ seçildi
2025-08-05 06:11:50,403 - AlertAvailableSessions - INFO - Get Sessions Info
2025-08-05 06:11:50,552 - AlertAvailableSessions - WARNING - No checkbox rendered for 07.08.2025 21:00 - 22:00
2025-08-05 06:16:45,863 - AlertAvailableSessions - INFO - Login Successfully
2025-08-05 06:16:49,125 - AlertAvailableSessions - INFO - Login sonrası popup kapatıldı
2025-08-05 06:16:49,599 - AlertAvailableSessions - INFO - Seans Secim Buton was Clicked
2025-08-05 06:16:53,956 - AlertAvailableSessions - INFO - Branş dropdown açıldı
2025-08-05 06:16:55,022 - AlertAvailableSessions - INFO - TENİS seçildi
2025-08-05 06:16:55,952 - AlertAvailableSessions - INFO - Tesis dropdown açıldı
2025-08-05 06:16:57,070 - AlertAvailableSessions - INFO - MALTEPE SAHİL SPOR TESİSİ seçildi
2025-08-05 06:16:57,814 - AlertAvailableSessions - INFO - Get Sessions Info
2025-08-05 06:16:58,016 - AlertAvailableSessions - WARNING - No checkbox rendered for 06.08.2025 20:00 - 21:00
2025-08-05 06:17:00,916 - AlertAvailableSessions - INFO - Login Successfully
2025-08-05 06:17:01,057 - AlertAvailableSessions - INFO - Login sonrası popup kapatıldı
2025-08-05 06:17:01,946 - AlertAvailableSessions - INFO - Seans Secim Buton was Clicked
2025-08-05 06:17:03,039 - AlertAvailableSessions - INFO - Branş dropdown açıldı
2025-08-05 06:17:04,111 - AlertAvailableSessions - INFO - TENİS seçildi
2025-08-05 06:17:04,575 - AlertAvailableSessions - INFO - Tesis dropdown açıldı
2025-08-05 06:17:05,659 - AlertAvailableSessions - INFO - MALTEPE SAHİL SPOR TESİSİ seçildi
2025-08-05 06:17:06,218 - AlertAvailableSessions - INFO - Get Sessions Info
2025-08-05 06:17:06,334 - AlertAvailableSessions - WARNING - No checkbox rendered for 07.08.2025 21:00 - 22:00
2025-08-05 06:22:14,306 - AlertAvailableSessions - INFO - Login Successfully
2025-08-05 06:22:16,887 - AlertAvailableSessions - INFO - Login sonrası popup kapatıldı
2025-08-05 06:22:17,351 - AlertAvailableSessions - INFO - Seans Secim Buton was Clicked
2025-08-05 06:22:18,454 - AlertAvailableSessions - INFO - Branş dropdown açıldı
2025-08-05 06:22:19,540 - AlertAvailableSessions - INFO - TENİS seçildi
2025-08-05 06:22:19,977 - AlertAvailableSessions - INFO - Tesis dropdown açıldı
2025-08-05 06:22:21,058 - AlertAvailableSessions - INFO - MALTEPE SAHİL SPOR TESİSİ seçildi
2025-08-05 06:22:21,558 - AlertAvailableSessions - INFO - Get Sessions Info
2025-08-05 06:22:21,699 - AlertAvailableSessions - WARNING - No checkbox rendered for 07.08.2025 21:00 - 22:00
2025-08-05 06:24:05,588 - AlertAvailableSessions - INFO - Login Successfully
2025-08-05 06:24:08,287 - AlertAvailableSessions - INFO - Login sonrası popup kapatıldı
2025-08-05 06:24:14,149 - AlertAvailableSessions - INFO - Seans Secim Buton was Clicked
2025-08-05 06:24:15,247 - AlertAvailableSessions - INFO - Branş dropdown açıldı
2025-08-05 06:24:16,322 - AlertAvailableSessions - INFO - TENİS seçildi
2025-08-05 06:24:16,885 - AlertAvailableSessions - INFO - Tesis dropdown açıldı
2025-08-05 06:24:17,995 - AlertAvailableSessions - INFO - MALTEPE SAHİL SPOR TESİSİ seçildi
2025-08-05 06:24:18,464 - AlertAvailableSessions - INFO - Get Sessions Info
2025-08-05 06:24:18,565 - AlertAvailableSessions - WARNING - No checkbox rendered for 06.08.2025 20:00 - 21:00
2025-08-05 06:27:31,827 - AlertAvailableSessions - INFO - Login Successfully
2025-08-05 06:27:31,946 - AlertAvailableSessions - INFO - Login sonrası popup kapatıldı
2025-08-05 06:27:32,457 - AlertAvailableSessions - INFO - Seans Secim Buton was Clicked
2025-08-05 06:27:33,563 - AlertAvailableSessions - INFO - Branş dropdown açıldı
2025-08-05 06:27:34,649 - AlertAvailableSessions - INFO - TENİS seçildi
2025-08-05 06:27:35,089 - AlertAvailableSessions - INFO - Tesis dropdown açıldı
2025-08-05 06:27:36,179 - AlertAvailableSessions - INFO - MALTEPE SAHİL SPOR TESİSİ seçildi
2025-08-05 06:27:36,683 - AlertAvailableSessions - INFO - Get Sessions Info
2025-08-05 06:27:36,850 - AlertAvailableSessions - WARNING - No checkbox rendered for 07.08.2025 21:00 - 22:00
2025-08-05 06:31:26,427 - AlertAvailableSessions - INFO - Login Successfully
2025-08-05 06:31:29,614 - AlertAvailableSessions - INFO - Login sonrası popup kapatıldı
2025-08-05 06:31:30,119 - AlertAvailableSessions - INFO - Seans Secim Buton was Clicked
2025-08-05 06:31:31,241 - AlertAvailableSessions - INFO - Branş dropdown açıldı
2025-08-05 06:31:32,317 - AlertAvailableSessions - INFO - TENİS seçildi
2025-08-05 06:31:32,805 - AlertAvailableSessions - INFO - Tesis dropdown açıldı
2025-08-05 06:31:33,919 - AlertAvailableSessions - INFO - MALTEPE SAHİL SPOR TESİSİ seçildi
2025-08-05 06:31:34,441 - AlertAvailableSessions - INFO - Get Sessions Info
2025-08-05 06:31:34,558 - AlertAvailableSessions - WARNING - No checkbox rendered for 06.08.2025 20:00 - 21:00
2025-08-05 06:32:47,875 - AlertAvailableSessions - INFO - Login Successfully
2025-08-05 06:32:48,071 - AlertAvailableSessions - INFO - Login sonrası popup kapatıldı
2025-08-05 06:32:48,574 - AlertAvailableSessions - INFO - Seans Secim Buton was Clicked
2025-08-05 06:32:49,697 - AlertAvailableSessions - INFO - Branş dropdown açıldı
2025-08-05 06:32:50,765 - AlertAvailableSessions - INFO - TENİS seçildi
2025-08-05 06:32:51,250 - AlertAvailableSessions - INFO - Tesis dropdown açıldı
2025-08-05 06:32:52,360 - AlertAvailableSessions - INFO - MALTEPE SAHİL SPOR TESİSİ seçildi
2025-08-05 06:32:52,821 - AlertAvailableSessions - INFO - Get Sessions Info
2025-08-05 06:32:52,959 - AlertAvailableSessions - WARNING - No checkbox rendered for 07.08.2025 21:00 - 22:00
2025-08-05 06:38:03,489 - AlertAvailableSessions - INFO - Login Successfully
2025-08-05 06:38:03,691 - AlertAvailableSessions - INFO - Login sonrası popup kapatıldı
2025-08-05 06:38:04,252 - AlertAvailableSessions - INFO - Seans Secim Buton was Clicked
2025-08-05 06:38:05,366 - AlertAvailableSessions - INFO - Branş dropdown açıldı
2025-08-05 06:38:06,442 - AlertAvailableSessions - INFO - TENİS seçildi
2025-08-05 06:38:06,935 - AlertAvailableSessions - INFO - Tesis dropdown açıldı
2025-08-05 06:38:08,005 - AlertAvailableSessions - INFO - MALTEPE SAHİL SPOR TESİSİ seçildi
2025-08-05 06:38:08,478 - AlertAvailableSessions - INFO - Get Sessions Info
2025-08-05 06:38:08,559 - AlertAvailableSessions - WARNING - No checkbox rendered for 07.08.2025 21:00 - 22:00
2025-08-05 06:38:42,193 - AlertAvailableSessions - INFO - Login Successfully
2025-08-05 06:38:45,092 - AlertAvailableSessions - INFO - Login sonrası popup kapatıldı
2025-08-05 06:38:45,621 - AlertAvailableSessions - INFO - Seans Secim Buton was Clicked
2025-08-05 06:38:46,722 - AlertAvailableSessions - INFO - Branş dropdown açıldı
2025-08-05 06:38:47,798 - AlertAvailableSessions - INFO - TENİS seçildi
2025-08-05 06:38:48,262 - AlertAvailableSessions - INFO - Tesis dropdown açıldı
2025-08-05 06:38:49,338 - AlertAvailableSessions - INFO - MALTEPE SAHİL SPOR TESİSİ seçildi
2025-08-05 06:38:49,830 - AlertAvailableSessions - INFO - Get Sessions Info
2025-08-05 06:38:49,930 - AlertAvailableSessions - WARNING - No checkbox rendered for 06.08.2025 20:00 - 21:00
2025-08-05 06:43:16,266 - AlertAvailableSessions - INFO - Login Successfully
2025-08-05 06:43:18,981 - AlertAvailableSessions - INFO - Login sonrası popup kapatıldı
2025-08-05 06:43:19,467 - AlertAvailableSessions - INFO - Seans Secim Buton was Clicked
2025-08-05 06:43:20,564 - AlertAvailableSessions - INFO - Branş dropdown açıldı
2025-08-05 06:43:21,649 - AlertAvailableSessions - INFO - TENİS seçildi
2025-08-05 06:43:22,174 - AlertAvailableSessions - INFO - Tesis dropdown açıldı
2025-08-05 06:43:23,253 - AlertAvailableSessions - INFO - MALTEPE SAHİL SPOR TESİSİ seçildi
2025-08-05 06:43:23,742 - AlertAvailableSessions - INFO - Get Sessions Info
2025-08-05 06:43:23,853 - AlertAvailableSessions - WARNING - No checkbox rendered for 07.08.2025 21:00 - 22:00
2025-08-05 06:46:00,612 - AlertAvailableSessions - INFO - Login Successfully
2025-08-05 06:46:00,831 - AlertAvailableSessions - INFO - Login sonrası popup kapatıldı
2025-08-05 06:46:01,725 - AlertAvailableSessions - INFO - Seans Secim Buton was Clicked
2025-08-05 06:46:02,853 - AlertAvailableSessions - INFO - Branş dropdown açıldı
2025-08-05 06:46:03,924 - AlertAvailableSessions - INFO - TENİS seçildi
2025-08-05 06:46:04,401 - AlertAvailableSessions - INFO - Tesis dropdown açıldı
2025-08-05 06:46:05,476 - AlertAvailableSessions - INFO - MALTEPE SAHİL SPOR TESİSİ seçildi
2025-08-05 06:46:05,740 - AlertAvailableSessions - INFO - Get Sessions Info
2025-08-05 06:46:06,050 - AlertAvailableSessions - WARNING - No checkbox rendered for 06.08.2025 20:00 - 21:00
2025-08-05 06:48:34,254 - AlertAvailableSessions - INFO - Login Successfully
2025-08-05 06:48:34,408 - AlertAvailableSessions - INFO - Login sonrası popup kapatıldı
2025-08-05 06:48:34,897 - AlertAvailableSessions - INFO - Seans Secim Buton was Clicked
2025-08-05 06:48:35,986 - AlertAvailableSessions - INFO - Branş dropdown açıldı
2025-08-05 06:48:37,101 - AlertAvailableSessions - INFO - TENİS seçildi
2025-08-05 06:48:37,559 - AlertAvailableSessions - INFO - Tesis dropdown açıldı
2025-08-05 06:48:38,636 - AlertAvailableSessions - INFO - MALTEPE SAHİL SPOR TESİSİ seçildi
2025-08-05 06:48:39,170 - AlertAvailableSessions - INFO - Get Sessions Info
2025-08-05 06:48:39,274 - AlertAvailableSessions - WARNING - No checkbox rendered for 07.08.2025 21:00 - 22:00
2025-08-05 06:53:12,750 - AlertAvailableSessions - INFO - Login Successfully
2025-08-05 06:53:15,556 - AlertAvailableSessions - INFO - Login sonrası popup kapatıldı
2025-08-05 06:53:16,466 - AlertAvailableSessions - INFO - Seans Secim Buton was Clicked
2025-08-05 06:53:17,583 - AlertAvailableSessions - INFO - Branş dropdown açıldı
2025-08-05 06:53:18,678 - AlertAvailableSessions - INFO - TENİS seçildi
2025-08-05 06:53:19,212 - AlertAvailableSessions - INFO - Tesis dropdown açıldı
2025-08-05 06:53:20,305 - AlertAvailableSessions - INFO - MALTEPE SAHİL SPOR TESİSİ seçildi
2025-08-05 06:53:20,809 - AlertAvailableSessions - INFO - Get Sessions Info
2025-08-05 06:53:20,914 - AlertAvailableSessions - WARNING - No checkbox rendered for 06.08.2025 20:00 - 21:00
2025-08-05 06:53:48,397 - AlertAvailableSessions - INFO - Login Successfully
2025-08-05 06:53:48,577 - AlertAvailableSessions - INFO - Login sonrası popup kapatıldı
2025-08-05 06:53:49,058 - AlertAvailableSessions - INFO - Seans Secim Buton was Clicked
2025-08-05 06:53:50,160 - AlertAvailableSessions - INFO - Branş dropdown açıldı
2025-08-05 06:53:51,216 - AlertAvailableSessions - INFO - TENİS seçildi
2025-08-05 06:53:52,123 - AlertAvailableSessions - INFO - Tesis dropdown açıldı
2025-08-05 06:53:53,200 - AlertAvailableSessions - INFO - MALTEPE SAHİL SPOR TESİSİ seçildi
2025-08-05 06:53:53,754 - AlertAvailableSessions - INFO - Get Sessions Info
2025-08-05 06:53:53,904 - AlertAvailableSessions - WARNING - No checkbox rendered for 07.08.2025 21:00 - 22:00
2025-08-05 06:59:01,689 - AlertAvailableSessions - INFO - Login Successfully
2025-08-05 06:59:05,155 - AlertAvailableSessions - INFO - Popup mevcut değil, devam ediliyor
2025-08-05 06:59:05,638 - AlertAvailableSessions - INFO - Seans Secim Buton was Clicked
2025-08-05 06:59:06,788 - AlertAvailableSessions - INFO - Branş dropdown açıldı
2025-08-05 06:59:07,851 - AlertAvailableSessions - INFO - TENİS seçildi
2025-08-05 06:59:08,402 - AlertAvailableSessions - INFO - Tesis dropdown açıldı
2025-08-05 06:59:09,505 - AlertAvailableSessions - INFO - MALTEPE SAHİL SPOR TESİSİ seçildi
2025-08-05 06:59:10,082 - AlertAvailableSessions - INFO - Get Sessions Info
2025-08-05 06:59:10,211 - AlertAvailableSessions - WARNING - No checkbox rendered for 07.08.2025 21:00 - 22:00
2025-08-05 07:00:28,782 - AlertAvailableSessions - INFO - Login Successfully
2025-08-05 07:00:32,006 - AlertAvailableSessions - INFO - Login sonrası popup kapatıldı
2025-08-05 07:00:32,525 - AlertAvailableSessions - INFO - Seans Secim Buton was Clicked
2025-08-05 07:00:33,616 - AlertAvailableSessions - INFO - Branş dropdown açıldı
2025-08-05 07:00:34,683 - AlertAvailableSessions - INFO - TENİS seçildi
2025-08-05 07:00:35,171 - AlertAvailableSessions - INFO - Tesis dropdown açıldı
2025-08-05 07:00:36,233 - AlertAvailableSessions - INFO - MALTEPE SAHİL SPOR TESİSİ seçildi
2025-08-05 07:00:36,732 - AlertAvailableSessions - INFO - Get Sessions Info
2025-08-05 07:00:36,816 - AlertAvailableSessions - WARNING - No checkbox rendered for 06.08.2025 20:00 - 21:00
2025-08-05 07:04:17,924 - AlertAvailableSessions - INFO - Login Successfully
2025-08-05 07:04:21,042 - AlertAvailableSessions - INFO - Login sonrası popup kapatıldı
2025-08-05 07:04:21,952 - AlertAvailableSessions - INFO - Seans Secim Buton was Clicked
2025-08-05 07:04:23,073 - AlertAvailableSessions - INFO - Branş dropdown açıldı
2025-08-05 07:04:24,164 - AlertAvailableSessions - INFO - TENİS seçildi
2025-08-05 07:04:24,701 - AlertAvailableSessions - INFO - Tesis dropdown açıldı
2025-08-05 07:04:25,783 - AlertAvailableSessions - INFO - MALTEPE SAHİL SPOR TESİSİ seçildi
2025-08-05 07:04:26,305 - AlertAvailableSessions - INFO - Get Sessions Info
2025-08-05 07:04:26,421 - AlertAvailableSessions - WARNING - No checkbox rendered for 07.08.2025 21:00 - 22:00
2025-08-05 07:07:47,443 - AlertAvailableSessions - INFO - Login Successfully
2025-08-05 07:07:47,591 - AlertAvailableSessions - INFO - Login sonrası popup kapatıldı
2025-08-05 07:07:48,471 - AlertAvailableSessions - INFO - Seans Secim Buton was Clicked
2025-08-05 07:07:49,557 - AlertAvailableSessions - INFO - Branş dropdown açıldı
2025-08-05 07:07:50,623 - AlertAvailableSessions - INFO - TENİS seçildi
2025-08-05 07:07:51,117 - AlertAvailableSessions - INFO - Tesis dropdown açıldı
2025-08-05 07:07:52,192 - AlertAvailableSessions - INFO - MALTEPE SAHİL SPOR TESİSİ seçildi
2025-08-05 07:07:52,714 - AlertAvailableSessions - INFO - Get Sessions Info
2025-08-05 07:07:52,784 - AlertAvailableSessions - WARNING - No checkbox rendered for 06.08.2025 20:00 - 21:00
2025-08-05 07:09:33,190 - AlertAvailableSessions - INFO - Login Successfully
2025-08-05 07:09:36,047 - AlertAvailableSessions - INFO - Login sonrası popup kapatıldı
2025-08-05 07:09:36,585 - AlertAvailableSessions - INFO - Seans Secim Buton was Clicked
2025-08-05 07:09:37,677 - AlertAvailableSessions - INFO - Branş dropdown açıldı
2025-08-05 07:09:38,754 - AlertAvailableSessions - INFO - TENİS seçildi
2025-08-05 07:09:39,264 - AlertAvailableSessions - INFO - Tesis dropdown açıldı
2025-08-05 07:09:40,372 - AlertAvailableSessions - INFO - MALTEPE SAHİL SPOR TESİSİ seçildi
2025-08-05 07:09:40,383 - AlertAvailableSessions - INFO - Get Sessions Info
2025-08-05 07:09:40,973 - AlertAvailableSessions - WARNING - No checkbox rendered for 07.08.2025 21:00 - 22:00
2025-08-05 07:14:48,609 - AlertAvailableSessions - INFO - Login Successfully
2025-08-05 07:14:51,633 - AlertAvailableSessions - INFO - Login sonrası popup kapatıldı
2025-08-05 07:14:52,513 - AlertAvailableSessions - INFO - Seans Secim Buton was Clicked
2025-08-05 07:14:53,642 - AlertAvailableSessions - INFO - Branş dropdown açıldı
2025-08-05 07:14:54,734 - AlertAvailableSessions - INFO - TENİS seçildi
2025-08-05 07:14:55,285 - AlertAvailableSessions - INFO - Tesis dropdown açıldı
2025-08-05 07:14:56,355 - AlertAvailableSessions - INFO - MALTEPE SAHİL SPOR TESİSİ seçildi
2025-08-05 07:14:56,968 - AlertAvailableSessions - INFO - Get Sessions Info
2025-08-05 07:14:57,135 - AlertAvailableSessions - WARNING - No checkbox rendered for 07.08.2025 21:00 - 22:00
2025-08-05 07:15:00,656 - AlertAvailableSessions - INFO - Login Successfully
2025-08-05 07:15:03,689 - AlertAvailableSessions - INFO - Login sonrası popup kapatıldı
2025-08-05 07:15:04,542 - AlertAvailableSessions - INFO - Seans Secim Buton was Clicked
2025-08-05 07:15:05,646 - AlertAvailableSessions - INFO - Branş dropdown açıldı
2025-08-05 07:15:06,719 - AlertAvailableSessions - INFO - TENİS seçildi
2025-08-05 07:15:07,216 - AlertAvailableSessions - INFO - Tesis dropdown açıldı
2025-08-05 07:15:08,275 - AlertAvailableSessions - INFO - MALTEPE SAHİL SPOR TESİSİ seçildi
2025-08-05 07:15:08,760 - AlertAvailableSessions - INFO - Get Sessions Info
2025-08-05 07:15:08,843 - AlertAvailableSessions - WARNING - No checkbox rendered for 06.08.2025 20:00 - 21:00
2025-08-05 07:20:04,776 - AlertAvailableSessions - INFO - Login Successfully
2025-08-05 07:20:08,113 - AlertAvailableSessions - INFO - Login sonrası popup kapatıldı
2025-08-05 07:20:08,981 - AlertAvailableSessions - INFO - Seans Secim Buton was Clicked
2025-08-05 07:20:10,074 - AlertAvailableSessions - INFO - Branş dropdown açıldı
2025-08-05 07:20:11,141 - AlertAvailableSessions - INFO - TENİS seçildi
2025-08-05 07:20:12,131 - AlertAvailableSessions - INFO - Tesis dropdown açıldı
2025-08-05 07:20:13,248 - AlertAvailableSessions - INFO - MALTEPE SAHİL SPOR TESİSİ seçildi
2025-08-05 07:20:13,745 - AlertAvailableSessions - INFO - Get Sessions Info
2025-08-05 07:20:13,864 - AlertAvailableSessions - WARNING - No checkbox rendered for 07.08.2025 21:00 - 22:00
2025-08-05 07:22:16,505 - AlertAvailableSessions - INFO - Login Successfully
2025-08-05 07:22:20,244 - AlertAvailableSessions - INFO - Login sonrası popup kapatıldı
2025-08-05 07:22:20,966 - AlertAvailableSessions - INFO - Seans Secim Buton was Clicked
2025-08-05 07:22:22,078 - AlertAvailableSessions - INFO - Branş dropdown açıldı
2025-08-05 07:22:23,187 - AlertAvailableSessions - INFO - TENİS seçildi
2025-08-05 07:22:23,690 - AlertAvailableSessions - INFO - Tesis dropdown açıldı
2025-08-05 07:22:24,747 - AlertAvailableSessions - INFO - MALTEPE SAHİL SPOR TESİSİ seçildi
2025-08-05 07:22:25,020 - AlertAvailableSessions - INFO - Get Sessions Info
2025-08-05 07:22:25,321 - AlertAvailableSessions - WARNING - No checkbox rendered for 06.08.2025 20:00 - 21:00
2025-08-05 07:25:27,007 - AlertAvailableSessions - INFO - Login Successfully
2025-08-05 07:25:27,188 - AlertAvailableSessions - INFO - Login sonrası popup kapatıldı
2025-08-05 07:25:27,775 - AlertAvailableSessions - INFO - Seans Secim Buton was Clicked
2025-08-05 07:25:28,908 - AlertAvailableSessions - INFO - Branş dropdown açıldı
2025-08-05 07:25:29,993 - AlertAvailableSessions - INFO - TENİS seçildi
2025-08-05 07:25:30,492 - AlertAvailableSessions - INFO - Tesis dropdown açıldı
2025-08-05 07:25:31,573 - AlertAvailableSessions - INFO - MALTEPE SAHİL SPOR TESİSİ seçildi
2025-08-05 07:25:32,080 - AlertAvailableSessions - INFO - Get Sessions Info
2025-08-05 07:25:32,222 - AlertAvailableSessions - WARNING - No checkbox rendered for 07.08.2025 21:00 - 22:00
2025-08-05 07:29:33,058 - AlertAvailableSessions - INFO - Login Successfully
2025-08-05 07:29:36,035 - AlertAvailableSessions - INFO - Login sonrası popup kapatıldı
2025-08-05 07:29:37,089 - AlertAvailableSessions - INFO - Seans Secim Buton was Clicked
2025-08-05 07:29:38,210 - AlertAvailableSessions - INFO - Branş dropdown açıldı
2025-08-05 07:29:39,305 - AlertAvailableSessions - INFO - TENİS seçildi
2025-08-05 07:29:40,302 - AlertAvailableSessions - INFO - Tesis dropdown açıldı
2025-08-05 07:29:41,377 - AlertAvailableSessions - INFO - MALTEPE SAHİL SPOR TESİSİ seçildi
2025-08-05 07:29:41,988 - AlertAvailableSessions - INFO - Get Sessions Info
2025-08-05 07:29:42,109 - AlertAvailableSessions - WARNING - No checkbox rendered for 06.08.2025 20:00 - 21:00
2025-08-05 07:30:43,114 - AlertAvailableSessions - INFO - Login Successfully
2025-08-05 07:30:43,290 - AlertAvailableSessions - INFO - Login sonrası popup kapatıldı
2025-08-05 07:30:43,821 - AlertAvailableSessions - INFO - Seans Secim Buton was Clicked
2025-08-05 07:30:44,919 - AlertAvailableSessions - INFO - Branş dropdown açıldı
2025-08-05 07:30:46,000 - AlertAvailableSessions - INFO - TENİS seçildi
2025-08-05 07:30:46,535 - AlertAvailableSessions - INFO - Tesis dropdown açıldı
2025-08-05 07:30:47,605 - AlertAvailableSessions - INFO - MALTEPE SAHİL SPOR TESİSİ seçildi
2025-08-05 07:30:48,074 - AlertAvailableSessions - INFO - Get Sessions Info
2025-08-05 07:30:48,152 - AlertAvailableSessions - WARNING - No checkbox rendered for 07.08.2025 21:00 - 22:00
2025-08-05 07:35:55,736 - AlertAvailableSessions - INFO - Login Successfully
2025-08-05 07:35:58,928 - AlertAvailableSessions - INFO - Login sonrası popup kapatıldı
2025-08-05 07:35:59,459 - AlertAvailableSessions - INFO - Seans Secim Buton was Clicked
2025-08-05 07:36:00,578 - AlertAvailableSessions - INFO - Branş dropdown açıldı
2025-08-05 07:36:01,638 - AlertAvailableSessions - INFO - TENİS seçildi
2025-08-05 07:36:02,607 - AlertAvailableSessions - INFO - Tesis dropdown açıldı
2025-08-05 07:36:03,672 - AlertAvailableSessions - INFO - MALTEPE SAHİL SPOR TESİSİ seçildi
2025-08-05 07:36:04,373 - AlertAvailableSessions - INFO - Get Sessions Info
2025-08-05 07:36:04,545 - AlertAvailableSessions - WARNING - No checkbox rendered for 07.08.2025 21:00 - 22:00
2025-08-05 07:36:52,929 - AlertAvailableSessions - INFO - Login Successfully
2025-08-05 07:36:53,080 - AlertAvailableSessions - INFO - Login sonrası popup kapatıldı
2025-08-05 07:36:53,595 - AlertAvailableSessions - INFO - Seans Secim Buton was Clicked
2025-08-05 07:36:54,699 - AlertAvailableSessions - INFO - Branş dropdown açıldı
2025-08-05 07:36:55,772 - AlertAvailableSessions - INFO - TENİS seçildi
2025-08-05 07:36:56,773 - AlertAvailableSessions - INFO - Tesis dropdown açıldı
2025-08-05 07:36:57,873 - AlertAvailableSessions - INFO - MALTEPE SAHİL SPOR TESİSİ seçildi
2025-08-05 07:36:58,695 - AlertAvailableSessions - INFO - Get Sessions Info
2025-08-05 07:36:58,830 - AlertAvailableSessions - WARNING - No checkbox rendered for 06.08.2025 20:00 - 21:00
2025-08-05 07:41:12,295 - AlertAvailableSessions - INFO - Login Successfully
2025-08-05 07:41:15,513 - AlertAvailableSessions - INFO - Login sonrası popup kapatıldı
2025-08-05 07:41:16,141 - AlertAvailableSessions - INFO - Seans Secim Buton was Clicked
2025-08-05 07:41:17,256 - AlertAvailableSessions - INFO - Branş dropdown açıldı
2025-08-05 07:41:18,327 - AlertAvailableSessions - INFO - TENİS seçildi
2025-08-05 07:41:18,788 - AlertAvailableSessions - INFO - Tesis dropdown açıldı
2025-08-05 07:41:19,854 - AlertAvailableSessions - INFO - MALTEPE SAHİL SPOR TESİSİ seçildi
2025-08-05 07:41:19,861 - AlertAvailableSessions - INFO - Get Sessions Info
2025-08-05 07:41:20,420 - AlertAvailableSessions - WARNING - No checkbox rendered for 07.08.2025 21:00 - 22:00
2025-08-05 07:44:06,530 - AlertAvailableSessions - INFO - Login Successfully
2025-08-05 07:44:09,519 - AlertAvailableSessions - INFO - Login sonrası popup kapatıldı
2025-08-05 07:44:10,144 - AlertAvailableSessions - INFO - Seans Secim Buton was Clicked
2025-08-05 07:44:11,253 - AlertAvailableSessions - INFO - Branş dropdown açıldı
2025-08-05 07:44:12,337 - AlertAvailableSessions - INFO - TENİS seçildi
2025-08-05 07:44:12,837 - AlertAvailableSessions - INFO - Tesis dropdown açıldı
2025-08-05 07:44:13,894 - AlertAvailableSessions - INFO - MALTEPE SAHİL SPOR TESİSİ seçildi
2025-08-05 07:44:14,371 - AlertAvailableSessions - INFO - Get Sessions Info
2025-08-05 07:44:14,463 - AlertAvailableSessions - WARNING - No checkbox rendered for 06.08.2025 20:00 - 21:00
2025-08-05 07:46:31,122 - AlertAvailableSessions - INFO - Login Successfully
2025-08-05 07:46:31,298 - AlertAvailableSessions - INFO - Login sonrası popup kapatıldı
2025-08-05 07:46:32,235 - AlertAvailableSessions - INFO - Seans Secim Buton was Clicked
2025-08-05 07:46:33,335 - AlertAvailableSessions - INFO - Branş dropdown açıldı
2025-08-05 07:46:34,401 - AlertAvailableSessions - INFO - TENİS seçildi
2025-08-05 07:46:34,896 - AlertAvailableSessions - INFO - Tesis dropdown açıldı
2025-08-05 07:46:35,966 - AlertAvailableSessions - INFO - MALTEPE SAHİL SPOR TESİSİ seçildi
2025-08-05 07:46:36,528 - AlertAvailableSessions - INFO - Get Sessions Info
2025-08-05 07:46:36,643 - AlertAvailableSessions - WARNING - No checkbox rendered for 07.08.2025 21:00 - 22:00
2025-08-05 07:51:24,576 - AlertAvailableSessions - INFO - Login Successfully
2025-08-05 07:51:24,709 - AlertAvailableSessions - INFO - Login sonrası popup kapatıldı
2025-08-05 07:51:25,318 - AlertAvailableSessions - INFO - Seans Secim Buton was Clicked
2025-08-05 07:51:26,416 - AlertAvailableSessions - INFO - Branş dropdown açıldı
2025-08-05 07:51:27,483 - AlertAvailableSessions - INFO - TENİS seçildi
2025-08-05 07:51:28,604 - AlertAvailableSessions - INFO - Tesis dropdown açıldı
2025-08-05 07:51:29,685 - AlertAvailableSessions - INFO - MALTEPE SAHİL SPOR TESİSİ seçildi
2025-08-05 07:51:30,168 - AlertAvailableSessions - INFO - Get Sessions Info
2025-08-05 07:51:30,248 - AlertAvailableSessions - WARNING - No checkbox rendered for 06.08.2025 20:00 - 21:00
2025-08-05 07:51:46,675 - AlertAvailableSessions - INFO - Login Successfully
2025-08-05 07:51:46,866 - AlertAvailableSessions - INFO - Login sonrası popup kapatıldı
2025-08-05 07:51:47,575 - AlertAvailableSessions - INFO - Seans Secim Buton was Clicked
2025-08-05 07:51:48,691 - AlertAvailableSessions - INFO - Branş dropdown açıldı
2025-08-05 07:51:49,787 - AlertAvailableSessions - INFO - TENİS seçildi
2025-08-05 07:51:50,288 - AlertAvailableSessions - INFO - Tesis dropdown açıldı
2025-08-05 07:51:51,353 - AlertAvailableSessions - INFO - MALTEPE SAHİL SPOR TESİSİ seçildi
2025-08-05 07:51:51,847 - AlertAvailableSessions - INFO - Get Sessions Info
2025-08-05 07:51:52,000 - AlertAvailableSessions - WARNING - No checkbox rendered for 07.08.2025 21:00 - 22:00
2025-08-05 07:57:02,348 - AlertAvailableSessions - INFO - Login Successfully
2025-08-05 07:57:02,507 - AlertAvailableSessions - INFO - Login sonrası popup kapatıldı
2025-08-05 07:57:03,028 - AlertAvailableSessions - INFO - Seans Secim Buton was Clicked
2025-08-05 07:57:04,139 - AlertAvailableSessions - INFO - Branş dropdown açıldı
2025-08-05 07:57:05,197 - AlertAvailableSessions - INFO - TENİS seçildi
2025-08-05 07:57:05,681 - AlertAvailableSessions - INFO - Tesis dropdown açıldı
2025-08-05 07:57:06,765 - AlertAvailableSessions - INFO - MALTEPE SAHİL SPOR TESİSİ seçildi
2025-08-05 07:57:07,261 - AlertAvailableSessions - INFO - Get Sessions Info
2025-08-05 07:57:07,341 - AlertAvailableSessions - WARNING - No checkbox rendered for 07.08.2025 21:00 - 22:00
2025-08-05 07:58:40,509 - AlertAvailableSessions - INFO - Login Successfully
2025-08-05 07:58:40,739 - AlertAvailableSessions - INFO - Login sonrası popup kapatıldı
2025-08-05 07:58:41,547 - AlertAvailableSessions - INFO - Seans Secim Buton was Clicked
2025-08-05 07:58:42,648 - AlertAvailableSessions - INFO - Branş dropdown açıldı
2025-08-05 07:58:43,722 - AlertAvailableSessions - INFO - TENİS seçildi
2025-08-05 07:58:44,181 - AlertAvailableSessions - INFO - Tesis dropdown açıldı
2025-08-05 07:58:45,255 - AlertAvailableSessions - INFO - MALTEPE SAHİL SPOR TESİSİ seçildi
2025-08-05 07:58:45,965 - AlertAvailableSessions - INFO - Get Sessions Info
2025-08-05 07:58:46,172 - AlertAvailableSessions - WARNING - No checkbox rendered for 06.08.2025 20:00 - 21:00
2025-08-05 08:02:14,943 - AlertAvailableSessions - INFO - Login Successfully
2025-08-05 08:02:17,820 - AlertAvailableSessions - INFO - Login sonrası popup kapatıldı
2025-08-05 08:02:18,331 - AlertAvailableSessions - INFO - Seans Secim Buton was Clicked
2025-08-05 08:02:19,448 - AlertAvailableSessions - INFO - Branş dropdown açıldı
2025-08-05 08:02:20,516 - AlertAvailableSessions - INFO - TENİS seçildi
2025-08-05 08:02:20,982 - AlertAvailableSessions - INFO - Tesis dropdown açıldı
2025-08-05 08:02:22,060 - AlertAvailableSessions - INFO - MALTEPE SAHİL SPOR TESİSİ seçildi
2025-08-05 08:02:22,556 - AlertAvailableSessions - INFO - Get Sessions Info
2025-08-05 08:02:22,635 - AlertAvailableSessions - WARNING - No checkbox rendered for 07.08.2025 21:00 - 22:00
2025-08-05 08:05:53,784 - AlertAvailableSessions - INFO - Login Successfully
2025-08-05 08:05:56,472 - AlertAvailableSessions - INFO - Login sonrası popup kapatıldı
2025-08-05 08:05:57,020 - AlertAvailableSessions - INFO - Seans Secim Buton was Clicked
2025-08-05 08:05:58,110 - AlertAvailableSessions - INFO - Branş dropdown açıldı
2025-08-05 08:05:59,187 - AlertAvailableSessions - INFO - TENİS seçildi
2025-08-05 08:06:00,266 - AlertAvailableSessions - INFO - Tesis dropdown açıldı
2025-08-05 08:06:01,367 - AlertAvailableSessions - INFO - MALTEPE SAHİL SPOR TESİSİ seçildi
2025-08-05 08:06:01,975 - AlertAvailableSessions - INFO - Get Sessions Info
2025-08-05 08:06:02,077 - AlertAvailableSessions - WARNING - No checkbox rendered for 06.08.2025 20:00 - 21:00
2025-08-05 08:07:33,006 - AlertAvailableSessions - INFO - Login Successfully
2025-08-05 08:07:33,159 - AlertAvailableSessions - INFO - Login sonrası popup kapatıldı
2025-08-05 08:07:34,999 - AlertAvailableSessions - INFO - Seans Secim Buton was Clicked
2025-08-05 08:07:35,097 - AlertAvailableSessions - INFO - Branş dropdown açıldı
2025-08-05 08:07:36,182 - AlertAvailableSessions - INFO - TENİS seçildi
2025-08-05 08:07:36,634 - AlertAvailableSessions - INFO - Tesis dropdown açıldı
2025-08-05 08:07:37,705 - AlertAvailableSessions - INFO - MALTEPE SAHİL SPOR TESİSİ seçildi
2025-08-05 08:07:38,277 - AlertAvailableSessions - INFO - Get Sessions Info
2025-08-05 08:07:38,446 - AlertAvailableSessions - WARNING - No checkbox rendered for 07.08.2025 21:00 - 22:00
2025-08-05 08:12:50,276 - AlertAvailableSessions - INFO - Login Successfully
2025-08-05 08:12:50,409 - AlertAvailableSessions - INFO - Login sonrası popup kapatıldı
2025-08-05 08:12:50,942 - AlertAvailableSessions - INFO - Seans Secim Buton was Clicked
2025-08-05 08:12:52,054 - AlertAvailableSessions - INFO - Branş dropdown açıldı
2025-08-05 08:12:53,146 - AlertAvailableSessions - INFO - TENİS seçildi
2025-08-05 08:12:54,097 - AlertAvailableSessions - INFO - Tesis dropdown açıldı
2025-08-05 08:12:55,201 - AlertAvailableSessions - INFO - MALTEPE SAHİL SPOR TESİSİ seçildi
2025-08-05 08:12:55,213 - AlertAvailableSessions - INFO - Get Sessions Info
2025-08-05 08:12:55,785 - AlertAvailableSessions - WARNING - No checkbox rendered for 07.08.2025 21:00 - 22:00
2025-08-05 08:13:09,703 - AlertAvailableSessions - INFO - Login Successfully
2025-08-05 08:13:12,520 - AlertAvailableSessions - INFO - Login sonrası popup kapatıldı
2025-08-05 08:13:13,028 - AlertAvailableSessions - INFO - Seans Secim Buton was Clicked
2025-08-05 08:13:14,151 - AlertAvailableSessions - INFO - Branş dropdown açıldı
2025-08-05 08:13:15,219 - AlertAvailableSessions - INFO - TENİS seçildi
2025-08-05 08:13:15,686 - AlertAvailableSessions - INFO - Tesis dropdown açıldı
2025-08-05 08:13:16,748 - AlertAvailableSessions - INFO - MALTEPE SAHİL SPOR TESİSİ seçildi
2025-08-05 08:13:17,271 - AlertAvailableSessions - INFO - Get Sessions Info
2025-08-05 08:13:17,377 - AlertAvailableSessions - WARNING - No checkbox rendered for 06.08.2025 20:00 - 21:00
2025-08-05 08:18:06,033 - AlertAvailableSessions - INFO - Login Successfully
2025-08-05 08:18:06,295 - AlertAvailableSessions - INFO - Login sonrası popup kapatıldı
2025-08-05 08:18:07,140 - AlertAvailableSessions - INFO - Seans Secim Buton was Clicked
2025-08-05 08:18:08,234 - AlertAvailableSessions - INFO - Branş dropdown açıldı
2025-08-05 08:18:09,314 - AlertAvailableSessions - INFO - TENİS seçildi
2025-08-05 08:18:09,796 - AlertAvailableSessions - INFO - Tesis dropdown açıldı
2025-08-05 08:18:10,877 - AlertAvailableSessions - INFO - MALTEPE SAHİL SPOR TESİSİ seçildi
2025-08-05 08:18:11,412 - AlertAvailableSessions - INFO - Get Sessions Info
2025-08-05 08:18:11,568 - AlertAvailableSessions - WARNING - No checkbox rendered for 07.08.2025 21:00 - 22:00
2025-08-05 08:20:25,153 - AlertAvailableSessions - INFO - Login Successfully
2025-08-05 08:20:28,626 - AlertAvailableSessions - INFO - Login sonrası popup kapatıldı
2025-08-05 08:20:29,103 - AlertAvailableSessions - INFO - Seans Secim Buton was Clicked
2025-08-05 08:20:30,236 - AlertAvailableSessions - INFO - Branş dropdown açıldı
2025-08-05 08:20:31,334 - AlertAvailableSessions - INFO - TENİS seçildi
2025-08-05 08:20:31,793 - AlertAvailableSessions - INFO - Tesis dropdown açıldı
2025-08-05 08:20:32,852 - AlertAvailableSessions - INFO - MALTEPE SAHİL SPOR TESİSİ seçildi
2025-08-05 08:20:33,329 - AlertAvailableSessions - INFO - Get Sessions Info
2025-08-05 08:20:33,412 - AlertAvailableSessions - WARNING - No checkbox rendered for 06.08.2025 20:00 - 21:00
2025-08-05 08:23:19,145 - AlertAvailableSessions - INFO - Login Successfully
2025-08-05 08:23:21,947 - AlertAvailableSessions - INFO - Login sonrası popup kapatıldı
2025-08-05 08:23:22,451 - AlertAvailableSessions - INFO - Seans Secim Buton was Clicked
2025-08-05 08:23:23,545 - AlertAvailableSessions - INFO - Branş dropdown açıldı
2025-08-05 08:23:24,605 - AlertAvailableSessions - INFO - TENİS seçildi
2025-08-05 08:23:25,078 - AlertAvailableSessions - INFO - Tesis dropdown açıldı
2025-08-05 08:23:26,148 - AlertAvailableSessions - INFO - MALTEPE SAHİL SPOR TESİSİ seçildi
2025-08-05 08:23:26,717 - AlertAvailableSessions - INFO - Get Sessions Info
2025-08-05 08:23:26,824 - AlertAvailableSessions - WARNING - No checkbox rendered for 07.08.2025 21:00 - 22:00
2025-08-05 08:27:41,015 - AlertAvailableSessions - INFO - Login Successfully
2025-08-05 08:27:43,675 - AlertAvailableSessions - INFO - Login sonrası popup kapatıldı
2025-08-05 08:27:44,203 - AlertAvailableSessions - INFO - Seans Secim Buton was Clicked
2025-08-05 08:27:45,304 - AlertAvailableSessions - INFO - Branş dropdown açıldı
2025-08-05 08:27:46,397 - AlertAvailableSessions - INFO - TENİS seçildi
2025-08-05 08:27:46,875 - AlertAvailableSessions - INFO - Tesis dropdown açıldı
2025-08-05 08:27:47,954 - AlertAvailableSessions - INFO - MALTEPE SAHİL SPOR TESİSİ seçildi
2025-08-05 08:27:48,437 - AlertAvailableSessions - INFO - Get Sessions Info
2025-08-05 08:27:48,553 - AlertAvailableSessions - WARNING - No checkbox rendered for 06.08.2025 20:00 - 21:00
2025-08-05 08:28:37,072 - AlertAvailableSessions - INFO - Login Successfully
2025-08-05 08:28:37,206 - AlertAvailableSessions - INFO - Login sonrası popup kapatıldı
2025-08-05 08:28:38,164 - AlertAvailableSessions - INFO - Seans Secim Buton was Clicked
2025-08-05 08:28:39,265 - AlertAvailableSessions - INFO - Branş dropdown açıldı
2025-08-05 08:28:40,369 - AlertAvailableSessions - INFO - TENİS seçildi
2025-08-05 08:28:41,028 - AlertAvailableSessions - INFO - Tesis dropdown açıldı
2025-08-05 08:28:42,108 - AlertAvailableSessions - INFO - MALTEPE SAHİL SPOR TESİSİ seçildi
2025-08-05 08:28:42,588 - AlertAvailableSessions - INFO - Get Sessions Info
2025-08-05 08:28:42,667 - AlertAvailableSessions - WARNING - No checkbox rendered for 07.08.2025 21:00 - 22:00
2025-08-05 08:33:52,627 - AlertAvailableSessions - INFO - Login Successfully
2025-08-05 08:33:52,741 - AlertAvailableSessions - INFO - Login sonrası popup kapatıldı
2025-08-05 08:33:53,599 - AlertAvailableSessions - INFO - Seans Secim Buton was Clicked
2025-08-05 08:33:54,721 - AlertAvailableSessions - INFO - Branş dropdown açıldı
2025-08-05 08:33:55,807 - AlertAvailableSessions - INFO - TENİS seçildi
2025-08-05 08:33:56,785 - AlertAvailableSessions - INFO - Tesis dropdown açıldı
2025-08-05 08:33:57,852 - AlertAvailableSessions - INFO - MALTEPE SAHİL SPOR TESİSİ seçildi
2025-08-05 08:33:58,298 - AlertAvailableSessions - INFO - Get Sessions Info
2025-08-05 08:33:58,437 - AlertAvailableSessions - WARNING - No checkbox rendered for 07.08.2025 21:00 - 22:00
2025-08-05 08:34:58,552 - AlertAvailableSessions - INFO - Login Successfully
2025-08-05 08:34:58,645 - AlertAvailableSessions - INFO - Login sonrası popup kapatıldı
2025-08-05 08:34:59,318 - AlertAvailableSessions - INFO - Seans Secim Buton was Clicked
2025-08-05 08:35:00,427 - AlertAvailableSessions - INFO - Branş dropdown açıldı
2025-08-05 08:35:01,519 - AlertAvailableSessions - INFO - TENİS seçildi
2025-08-05 08:35:02,421 - AlertAvailableSessions - INFO - Tesis dropdown açıldı
2025-08-05 08:35:03,505 - AlertAvailableSessions - INFO - MALTEPE SAHİL SPOR TESİSİ seçildi
2025-08-05 08:35:03,969 - AlertAvailableSessions - INFO - Get Sessions Info
2025-08-05 08:35:04,051 - AlertAvailableSessions - WARNING - No checkbox rendered for 06.08.2025 20:00 - 21:00
2025-08-05 08:39:08,519 - AlertAvailableSessions - INFO - Login Successfully
2025-08-05 08:39:08,698 - AlertAvailableSessions - INFO - Login sonrası popup kapatıldı
2025-08-05 08:39:09,197 - AlertAvailableSessions - INFO - Seans Secim Buton was Clicked
2025-08-05 08:39:10,342 - AlertAvailableSessions - INFO - Branş dropdown açıldı
2025-08-05 08:39:11,407 - AlertAvailableSessions - INFO - TENİS seçildi
2025-08-05 08:39:11,880 - AlertAvailableSessions - INFO - Tesis dropdown açıldı
2025-08-05 08:39:12,953 - AlertAvailableSessions - INFO - MALTEPE SAHİL SPOR TESİSİ seçildi
2025-08-05 08:39:13,436 - AlertAvailableSessions - INFO - Get Sessions Info
2025-08-05 08:39:13,582 - AlertAvailableSessions - WARNING - No checkbox rendered for 07.08.2025 21:00 - 22:00
2025-08-05 08:42:14,159 - AlertAvailableSessions - INFO - Login Successfully
2025-08-05 08:42:14,348 - AlertAvailableSessions - INFO - Login sonrası popup kapatıldı
2025-08-05 08:42:14,812 - AlertAvailableSessions - INFO - Seans Secim Buton was Clicked
2025-08-05 08:42:15,902 - AlertAvailableSessions - INFO - Branş dropdown açıldı
2025-08-05 08:42:17,004 - AlertAvailableSessions - INFO - TENİS seçildi
2025-08-05 08:42:17,971 - AlertAvailableSessions - INFO - Tesis dropdown açıldı
2025-08-05 08:42:19,045 - AlertAvailableSessions - INFO - MALTEPE SAHİL SPOR TESİSİ seçildi
2025-08-05 08:42:19,538 - AlertAvailableSessions - INFO - Get Sessions Info
2025-08-05 08:42:19,624 - AlertAvailableSessions - WARNING - No checkbox rendered for 06.08.2025 20:00 - 21:00
2025-08-05 08:44:21,386 - AlertAvailableSessions - INFO - Login Successfully
2025-08-05 08:44:23,996 - AlertAvailableSessions - INFO - Login sonrası popup kapatıldı
2025-08-05 08:44:25,042 - AlertAvailableSessions - INFO - Seans Secim Buton was Clicked
2025-08-05 08:44:26,161 - AlertAvailableSessions - INFO - Branş dropdown açıldı
2025-08-05 08:44:27,224 - AlertAvailableSessions - INFO - TENİS seçildi
2025-08-05 08:44:27,794 - AlertAvailableSessions - INFO - Tesis dropdown açıldı
2025-08-05 08:44:28,864 - AlertAvailableSessions - INFO - MALTEPE SAHİL SPOR TESİSİ seçildi
2025-08-05 08:44:29,370 - AlertAvailableSessions - INFO - Get Sessions Info
2025-08-05 08:44:29,469 - AlertAvailableSessions - WARNING - No checkbox rendered for 07.08.2025 21:00 - 22:00
2025-08-05 08:49:27,330 - AlertAvailableSessions - INFO - Login Successfully
2025-08-05 08:49:30,092 - AlertAvailableSessions - INFO - Login sonrası popup kapatıldı
2025-08-05 08:49:30,609 - AlertAvailableSessions - INFO - Seans Secim Buton was Clicked
2025-08-05 08:49:31,740 - AlertAvailableSessions - INFO - Branş dropdown açıldı
2025-08-05 08:49:32,864 - AlertAvailableSessions - INFO - TENİS seçildi
2025-08-05 08:49:33,359 - AlertAvailableSessions - INFO - Tesis dropdown açıldı
2025-08-05 08:49:34,425 - AlertAvailableSessions - INFO - MALTEPE SAHİL SPOR TESİSİ seçildi
2025-08-05 08:49:34,932 - AlertAvailableSessions - INFO - Get Sessions Info
2025-08-05 08:49:35,110 - AlertAvailableSessions - WARNING - No checkbox rendered for 06.08.2025 20:00 - 21:00
2025-08-05 08:49:40,738 - AlertAvailableSessions - INFO - Login Successfully
2025-08-05 08:49:40,940 - AlertAvailableSessions - INFO - Login sonrası popup kapatıldı
2025-08-05 08:49:41,475 - AlertAvailableSessions - INFO - Seans Secim Buton was Clicked
2025-08-05 08:49:42,572 - AlertAvailableSessions - INFO - Branş dropdown açıldı
2025-08-05 08:49:43,646 - AlertAvailableSessions - INFO - TENİS seçildi
2025-08-05 08:49:44,109 - AlertAvailableSessions - INFO - Tesis dropdown açıldı
2025-08-05 08:49:45,201 - AlertAvailableSessions - INFO - MALTEPE SAHİL SPOR TESİSİ seçildi
2025-08-05 08:49:45,658 - AlertAvailableSessions - INFO - Get Sessions Info
2025-08-05 08:49:45,807 - AlertAvailableSessions - WARNING - No checkbox rendered for 07.08.2025 21:00 - 22:00
2025-08-05 08:54:56,295 - AlertAvailableSessions - INFO - Login Successfully
2025-08-05 08:54:56,473 - AlertAvailableSessions - INFO - Login sonrası popup kapatıldı
2025-08-05 08:54:56,945 - AlertAvailableSessions - INFO - Seans Secim Buton was Clicked
2025-08-05 08:54:58,062 - AlertAvailableSessions - INFO - Branş dropdown açıldı
2025-08-05 08:54:59,199 - AlertAvailableSessions - INFO - TENİS seçildi
2025-08-05 08:54:59,686 - AlertAvailableSessions - INFO - Tesis dropdown açıldı
2025-08-05 08:55:00,763 - AlertAvailableSessions - INFO - MALTEPE SAHİL SPOR TESİSİ seçildi
2025-08-05 08:55:01,289 - AlertAvailableSessions - INFO - Get Sessions Info
2025-08-05 08:55:01,402 - AlertAvailableSessions - WARNING - No checkbox rendered for 07.08.2025 21:00 - 22:00
2025-08-05 08:56:44,940 - AlertAvailableSessions - INFO - Login Successfully
2025-08-05 08:56:45,037 - AlertAvailableSessions - INFO - Login sonrası popup kapatıldı
2025-08-05 08:56:45,548 - AlertAvailableSessions - INFO - Seans Secim Buton was Clicked
2025-08-05 08:56:46,645 - AlertAvailableSessions - INFO - Branş dropdown açıldı
2025-08-05 08:56:47,731 - AlertAvailableSessions - INFO - TENİS seçildi
2025-08-05 08:56:48,184 - AlertAvailableSessions - INFO - Tesis dropdown açıldı
2025-08-05 08:56:49,276 - AlertAvailableSessions - INFO - MALTEPE SAHİL SPOR TESİSİ seçildi
2025-08-05 08:56:49,760 - AlertAvailableSessions - INFO - Get Sessions Info
2025-08-05 08:56:49,891 - AlertAvailableSessions - WARNING - No checkbox rendered for 06.08.2025 20:00 - 21:00
2025-08-05 09:00:11,570 - AlertAvailableSessions - INFO - Login Successfully
2025-08-05 09:00:11,710 - AlertAvailableSessions - INFO - Login sonrası popup kapatıldı
2025-08-05 09:00:12,570 - AlertAvailableSessions - INFO - Seans Secim Buton was Clicked
2025-08-05 09:00:13,675 - AlertAvailableSessions - INFO - Branş dropdown açıldı
2025-08-05 09:00:14,796 - AlertAvailableSessions - INFO - TENİS seçildi
2025-08-05 09:00:15,268 - AlertAvailableSessions - INFO - Tesis dropdown açıldı
2025-08-05 09:00:16,341 - AlertAvailableSessions - INFO - MALTEPE SAHİL SPOR TESİSİ seçildi
2025-08-05 09:00:16,859 - AlertAvailableSessions - INFO - Get Sessions Info
2025-08-05 09:00:17,062 - AlertAvailableSessions - WARNING - No checkbox rendered for 07.08.2025 21:00 - 22:00
2025-08-05 09:03:57,428 - AlertAvailableSessions - INFO - Login Successfully
2025-08-05 09:04:00,277 - AlertAvailableSessions - INFO - Login sonrası popup kapatıldı
2025-08-05 09:04:01,322 - AlertAvailableSessions - INFO - Seans Secim Buton was Clicked
2025-08-05 09:04:02,448 - AlertAvailableSessions - INFO - Branş dropdown açıldı
2025-08-05 09:04:03,560 - AlertAvailableSessions - INFO - TENİS seçildi
2025-08-05 09:04:04,088 - AlertAvailableSessions - INFO - Tesis dropdown açıldı
2025-08-05 09:04:05,147 - AlertAvailableSessions - INFO - MALTEPE SAHİL SPOR TESİSİ seçildi
2025-08-05 09:04:05,751 - AlertAvailableSessions - INFO - Get Sessions Info
2025-08-05 09:04:05,952 - AlertAvailableSessions - WARNING - No checkbox rendered for 06.08.2025 20:00 - 21:00
2025-08-05 09:05:30,426 - AlertAvailableSessions - INFO - Login Successfully
2025-08-05 09:05:41,418 - AlertAvailableSessions - INFO - Login sonrası popup kapatıldı
2025-08-05 09:05:42,161 - AlertAvailableSessions - INFO - Seans Secim Buton was Clicked
2025-08-05 09:05:43,315 - AlertAvailableSessions - INFO - Branş dropdown açıldı
2025-08-05 09:05:44,380 - AlertAvailableSessions - INFO - TENİS seçildi
2025-08-05 09:05:44,989 - AlertAvailableSessions - INFO - Tesis dropdown açıldı
2025-08-05 09:05:46,049 - AlertAvailableSessions - INFO - MALTEPE SAHİL SPOR TESİSİ seçildi
2025-08-05 09:05:46,678 - AlertAvailableSessions - INFO - Get Sessions Info
2025-08-05 09:05:46,798 - AlertAvailableSessions - WARNING - No checkbox rendered for 07.08.2025 21:00 - 22:00
2025-08-05 09:10:56,615 - AlertAvailableSessions - INFO - Login Successfully
2025-08-05 09:11:04,806 - AlertAvailableSessions - INFO - Login sonrası popup kapatıldı
2025-08-05 09:11:05,700 - AlertAvailableSessions - INFO - Seans Secim Buton was Clicked
2025-08-05 09:11:06,797 - AlertAvailableSessions - INFO - Branş dropdown açıldı
2025-08-05 09:11:07,921 - AlertAvailableSessions - INFO - TENİS seçildi
2025-08-05 09:11:08,612 - AlertAvailableSessions - INFO - Tesis dropdown açıldı
2025-08-05 09:11:09,672 - AlertAvailableSessions - INFO - MALTEPE SAHİL SPOR TESİSİ seçildi
2025-08-05 09:11:11,062 - AlertAvailableSessions - INFO - Get Sessions Info
2025-08-05 09:11:11,124 - AlertAvailableSessions - WARNING - No checkbox rendered for 07.08.2025 21:00 - 22:00
2025-08-05 09:11:16,570 - AlertAvailableSessions - INFO - Login Successfully
2025-08-05 09:11:24,038 - AlertAvailableSessions - INFO - Login sonrası popup kapatıldı
2025-08-05 09:11:25,082 - AlertAvailableSessions - INFO - Seans Secim Buton was Clicked
2025-08-05 09:11:26,212 - AlertAvailableSessions - INFO - Branş dropdown açıldı
2025-08-05 09:11:27,325 - AlertAvailableSessions - INFO - TENİS seçildi
2025-08-05 09:11:27,930 - AlertAvailableSessions - INFO - Tesis dropdown açıldı
2025-08-05 09:11:28,998 - AlertAvailableSessions - INFO - MALTEPE SAHİL SPOR TESİSİ seçildi
2025-08-05 09:11:29,760 - AlertAvailableSessions - INFO - Get Sessions Info
2025-08-05 09:11:29,925 - AlertAvailableSessions - WARNING - No checkbox rendered for 06.08.2025 20:00 - 21:00
2025-08-05 09:16:38,089 - AlertAvailableSessions - INFO - Login Successfully
2025-08-05 09:16:38,235 - AlertAvailableSessions - INFO - Login sonrası popup kapatıldı
2025-08-05 09:16:39,407 - AlertAvailableSessions - INFO - Seans Secim Buton was Clicked
2025-08-05 09:16:40,519 - AlertAvailableSessions - INFO - Branş dropdown açıldı
2025-08-05 09:16:41,610 - AlertAvailableSessions - INFO - TENİS seçildi
2025-08-05 09:16:42,640 - AlertAvailableSessions - INFO - Tesis dropdown açıldı
2025-08-05 09:16:43,706 - AlertAvailableSessions - INFO - MALTEPE SAHİL SPOR TESİSİ seçildi
2025-08-05 09:16:44,293 - AlertAvailableSessions - INFO - Get Sessions Info
2025-08-05 09:16:44,435 - AlertAvailableSessions - WARNING - No checkbox rendered for 07.08.2025 21:00 - 22:00
2025-08-05 09:18:39,388 - AlertAvailableSessions - INFO - Login Successfully
2025-08-05 09:18:47,245 - AlertAvailableSessions - INFO - Login sonrası popup kapatıldı
2025-08-05 09:18:48,268 - AlertAvailableSessions - INFO - Seans Secim Buton was Clicked
2025-08-05 09:18:49,409 - AlertAvailableSessions - INFO - Branş dropdown açıldı
2025-08-05 09:18:50,487 - AlertAvailableSessions - INFO - TENİS seçildi
2025-08-05 09:18:51,606 - AlertAvailableSessions - INFO - Tesis dropdown açıldı
2025-08-05 09:18:52,714 - AlertAvailableSessions - INFO - MALTEPE SAHİL SPOR TESİSİ seçildi
2025-08-05 09:18:53,842 - AlertAvailableSessions - INFO - Get Sessions Info
2025-08-05 09:18:53,967 - AlertAvailableSessions - WARNING - No checkbox rendered for 06.08.2025 20:00 - 21:00
2025-08-05 09:21:53,829 - AlertAvailableSessions - INFO - Login Successfully
2025-08-05 09:22:01,444 - AlertAvailableSessions - INFO - Login sonrası popup kapatıldı
2025-08-05 09:22:02,066 - AlertAvailableSessions - INFO - Seans Secim Buton was Clicked
2025-08-05 09:22:03,160 - AlertAvailableSessions - INFO - Branş dropdown açıldı
2025-08-05 09:22:04,270 - AlertAvailableSessions - INFO - TENİS seçildi
2025-08-05 09:22:05,316 - AlertAvailableSessions - INFO - Tesis dropdown açıldı
2025-08-05 09:22:06,425 - AlertAvailableSessions - INFO - MALTEPE SAHİL SPOR TESİSİ seçildi
2025-08-05 09:22:06,436 - AlertAvailableSessions - INFO - Get Sessions Info
2025-08-05 09:22:07,268 - AlertAvailableSessions - WARNING - No checkbox rendered for 07.08.2025 21:00 - 22:00
2025-08-05 09:26:03,746 - AlertAvailableSessions - INFO - Login Successfully
2025-08-05 09:26:11,599 - AlertAvailableSessions - INFO - Login sonrası popup kapatıldı
2025-08-05 09:26:12,440 - AlertAvailableSessions - INFO - Seans Secim Buton was Clicked
2025-08-05 09:26:13,533 - AlertAvailableSessions - INFO - Branş dropdown açıldı
2025-08-05 09:26:14,617 - AlertAvailableSessions - INFO - TENİS seçildi
2025-08-05 09:26:15,712 - AlertAvailableSessions - INFO - Tesis dropdown açıldı
2025-08-05 09:26:16,783 - AlertAvailableSessions - INFO - MALTEPE SAHİL SPOR TESİSİ seçildi
2025-08-05 09:26:17,808 - AlertAvailableSessions - INFO - Get Sessions Info
2025-08-05 09:26:17,928 - AlertAvailableSessions - WARNING - No checkbox rendered for 06.08.2025 20:00 - 21:00
2025-08-05 09:27:24,608 - AlertAvailableSessions - INFO - Login Successfully
2025-08-05 09:27:24,658 - AlertAvailableSessions - INFO - Login sonrası popup kapatıldı
2025-08-05 09:27:25,285 - AlertAvailableSessions - INFO - Seans Secim Buton was Clicked
2025-08-05 09:27:26,393 - AlertAvailableSessions - INFO - Branş dropdown açıldı
2025-08-05 09:27:27,462 - AlertAvailableSessions - INFO - TENİS seçildi
2025-08-05 09:27:28,494 - AlertAvailableSessions - INFO - Tesis dropdown açıldı
2025-08-05 09:27:29,606 - AlertAvailableSessions - INFO - MALTEPE SAHİL SPOR TESİSİ seçildi
2025-08-05 09:27:30,204 - AlertAvailableSessions - INFO - Get Sessions Info
2025-08-05 09:27:30,319 - AlertAvailableSessions - WARNING - No checkbox rendered for 07.08.2025 21:00 - 22:00
2025-08-05 09:32:46,951 - AlertAvailableSessions - INFO - Login Successfully
2025-08-05 09:32:47,032 - AlertAvailableSessions - INFO - Login sonrası popup kapatıldı
2025-08-05 09:32:47,743 - AlertAvailableSessions - INFO - Seans Secim Buton was Clicked
2025-08-05 09:32:48,844 - AlertAvailableSessions - INFO - Branş dropdown açıldı
2025-08-05 09:32:49,908 - AlertAvailableSessions - INFO - TENİS seçildi
2025-08-05 09:32:51,011 - AlertAvailableSessions - INFO - Tesis dropdown açıldı
2025-08-05 09:32:52,097 - AlertAvailableSessions - INFO - MALTEPE SAHİL SPOR TESİSİ seçildi
2025-08-05 09:32:52,770 - AlertAvailableSessions - INFO - Get Sessions Info
2025-08-05 09:32:52,868 - AlertAvailableSessions - WARNING - No checkbox rendered for 07.08.2025 21:00 - 22:00
2025-08-05 09:33:27,706 - AlertAvailableSessions - INFO - Login Successfully
2025-08-05 09:33:35,205 - AlertAvailableSessions - INFO - Login sonrası popup kapatıldı
2025-08-05 09:33:35,918 - AlertAvailableSessions - INFO - Seans Secim Buton was Clicked
2025-08-05 09:33:37,041 - AlertAvailableSessions - INFO - Branş dropdown açıldı
2025-08-05 09:33:38,137 - AlertAvailableSessions - INFO - TENİS seçildi
2025-08-05 09:33:38,704 - AlertAvailableSessions - INFO - Tesis dropdown açıldı
2025-08-05 09:33:39,786 - AlertAvailableSessions - INFO - MALTEPE SAHİL SPOR TESİSİ seçildi
2025-08-05 09:33:40,503 - AlertAvailableSessions - INFO - Get Sessions Info
2025-08-05 09:33:40,598 - AlertAvailableSessions - WARNING - No checkbox rendered for 06.08.2025 20:00 - 21:00
2025-08-05 09:38:12,876 - AlertAvailableSessions - INFO - Login Successfully
2025-08-05 09:38:12,972 - AlertAvailableSessions - INFO - Login sonrası popup kapatıldı
2025-08-05 09:38:13,653 - AlertAvailableSessions - INFO - Seans Secim Buton was Clicked
2025-08-05 09:38:14,768 - AlertAvailableSessions - INFO - Branş dropdown açıldı
2025-08-05 09:38:15,873 - AlertAvailableSessions - INFO - TENİS seçildi
2025-08-05 09:38:17,019 - AlertAvailableSessions - INFO - Tesis dropdown açıldı
2025-08-05 09:38:18,098 - AlertAvailableSessions - INFO - MALTEPE SAHİL SPOR TESİSİ seçildi
2025-08-05 09:38:19,198 - AlertAvailableSessions - INFO - Get Sessions Info
2025-08-05 09:38:19,338 - AlertAvailableSessions - WARNING - No checkbox rendered for 07.08.2025 21:00 - 22:00
2025-08-05 09:40:51,414 - AlertAvailableSessions - INFO - Login Successfully
2025-08-05 09:40:58,282 - AlertAvailableSessions - INFO - Login sonrası popup kapatıldı
2025-08-05 09:40:59,039 - AlertAvailableSessions - INFO - Seans Secim Buton was Clicked
2025-08-05 09:41:00,183 - AlertAvailableSessions - INFO - Branş dropdown açıldı
2025-08-05 09:41:01,249 - AlertAvailableSessions - INFO - TENİS seçildi
2025-08-05 09:41:01,827 - AlertAvailableSessions - INFO - Tesis dropdown açıldı
2025-08-05 09:41:02,893 - AlertAvailableSessions - INFO - MALTEPE SAHİL SPOR TESİSİ seçildi
2025-08-05 09:41:03,452 - AlertAvailableSessions - INFO - Get Sessions Info
2025-08-05 09:41:03,532 - AlertAvailableSessions - WARNING - No checkbox rendered for 06.08.2025 20:00 - 21:00
2025-08-05 09:43:29,157 - AlertAvailableSessions - INFO - Login Successfully
2025-08-05 09:43:36,795 - AlertAvailableSessions - INFO - Login sonrası popup kapatıldı
2025-08-05 09:43:37,803 - AlertAvailableSessions - INFO - Seans Secim Buton was Clicked
2025-08-05 09:43:38,920 - AlertAvailableSessions - INFO - Branş dropdown açıldı
2025-08-05 09:43:40,001 - AlertAvailableSessions - INFO - TENİS seçildi
2025-08-05 09:43:40,537 - AlertAvailableSessions - INFO - Tesis dropdown açıldı
2025-08-05 09:43:41,618 - AlertAvailableSessions - INFO - MALTEPE SAHİL SPOR TESİSİ seçildi
2025-08-05 09:43:42,814 - AlertAvailableSessions - INFO - Get Sessions Info
2025-08-05 09:43:42,928 - AlertAvailableSessions - WARNING - No checkbox rendered for 07.08.2025 21:00 - 22:00
2025-08-05 09:48:12,833 - AlertAvailableSessions - INFO - Login Successfully
2025-08-05 09:48:20,311 - AlertAvailableSessions - INFO - Login sonrası popup kapatıldı
2025-08-05 09:48:21,043 - AlertAvailableSessions - INFO - Seans Secim Buton was Clicked
2025-08-05 09:48:22,172 - AlertAvailableSessions - INFO - Branş dropdown açıldı
2025-08-05 09:48:23,254 - AlertAvailableSessions - INFO - TENİS seçildi
2025-08-05 09:48:24,340 - AlertAvailableSessions - INFO - Tesis dropdown açıldı
2025-08-05 09:48:25,444 - AlertAvailableSessions - INFO - MALTEPE SAHİL SPOR TESİSİ seçildi
2025-08-05 09:48:25,455 - AlertAvailableSessions - INFO - Get Sessions Info
2025-08-05 09:48:26,179 - AlertAvailableSessions - WARNING - No checkbox rendered for 06.08.2025 20:00 - 21:00
2025-08-05 09:48:52,422 - AlertAvailableSessions - INFO - Login Successfully
2025-08-05 09:48:59,676 - AlertAvailableSessions - INFO - Login sonrası popup kapatıldı
2025-08-05 09:49:00,288 - AlertAvailableSessions - INFO - Seans Secim Buton was Clicked
2025-08-05 09:49:01,396 - AlertAvailableSessions - INFO - Branş dropdown açıldı
2025-08-05 09:49:02,457 - AlertAvailableSessions - INFO - TENİS seçildi
2025-08-05 09:49:03,218 - AlertAvailableSessions - INFO - Tesis dropdown açıldı
2025-08-05 09:49:04,287 - AlertAvailableSessions - INFO - MALTEPE SAHİL SPOR TESİSİ seçildi
2025-08-05 09:49:04,888 - AlertAvailableSessions - INFO - Get Sessions Info
2025-08-05 09:49:05,002 - AlertAvailableSessions - WARNING - No checkbox rendered for 07.08.2025 21:00 - 22:00
2025-08-05 09:54:15,933 - AlertAvailableSessions - INFO - Login Successfully
2025-08-05 09:54:23,440 - AlertAvailableSessions - INFO - Login sonrası popup kapatıldı
2025-08-05 09:54:24,187 - AlertAvailableSessions - INFO - Seans Secim Buton was Clicked
2025-08-05 09:54:25,270 - AlertAvailableSessions - INFO - Branş dropdown açıldı
2025-08-05 09:54:26,332 - AlertAvailableSessions - INFO - TENİS seçildi
2025-08-05 09:54:26,988 - AlertAvailableSessions - INFO - Tesis dropdown açıldı
2025-08-05 09:54:28,102 - AlertAvailableSessions - INFO - MALTEPE SAHİL SPOR TESİSİ seçildi
2025-08-05 09:54:28,835 - AlertAvailableSessions - INFO - Get Sessions Info
2025-08-05 09:54:28,946 - AlertAvailableSessions - WARNING - No checkbox rendered for 07.08.2025 21:00 - 22:00
2025-08-05 09:55:36,256 - AlertAvailableSessions - INFO - Login Successfully
2025-08-05 09:55:39,431 - AlertAvailableSessions - INFO - Popup mevcut değil, devam ediliyor
2025-08-05 09:55:40,153 - AlertAvailableSessions - INFO - Seans Secim Buton was Clicked
2025-08-05 09:55:41,261 - AlertAvailableSessions - INFO - Branş dropdown açıldı
2025-08-05 09:55:42,358 - AlertAvailableSessions - INFO - TENİS seçildi
2025-08-05 09:55:43,400 - AlertAvailableSessions - INFO - Tesis dropdown açıldı
2025-08-05 09:55:44,469 - AlertAvailableSessions - INFO - MALTEPE SAHİL SPOR TESİSİ seçildi
2025-08-05 09:55:44,729 - AlertAvailableSessions - INFO - Get Sessions Info
2025-08-05 09:55:45,114 - AlertAvailableSessions - WARNING - No checkbox rendered for 06.08.2025 20:00 - 21:00
2025-08-05 09:59:38,135 - AlertAvailableSessions - INFO - Login Successfully
2025-08-05 09:59:46,078 - AlertAvailableSessions - INFO - Login sonrası popup kapatıldı
2025-08-05 09:59:47,133 - AlertAvailableSessions - INFO - Seans Secim Buton was Clicked
2025-08-05 09:59:48,222 - AlertAvailableSessions - INFO - Branş dropdown açıldı
2025-08-05 09:59:49,294 - AlertAvailableSessions - INFO - TENİS seçildi
2025-08-05 09:59:50,346 - AlertAvailableSessions - INFO - Tesis dropdown açıldı
2025-08-05 09:59:51,421 - AlertAvailableSessions - INFO - MALTEPE SAHİL SPOR TESİSİ seçildi
2025-08-05 09:59:52,397 - AlertAvailableSessions - INFO - Get Sessions Info
2025-08-05 09:59:52,497 - AlertAvailableSessions - WARNING - No checkbox rendered for 07.08.2025 21:00 - 22:00
2025-08-05 10:02:54,414 - AlertAvailableSessions - INFO - Login Successfully
2025-08-05 10:03:02,071 - AlertAvailableSessions - INFO - Login sonrası popup kapatıldı
2025-08-05 10:03:02,672 - AlertAvailableSessions - INFO - Seans Secim Buton was Clicked
2025-08-05 10:03:03,777 - AlertAvailableSessions - INFO - Branş dropdown açıldı
2025-08-05 10:03:04,842 - AlertAvailableSessions - INFO - TENİS seçildi
2025-08-05 10:03:05,376 - AlertAvailableSessions - INFO - Tesis dropdown açıldı
2025-08-05 10:03:06,433 - AlertAvailableSessions - INFO - MALTEPE SAHİL SPOR TESİSİ seçildi
2025-08-05 10:03:06,731 - AlertAvailableSessions - INFO - Get Sessions Info
2025-08-05 10:03:07,083 - AlertAvailableSessions - WARNING - No checkbox rendered for 06.08.2025 20:00 - 21:00
2025-08-05 10:05:16,601 - AlertAvailableSessions - INFO - Login Successfully
2025-08-05 10:05:16,705 - AlertAvailableSessions - INFO - Login sonrası popup kapatıldı
2025-08-05 10:05:17,768 - AlertAvailableSessions - INFO - Seans Secim Buton was Clicked
2025-08-05 10:05:18,873 - AlertAvailableSessions - INFO - Branş dropdown açıldı
2025-08-05 10:05:19,987 - AlertAvailableSessions - INFO - TENİS seçildi
2025-08-05 10:05:20,759 - AlertAvailableSessions - INFO - Tesis dropdown açıldı
2025-08-05 10:05:21,838 - AlertAvailableSessions - INFO - MALTEPE SAHİL SPOR TESİSİ seçildi
2025-08-05 10:05:21,845 - AlertAvailableSessions - INFO - Get Sessions Info
2025-08-05 10:05:22,847 - AlertAvailableSessions - WARNING - No checkbox rendered for 07.08.2025 21:00 - 22:00
2025-08-05 10:11:44,772 - AlertAvailableSessions - INFO - Login Successfully
2025-08-05 10:11:47,058 - AlertAvailableSessions - INFO - Login Successfully
2025-08-05 10:11:47,153 - AlertAvailableSessions - INFO - Login sonrası popup kapatıldı
2025-08-05 10:11:55,345 - AlertAvailableSessions - INFO - Login sonrası popup kapatıldı
2025-08-05 10:11:56,536 - AlertAvailableSessions - INFO - Seans Secim Buton was Clicked
2025-08-05 10:11:57,633 - AlertAvailableSessions - INFO - Branş dropdown açıldı
2025-08-05 10:11:58,080 - AlertAvailableSessions - ERROR - Seans Secim Buton was NOT Clicked: Message: 
Stacktrace:
	GetHandleVerifier [0x0x10aba83+63395]
	GetHandleVerifier [0x0x10abac4+63460]
	(No symbol) [0x0xef2113]
	(No symbol) [0x0xf3a85e]
	(No symbol) [0x0xf3abfb]
	(No symbol) [0x0xf82f92]
	(No symbol) [0x0xf5f3f4]
	(No symbol) [0x0xf807ba]
	(No symbol) [0x0xf5f1a6]
	(No symbol) [0x0xf2e7b2]
	(No symbol) [0x0xf2f654]
	GetHandleVerifier [0x0x1328883+2672035]
	GetHandleVerifier [0x0x1323cba+2652634]
	GetHandleVerifier [0x0x10d2bca+223466]
	GetHandleVerifier [0x0x10c2cb8+158168]
	GetHandleVerifier [0x0x10c978d+185517]
	GetHandleVerifier [0x0x10b3b78+96408]
	GetHandleVerifier [0x0x10b3d02+96802]
	GetHandleVerifier [0x0x109e90a+9770]
	BaseThreadInitThunk [0x0x76825d49+25]
	RtlInitializeExceptionChain [0x0x7725d2fb+107]
	RtlGetAppContainerNamedObjectPath [0x0x7725d281+561]

2025-08-05 10:11:58,693 - AlertAvailableSessions - INFO - TENİS seçildi
2025-08-05 10:12:00,413 - AlertAvailableSessions - INFO - Tesis dropdown açıldı
2025-08-05 10:12:01,478 - AlertAvailableSessions - INFO - MALTEPE SAHİL SPOR TESİSİ seçildi
2025-08-05 10:12:02,316 - AlertAvailableSessions - INFO - Get Sessions Info
2025-08-05 10:12:02,444 - AlertAvailableSessions - WARNING - No checkbox rendered for 07.08.2025 21:00 - 22:00
2025-08-05 10:17:19,825 - AlertAvailableSessions - INFO - Login Successfully
2025-08-05 10:17:19,930 - AlertAvailableSessions - INFO - Login sonrası popup kapatıldı
2025-08-05 10:17:20,596 - AlertAvailableSessions - INFO - Seans Secim Buton was Clicked
2025-08-05 10:17:21,695 - AlertAvailableSessions - INFO - Branş dropdown açıldı
2025-08-05 10:17:22,793 - AlertAvailableSessions - INFO - TENİS seçildi
2025-08-05 10:17:23,389 - AlertAvailableSessions - INFO - Tesis dropdown açıldı
2025-08-05 10:17:24,446 - AlertAvailableSessions - INFO - MALTEPE SAHİL SPOR TESİSİ seçildi
2025-08-05 10:17:25,091 - AlertAvailableSessions - INFO - Get Sessions Info
2025-08-05 10:17:25,206 - AlertAvailableSessions - WARNING - No checkbox rendered for 07.08.2025 21:00 - 22:00
2025-08-05 10:19:18,654 - AlertAvailableSessions - INFO - Login Successfully
2025-08-05 10:19:18,726 - AlertAvailableSessions - INFO - Login sonrası popup kapatıldı
2025-08-05 10:19:19,379 - AlertAvailableSessions - INFO - Seans Secim Buton was Clicked
2025-08-05 10:19:20,528 - AlertAvailableSessions - INFO - Branş dropdown açıldı
2025-08-05 10:19:21,660 - AlertAvailableSessions - INFO - TENİS seçildi
2025-08-05 10:19:22,204 - AlertAvailableSessions - INFO - Tesis dropdown açıldı
2025-08-05 10:19:23,276 - AlertAvailableSessions - INFO - MALTEPE SAHİL SPOR TESİSİ seçildi
2025-08-05 10:19:23,806 - AlertAvailableSessions - INFO - Get Sessions Info
2025-08-05 10:19:23,883 - AlertAvailableSessions - WARNING - No checkbox rendered for 06.08.2025 20:00 - 21:00
2025-08-05 10:22:34,867 - AlertAvailableSessions - INFO - Login Successfully
2025-08-05 10:22:43,833 - AlertAvailableSessions - INFO - Login sonrası popup kapatıldı
2025-08-05 10:22:44,381 - AlertAvailableSessions - INFO - Seans Secim Buton was Clicked
2025-08-05 10:22:45,488 - AlertAvailableSessions - INFO - Branş dropdown açıldı
2025-08-05 10:22:46,557 - AlertAvailableSessions - INFO - TENİS seçildi
2025-08-05 10:22:47,559 - AlertAvailableSessions - INFO - Tesis dropdown açıldı
2025-08-05 10:22:48,661 - AlertAvailableSessions - INFO - MALTEPE SAHİL SPOR TESİSİ seçildi
2025-08-05 10:22:48,671 - AlertAvailableSessions - INFO - Get Sessions Info
2025-08-05 10:22:49,386 - AlertAvailableSessions - WARNING - No checkbox rendered for 07.08.2025 21:00 - 22:00
2025-08-05 10:26:33,579 - AlertAvailableSessions - INFO - Login Successfully
2025-08-05 10:26:41,756 - AlertAvailableSessions - INFO - Login sonrası popup kapatıldı
2025-08-05 10:26:42,782 - AlertAvailableSessions - INFO - Seans Secim Buton was Clicked
2025-08-05 10:26:43,898 - AlertAvailableSessions - INFO - Branş dropdown açıldı
2025-08-05 10:26:44,988 - AlertAvailableSessions - INFO - TENİS seçildi
2025-08-05 10:26:45,552 - AlertAvailableSessions - INFO - Tesis dropdown açıldı
2025-08-05 10:26:46,625 - AlertAvailableSessions - INFO - MALTEPE SAHİL SPOR TESİSİ seçildi
2025-08-05 10:26:47,158 - AlertAvailableSessions - INFO - Get Sessions Info
2025-08-05 10:26:47,237 - AlertAvailableSessions - WARNING - No checkbox rendered for 06.08.2025 20:00 - 21:00
2025-08-05 10:27:58,835 - AlertAvailableSessions - INFO - Login Successfully
2025-08-05 10:28:07,956 - AlertAvailableSessions - INFO - Login sonrası popup kapatıldı
2025-08-05 10:28:09,909 - AlertAvailableSessions - INFO - Seans Secim Buton was Clicked
2025-08-05 10:28:11,000 - AlertAvailableSessions - INFO - Branş dropdown açıldı
2025-08-05 10:28:12,097 - AlertAvailableSessions - INFO - TENİS seçildi
2025-08-05 10:28:12,914 - AlertAvailableSessions - INFO - Tesis dropdown açıldı
2025-08-05 10:28:14,006 - AlertAvailableSessions - INFO - MALTEPE SAHİL SPOR TESİSİ seçildi
2025-08-05 10:28:14,871 - AlertAvailableSessions - INFO - Get Sessions Info
2025-08-05 10:28:15,025 - AlertAvailableSessions - WARNING - No checkbox rendered for 07.08.2025 21:00 - 22:00
2025-08-05 10:33:24,891 - AlertAvailableSessions - INFO - Login Successfully
2025-08-05 10:33:32,391 - AlertAvailableSessions - INFO - Login sonrası popup kapatıldı
2025-08-05 10:33:33,007 - AlertAvailableSessions - INFO - Seans Secim Buton was Clicked
2025-08-05 10:33:34,103 - AlertAvailableSessions - INFO - Branş dropdown açıldı
2025-08-05 10:33:35,173 - AlertAvailableSessions - INFO - TENİS seçildi
2025-08-05 10:33:35,765 - AlertAvailableSessions - INFO - Tesis dropdown açıldı
2025-08-05 10:33:36,843 - AlertAvailableSessions - INFO - MALTEPE SAHİL SPOR TESİSİ seçildi
2025-08-05 10:33:36,851 - AlertAvailableSessions - INFO - Get Sessions Info
2025-08-05 10:33:37,478 - AlertAvailableSessions - WARNING - No checkbox rendered for 07.08.2025 21:00 - 22:00
2025-08-05 10:33:57,309 - AlertAvailableSessions - INFO - Login Successfully
2025-08-05 10:34:05,082 - AlertAvailableSessions - INFO - Login sonrası popup kapatıldı
2025-08-05 10:34:05,699 - AlertAvailableSessions - INFO - Seans Secim Buton was Clicked
2025-08-05 10:34:06,790 - AlertAvailableSessions - INFO - Branş dropdown açıldı
2025-08-05 10:34:07,883 - AlertAvailableSessions - INFO - TENİS seçildi
2025-08-05 10:34:08,451 - AlertAvailableSessions - INFO - Tesis dropdown açıldı
2025-08-05 10:34:09,512 - AlertAvailableSessions - INFO - MALTEPE SAHİL SPOR TESİSİ seçildi
2025-08-05 10:34:10,078 - AlertAvailableSessions - INFO - Get Sessions Info
2025-08-05 10:34:10,194 - AlertAvailableSessions - WARNING - No checkbox rendered for 06.08.2025 20:00 - 21:00
2025-08-05 10:38:57,658 - AlertAvailableSessions - INFO - Login Successfully
2025-08-05 10:38:57,743 - AlertAvailableSessions - INFO - Login sonrası popup kapatıldı
2025-08-05 10:38:58,414 - AlertAvailableSessions - INFO - Seans Secim Buton was Clicked
2025-08-05 10:38:59,515 - AlertAvailableSessions - INFO - Branş dropdown açıldı
2025-08-05 10:39:00,627 - AlertAvailableSessions - INFO - TENİS seçildi
2025-08-05 10:39:01,251 - AlertAvailableSessions - INFO - Tesis dropdown açıldı
2025-08-05 10:39:02,335 - AlertAvailableSessions - INFO - MALTEPE SAHİL SPOR TESİSİ seçildi
2025-08-05 10:39:02,343 - AlertAvailableSessions - INFO - Get Sessions Info
2025-08-05 10:39:02,990 - AlertAvailableSessions - WARNING - No checkbox rendered for 07.08.2025 21:00 - 22:00
2025-08-05 10:41:22,131 - AlertAvailableSessions - INFO - Login Successfully
2025-08-05 10:41:28,762 - AlertAvailableSessions - INFO - Login sonrası popup kapatıldı
2025-08-05 10:41:29,352 - AlertAvailableSessions - INFO - Seans Secim Buton was Clicked
2025-08-05 10:41:30,444 - AlertAvailableSessions - INFO - Branş dropdown açıldı
2025-08-05 10:41:31,517 - AlertAvailableSessions - INFO - TENİS seçildi
2025-08-05 10:41:32,047 - AlertAvailableSessions - INFO - Tesis dropdown açıldı
2025-08-05 10:41:33,110 - AlertAvailableSessions - INFO - MALTEPE SAHİL SPOR TESİSİ seçildi
2025-08-05 10:41:33,117 - AlertAvailableSessions - INFO - Get Sessions Info
2025-08-05 10:41:33,755 - AlertAvailableSessions - WARNING - No checkbox rendered for 06.08.2025 20:00 - 21:00
2025-08-05 10:44:22,168 - AlertAvailableSessions - INFO - Login Successfully
2025-08-05 10:44:22,224 - AlertAvailableSessions - INFO - Login sonrası popup kapatıldı
2025-08-05 10:44:22,948 - AlertAvailableSessions - INFO - Seans Secim Buton was Clicked
2025-08-05 10:44:24,073 - AlertAvailableSessions - INFO - Branş dropdown açıldı
2025-08-05 10:44:25,143 - AlertAvailableSessions - INFO - TENİS seçildi
2025-08-05 10:44:25,700 - AlertAvailableSessions - INFO - Tesis dropdown açıldı
2025-08-05 10:44:26,768 - AlertAvailableSessions - INFO - MALTEPE SAHİL SPOR TESİSİ seçildi
2025-08-05 10:44:27,364 - AlertAvailableSessions - INFO - Get Sessions Info
2025-08-05 10:44:27,488 - AlertAvailableSessions - WARNING - No checkbox rendered for 07.08.2025 21:00 - 22:00
2025-08-05 10:48:43,312 - AlertAvailableSessions - INFO - Login Successfully
2025-08-05 10:48:50,682 - AlertAvailableSessions - INFO - Login sonrası popup kapatıldı
2025-08-05 10:48:51,623 - AlertAvailableSessions - INFO - Seans Secim Buton was Clicked
2025-08-05 10:48:52,705 - AlertAvailableSessions - INFO - Branş dropdown açıldı
2025-08-05 10:48:53,773 - AlertAvailableSessions - INFO - TENİS seçildi
2025-08-05 10:48:54,740 - AlertAvailableSessions - INFO - Tesis dropdown açıldı
2025-08-05 10:48:55,800 - AlertAvailableSessions - INFO - MALTEPE SAHİL SPOR TESİSİ seçildi
2025-08-05 10:48:56,723 - AlertAvailableSessions - INFO - Get Sessions Info
2025-08-05 10:48:56,797 - AlertAvailableSessions - WARNING - No checkbox rendered for 06.08.2025 20:00 - 21:00
2025-08-05 10:49:44,414 - AlertAvailableSessions - INFO - Login Successfully
2025-08-05 10:49:44,499 - AlertAvailableSessions - INFO - Login sonrası popup kapatıldı
2025-08-05 10:49:45,152 - AlertAvailableSessions - INFO - Seans Secim Buton was Clicked
2025-08-05 10:49:46,262 - AlertAvailableSessions - INFO - Branş dropdown açıldı
2025-08-05 10:49:47,333 - AlertAvailableSessions - INFO - TENİS seçildi
2025-08-05 10:49:48,449 - AlertAvailableSessions - INFO - Tesis dropdown açıldı
2025-08-05 10:49:49,548 - AlertAvailableSessions - INFO - MALTEPE SAHİL SPOR TESİSİ seçildi
2025-08-05 10:49:50,448 - AlertAvailableSessions - INFO - Get Sessions Info
2025-08-05 10:49:50,569 - AlertAvailableSessions - WARNING - No checkbox rendered for 07.08.2025 21:00 - 22:00
2025-08-05 10:55:02,919 - AlertAvailableSessions - INFO - Login Successfully
2025-08-05 10:55:10,022 - AlertAvailableSessions - INFO - Login sonrası popup kapatıldı
2025-08-05 10:55:10,705 - AlertAvailableSessions - INFO - Seans Secim Buton was Clicked
2025-08-05 10:55:11,807 - AlertAvailableSessions - INFO - Branş dropdown açıldı
2025-08-05 10:55:12,877 - AlertAvailableSessions - INFO - TENİS seçildi
2025-08-05 10:55:14,130 - AlertAvailableSessions - INFO - Tesis dropdown açıldı
2025-08-05 10:55:15,220 - AlertAvailableSessions - INFO - MALTEPE SAHİL SPOR TESİSİ seçildi
2025-08-05 10:55:16,090 - AlertAvailableSessions - INFO - Get Sessions Info
2025-08-05 10:55:16,193 - AlertAvailableSessions - WARNING - No checkbox rendered for 07.08.2025 21:00 - 22:00
2025-08-05 10:56:06,224 - AlertAvailableSessions - INFO - Login Successfully
2025-08-05 10:56:13,731 - AlertAvailableSessions - INFO - Login sonrası popup kapatıldı
2025-08-05 10:56:14,798 - AlertAvailableSessions - INFO - Seans Secim Buton was Clicked
2025-08-05 10:56:15,889 - AlertAvailableSessions - INFO - Branş dropdown açıldı
2025-08-05 10:56:16,991 - AlertAvailableSessions - INFO - TENİS seçildi
2025-08-05 10:56:18,142 - AlertAvailableSessions - INFO - Tesis dropdown açıldı
2025-08-05 10:56:19,208 - AlertAvailableSessions - INFO - MALTEPE SAHİL SPOR TESİSİ seçildi
2025-08-05 10:56:20,154 - AlertAvailableSessions - INFO - Get Sessions Info
2025-08-05 10:56:20,232 - AlertAvailableSessions - WARNING - No checkbox rendered for 06.08.2025 20:00 - 21:00
2025-08-05 11:00:33,458 - AlertAvailableSessions - INFO - Login Successfully
2025-08-05 11:00:33,545 - AlertAvailableSessions - INFO - Login sonrası popup kapatıldı
2025-08-05 11:00:34,209 - AlertAvailableSessions - INFO - Seans Secim Buton was Clicked
2025-08-05 11:00:35,310 - AlertAvailableSessions - INFO - Branş dropdown açıldı
2025-08-05 11:00:36,373 - AlertAvailableSessions - INFO - TENİS seçildi
2025-08-05 11:00:36,931 - AlertAvailableSessions - INFO - Tesis dropdown açıldı
2025-08-05 11:00:38,001 - AlertAvailableSessions - INFO - MALTEPE SAHİL SPOR TESİSİ seçildi
2025-08-05 11:00:38,007 - AlertAvailableSessions - INFO - Get Sessions Info
2025-08-05 11:00:38,679 - AlertAvailableSessions - WARNING - No checkbox rendered for 07.08.2025 21:00 - 22:00
2025-08-05 11:03:38,776 - AlertAvailableSessions - INFO - Login Successfully
2025-08-05 11:03:38,874 - AlertAvailableSessions - INFO - Login sonrası popup kapatıldı
2025-08-05 11:03:40,621 - AlertAvailableSessions - INFO - Seans Secim Buton was Clicked
2025-08-05 11:03:41,708 - AlertAvailableSessions - INFO - Branş dropdown açıldı
2025-08-05 11:03:42,795 - AlertAvailableSessions - INFO - TENİS seçildi
2025-08-05 11:03:43,465 - AlertAvailableSessions - INFO - Tesis dropdown açıldı
2025-08-05 11:03:44,532 - AlertAvailableSessions - INFO - MALTEPE SAHİL SPOR TESİSİ seçildi
2025-08-05 11:03:45,399 - AlertAvailableSessions - INFO - Get Sessions Info
2025-08-05 11:03:45,490 - AlertAvailableSessions - WARNING - No checkbox rendered for 06.08.2025 20:00 - 21:00
2025-08-05 11:05:57,033 - AlertAvailableSessions - INFO - Login Successfully
2025-08-05 11:05:57,108 - AlertAvailableSessions - INFO - Login sonrası popup kapatıldı
2025-08-05 11:05:57,802 - AlertAvailableSessions - INFO - Seans Secim Buton was Clicked
2025-08-05 11:05:58,934 - AlertAvailableSessions - INFO - Branş dropdown açıldı
2025-08-05 11:06:00,007 - AlertAvailableSessions - INFO - TENİS seçildi
2025-08-05 11:06:00,579 - AlertAvailableSessions - INFO - Tesis dropdown açıldı
2025-08-05 11:06:01,649 - AlertAvailableSessions - INFO - MALTEPE SAHİL SPOR TESİSİ seçildi
2025-08-05 11:06:02,306 - AlertAvailableSessions - INFO - Get Sessions Info
2025-08-05 11:06:02,425 - AlertAvailableSessions - WARNING - No checkbox rendered for 07.08.2025 21:00 - 22:00
2025-08-05 11:10:54,193 - AlertAvailableSessions - INFO - Login Successfully
2025-08-05 11:11:01,203 - AlertAvailableSessions - INFO - Login sonrası popup kapatıldı
2025-08-05 11:11:01,840 - AlertAvailableSessions - INFO - Seans Secim Buton was Clicked
2025-08-05 11:11:02,941 - AlertAvailableSessions - INFO - Branş dropdown açıldı
2025-08-05 11:11:04,014 - AlertAvailableSessions - INFO - TENİS seçildi
2025-08-05 11:11:04,629 - AlertAvailableSessions - INFO - Tesis dropdown açıldı
2025-08-05 11:11:05,713 - AlertAvailableSessions - INFO - MALTEPE SAHİL SPOR TESİSİ seçildi
2025-08-05 11:11:06,713 - AlertAvailableSessions - INFO - Get Sessions Info
2025-08-05 11:11:06,817 - AlertAvailableSessions - WARNING - No checkbox rendered for 06.08.2025 20:00 - 21:00
2025-08-05 11:11:12,094 - AlertAvailableSessions - INFO - Login Successfully
2025-08-05 11:11:19,535 - AlertAvailableSessions - INFO - Login sonrası popup kapatıldı
2025-08-05 11:11:20,192 - AlertAvailableSessions - INFO - Seans Secim Buton was Clicked
2025-08-05 11:11:21,283 - AlertAvailableSessions - INFO - Branş dropdown açıldı
2025-08-05 11:11:22,355 - AlertAvailableSessions - INFO - TENİS seçildi
2025-08-05 11:11:22,995 - AlertAvailableSessions - INFO - Tesis dropdown açıldı
2025-08-05 11:11:24,059 - AlertAvailableSessions - INFO - MALTEPE SAHİL SPOR TESİSİ seçildi
2025-08-05 11:11:24,636 - AlertAvailableSessions - INFO - Get Sessions Info
2025-08-05 11:11:24,723 - AlertAvailableSessions - WARNING - No checkbox rendered for 07.08.2025 21:00 - 22:00
2025-08-05 11:16:35,915 - AlertAvailableSessions - INFO - Login Successfully
2025-08-05 11:16:43,176 - AlertAvailableSessions - INFO - Login sonrası popup kapatıldı
2025-08-05 11:16:43,936 - AlertAvailableSessions - INFO - Seans Secim Buton was Clicked
2025-08-05 11:16:45,028 - AlertAvailableSessions - INFO - Branş dropdown açıldı
2025-08-05 11:16:46,089 - AlertAvailableSessions - INFO - TENİS seçildi
2025-08-05 11:16:46,681 - AlertAvailableSessions - INFO - Tesis dropdown açıldı
2025-08-05 11:16:47,749 - AlertAvailableSessions - INFO - MALTEPE SAHİL SPOR TESİSİ seçildi
2025-08-05 11:16:47,756 - AlertAvailableSessions - INFO - Get Sessions Info
2025-08-05 11:16:48,543 - AlertAvailableSessions - WARNING - No checkbox rendered for 07.08.2025 21:00 - 22:00
2025-08-05 11:18:16,440 - AlertAvailableSessions - INFO - Login Successfully
2025-08-05 11:18:24,185 - AlertAvailableSessions - INFO - Login sonrası popup kapatıldı
2025-08-05 11:18:25,175 - AlertAvailableSessions - INFO - Seans Secim Buton was Clicked
2025-08-05 11:18:26,267 - AlertAvailableSessions - INFO - Branş dropdown açıldı
2025-08-05 11:18:27,375 - AlertAvailableSessions - INFO - TENİS seçildi
2025-08-05 11:18:27,979 - AlertAvailableSessions - INFO - Tesis dropdown açıldı
2025-08-05 11:18:29,037 - AlertAvailableSessions - INFO - MALTEPE SAHİL SPOR TESİSİ seçildi
2025-08-05 11:18:29,719 - AlertAvailableSessions - INFO - Get Sessions Info
2025-08-05 11:18:29,816 - AlertAvailableSessions - WARNING - No checkbox rendered for 06.08.2025 20:00 - 21:00
2025-08-05 11:22:05,663 - AlertAvailableSessions - INFO - Login Successfully
2025-08-05 11:22:05,734 - AlertAvailableSessions - INFO - Login sonrası popup kapatıldı
2025-08-05 11:22:06,503 - AlertAvailableSessions - INFO - Seans Secim Buton was Clicked
2025-08-05 11:22:07,597 - AlertAvailableSessions - INFO - Branş dropdown açıldı
2025-08-05 11:22:08,664 - AlertAvailableSessions - INFO - TENİS seçildi
2025-08-05 11:22:09,368 - AlertAvailableSessions - INFO - Tesis dropdown açıldı
2025-08-05 11:22:10,447 - AlertAvailableSessions - INFO - MALTEPE SAHİL SPOR TESİSİ seçildi
2025-08-05 11:22:10,713 - AlertAvailableSessions - INFO - Get Sessions Info
2025-08-05 11:22:11,153 - AlertAvailableSessions - WARNING - No checkbox rendered for 07.08.2025 21:00 - 22:00
2025-08-05 11:25:45,581 - AlertAvailableSessions - INFO - Login Successfully
2025-08-05 11:25:45,681 - AlertAvailableSessions - INFO - Login sonrası popup kapatıldı
2025-08-05 11:25:46,360 - AlertAvailableSessions - INFO - Seans Secim Buton was Clicked
2025-08-05 11:25:47,451 - AlertAvailableSessions - INFO - Branş dropdown açıldı
2025-08-05 11:25:48,526 - AlertAvailableSessions - INFO - TENİS seçildi
2025-08-05 11:25:49,111 - AlertAvailableSessions - INFO - Tesis dropdown açıldı
2025-08-05 11:25:50,177 - AlertAvailableSessions - INFO - MALTEPE SAHİL SPOR TESİSİ seçildi
2025-08-05 11:25:50,785 - AlertAvailableSessions - INFO - Get Sessions Info
2025-08-05 11:25:50,863 - AlertAvailableSessions - WARNING - No checkbox rendered for 06.08.2025 20:00 - 21:00
2025-08-05 11:27:20,989 - AlertAvailableSessions - INFO - Login Successfully
2025-08-05 11:27:28,457 - AlertAvailableSessions - INFO - Login sonrası popup kapatıldı
2025-08-05 11:27:29,438 - AlertAvailableSessions - INFO - Seans Secim Buton was Clicked
2025-08-05 11:27:30,522 - AlertAvailableSessions - INFO - Branş dropdown açıldı
2025-08-05 11:27:31,593 - AlertAvailableSessions - INFO - TENİS seçildi
2025-08-05 11:27:32,195 - AlertAvailableSessions - INFO - Tesis dropdown açıldı
2025-08-05 11:27:33,272 - AlertAvailableSessions - INFO - MALTEPE SAHİL SPOR TESİSİ seçildi
2025-08-05 11:27:33,609 - AlertAvailableSessions - INFO - Get Sessions Info
2025-08-05 11:27:34,336 - AlertAvailableSessions - WARNING - No checkbox rendered for 07.08.2025 21:00 - 22:00
2025-08-05 11:32:44,149 - AlertAvailableSessions - INFO - Login Successfully
2025-08-05 11:32:51,244 - AlertAvailableSessions - INFO - Login sonrası popup kapatıldı
2025-08-05 11:32:52,284 - AlertAvailableSessions - INFO - Seans Secim Buton was Clicked
2025-08-05 11:32:53,406 - AlertAvailableSessions - INFO - Branş dropdown açıldı
2025-08-05 11:32:54,470 - AlertAvailableSessions - INFO - TENİS seçildi
2025-08-05 11:32:55,876 - AlertAvailableSessions - INFO - Tesis dropdown açıldı
2025-08-05 11:32:56,938 - AlertAvailableSessions - INFO - MALTEPE SAHİL SPOR TESİSİ seçildi
2025-08-05 11:32:56,946 - AlertAvailableSessions - INFO - Get Sessions Info
2025-08-05 11:32:57,690 - AlertAvailableSessions - WARNING - No checkbox rendered for 07.08.2025 21:00 - 22:00
2025-08-05 11:33:00,948 - AlertAvailableSessions - INFO - Login Successfully
2025-08-05 11:33:09,104 - AlertAvailableSessions - INFO - Login sonrası popup kapatıldı
2025-08-05 11:33:09,728 - AlertAvailableSessions - INFO - Seans Secim Buton was Clicked
2025-08-05 11:33:10,828 - AlertAvailableSessions - INFO - Branş dropdown açıldı
2025-08-05 11:33:11,906 - AlertAvailableSessions - INFO - TENİS seçildi
2025-08-05 11:33:12,964 - AlertAvailableSessions - INFO - Tesis dropdown açıldı
2025-08-05 11:33:14,065 - AlertAvailableSessions - INFO - MALTEPE SAHİL SPOR TESİSİ seçildi
2025-08-05 11:33:14,727 - AlertAvailableSessions - INFO - Get Sessions Info
2025-08-05 11:33:14,861 - AlertAvailableSessions - WARNING - No checkbox rendered for 06.08.2025 20:00 - 21:00
2025-08-05 11:38:07,074 - AlertAvailableSessions - INFO - Login Successfully
2025-08-05 11:38:14,173 - AlertAvailableSessions - INFO - Login sonrası popup kapatıldı
2025-08-05 11:38:14,929 - AlertAvailableSessions - INFO - Seans Secim Buton was Clicked
2025-08-05 11:38:16,025 - AlertAvailableSessions - INFO - Branş dropdown açıldı
2025-08-05 11:38:17,110 - AlertAvailableSessions - INFO - TENİS seçildi
2025-08-05 11:38:17,655 - AlertAvailableSessions - INFO - Tesis dropdown açıldı
2025-08-05 11:38:18,733 - AlertAvailableSessions - INFO - MALTEPE SAHİL SPOR TESİSİ seçildi
2025-08-05 11:38:18,741 - AlertAvailableSessions - INFO - Get Sessions Info
2025-08-05 11:38:19,442 - AlertAvailableSessions - WARNING - No checkbox rendered for 07.08.2025 21:00 - 22:00
2025-08-05 11:40:25,133 - AlertAvailableSessions - INFO - Login Successfully
2025-08-05 11:40:32,467 - AlertAvailableSessions - INFO - Login sonrası popup kapatıldı
2025-08-05 11:40:43,260 - AlertAvailableSessions - ERROR - Seans Secim Buton was NOT Clicked: Message: 
Stacktrace:
	GetHandleVerifier [0x0x10aba83+63395]
	GetHandleVerifier [0x0x10abac4+63460]
	(No symbol) [0x0xef2113]
	(No symbol) [0x0xf3a85e]
	(No symbol) [0x0xf3abfb]
	(No symbol) [0x0xf82f92]
	(No symbol) [0x0xf5f3f4]
	(No symbol) [0x0xf807ba]
	(No symbol) [0x0xf5f1a6]
	(No symbol) [0x0xf2e7b2]
	(No symbol) [0x0xf2f654]
	GetHandleVerifier [0x0x1328883+2672035]
	GetHandleVerifier [0x0x1323cba+2652634]
	GetHandleVerifier [0x0x10d2bca+223466]
	GetHandleVerifier [0x0x10c2cb8+158168]
	GetHandleVerifier [0x0x10c978d+185517]
	GetHandleVerifier [0x0x10b3b78+96408]
	GetHandleVerifier [0x0x10b3d02+96802]
	GetHandleVerifier [0x0x109e90a+9770]
	BaseThreadInitThunk [0x0x76825d49+25]
	RtlInitializeExceptionChain [0x0x7725d2fb+107]
	RtlGetAppContainerNamedObjectPath [0x0x7725d281+561]

2025-08-05 11:43:29,287 - AlertAvailableSessions - INFO - Login Successfully
2025-08-05 11:43:36,834 - AlertAvailableSessions - INFO - Login sonrası popup kapatıldı
2025-08-05 11:43:37,784 - AlertAvailableSessions - INFO - Seans Secim Buton was Clicked
2025-08-05 11:43:38,897 - AlertAvailableSessions - INFO - Branş dropdown açıldı
2025-08-05 11:43:39,978 - AlertAvailableSessions - INFO - TENİS seçildi
2025-08-05 11:43:40,502 - AlertAvailableSessions - INFO - Tesis dropdown açıldı
2025-08-05 11:43:41,574 - AlertAvailableSessions - INFO - MALTEPE SAHİL SPOR TESİSİ seçildi
2025-08-05 11:43:42,883 - AlertAvailableSessions - INFO - Get Sessions Info
2025-08-05 11:43:42,990 - AlertAvailableSessions - WARNING - No checkbox rendered for 07.08.2025 21:00 - 22:00
2025-08-05 11:48:04,754 - AlertAvailableSessions - INFO - Login Successfully
2025-08-05 11:48:04,863 - AlertAvailableSessions - INFO - Login sonrası popup kapatıldı
2025-08-05 11:48:05,486 - AlertAvailableSessions - INFO - Seans Secim Buton was Clicked
2025-08-05 11:48:06,589 - AlertAvailableSessions - INFO - Branş dropdown açıldı
2025-08-05 11:48:07,676 - AlertAvailableSessions - INFO - TENİS seçildi
2025-08-05 11:48:08,978 - AlertAvailableSessions - INFO - Tesis dropdown açıldı
2025-08-05 11:48:10,090 - AlertAvailableSessions - INFO - MALTEPE SAHİL SPOR TESİSİ seçildi
2025-08-05 11:48:10,101 - AlertAvailableSessions - INFO - Get Sessions Info
2025-08-05 11:48:11,234 - AlertAvailableSessions - WARNING - No checkbox rendered for 06.08.2025 20:00 - 21:00
2025-08-05 11:49:00,832 - AlertAvailableSessions - INFO - Login Successfully
2025-08-05 11:49:00,928 - AlertAvailableSessions - INFO - Login sonrası popup kapatıldı
2025-08-05 11:49:01,585 - AlertAvailableSessions - INFO - Seans Secim Buton was Clicked
2025-08-05 11:49:02,712 - AlertAvailableSessions - INFO - Branş dropdown açıldı
2025-08-05 11:49:03,786 - AlertAvailableSessions - INFO - TENİS seçildi
2025-08-05 11:49:04,896 - AlertAvailableSessions - INFO - Tesis dropdown açıldı
2025-08-05 11:49:06,012 - AlertAvailableSessions - INFO - MALTEPE SAHİL SPOR TESİSİ seçildi
2025-08-05 11:49:06,729 - AlertAvailableSessions - INFO - Get Sessions Info
2025-08-05 11:49:06,885 - AlertAvailableSessions - WARNING - No checkbox rendered for 07.08.2025 21:00 - 22:00
2025-08-05 11:54:16,538 - AlertAvailableSessions - INFO - Login Successfully
2025-08-05 11:54:23,359 - AlertAvailableSessions - INFO - Login sonrası popup kapatıldı
2025-08-05 11:54:24,026 - AlertAvailableSessions - INFO - Seans Secim Buton was Clicked
2025-08-05 11:54:25,701 - AlertAvailableSessions - INFO - Branş dropdown açıldı
2025-08-05 11:54:26,803 - AlertAvailableSessions - INFO - TENİS seçildi
2025-08-05 11:54:27,960 - AlertAvailableSessions - INFO - Tesis dropdown açıldı
2025-08-05 11:54:29,049 - AlertAvailableSessions - INFO - MALTEPE SAHİL SPOR TESİSİ seçildi
2025-08-05 11:54:30,120 - AlertAvailableSessions - INFO - Get Sessions Info
2025-08-05 11:54:30,271 - AlertAvailableSessions - WARNING - No checkbox rendered for 07.08.2025 21:00 - 22:00
2025-08-05 11:55:21,049 - AlertAvailableSessions - INFO - Login Successfully
2025-08-05 11:55:28,828 - AlertAvailableSessions - INFO - Login sonrası popup kapatıldı
2025-08-05 11:55:29,474 - AlertAvailableSessions - INFO - Seans Secim Buton was Clicked
2025-08-05 11:55:30,588 - AlertAvailableSessions - INFO - Branş dropdown açıldı
2025-08-05 11:55:31,651 - AlertAvailableSessions - INFO - TENİS seçildi
2025-08-05 11:55:32,260 - AlertAvailableSessions - INFO - Tesis dropdown açıldı
2025-08-05 11:55:33,319 - AlertAvailableSessions - INFO - MALTEPE SAHİL SPOR TESİSİ seçildi
2025-08-05 11:55:33,590 - AlertAvailableSessions - INFO - Get Sessions Info
2025-08-05 11:55:33,983 - AlertAvailableSessions - WARNING - No checkbox rendered for 06.08.2025 20:00 - 21:00
2025-08-05 11:59:47,398 - AlertAvailableSessions - INFO - Login Successfully
2025-08-05 11:59:47,477 - AlertAvailableSessions - INFO - Login sonrası popup kapatıldı
2025-08-05 11:59:48,426 - AlertAvailableSessions - INFO - Seans Secim Buton was Clicked
2025-08-05 11:59:49,510 - AlertAvailableSessions - INFO - Branş dropdown açıldı
2025-08-05 11:59:50,608 - AlertAvailableSessions - INFO - TENİS seçildi
2025-08-05 11:59:51,705 - AlertAvailableSessions - INFO - Tesis dropdown açıldı
2025-08-05 11:59:52,795 - AlertAvailableSessions - INFO - MALTEPE SAHİL SPOR TESİSİ seçildi
2025-08-05 11:59:53,705 - AlertAvailableSessions - INFO - Get Sessions Info
2025-08-05 11:59:53,857 - AlertAvailableSessions - WARNING - No checkbox rendered for 07.08.2025 21:00 - 22:00
2025-08-05 12:02:46,178 - AlertAvailableSessions - INFO - Login Successfully
2025-08-05 12:02:53,490 - AlertAvailableSessions - INFO - Login sonrası popup kapatıldı
2025-08-05 12:02:54,118 - AlertAvailableSessions - INFO - Seans Secim Buton was Clicked
2025-08-05 12:02:55,219 - AlertAvailableSessions - INFO - Branş dropdown açıldı
2025-08-05 12:02:56,297 - AlertAvailableSessions - INFO - TENİS seçildi
2025-08-05 12:02:56,878 - AlertAvailableSessions - INFO - Tesis dropdown açıldı
2025-08-05 12:02:57,949 - AlertAvailableSessions - INFO - MALTEPE SAHİL SPOR TESİSİ seçildi
2025-08-05 12:02:58,218 - AlertAvailableSessions - INFO - Get Sessions Info
2025-08-05 12:02:58,577 - AlertAvailableSessions - WARNING - No checkbox rendered for 06.08.2025 20:00 - 21:00
2025-08-05 12:05:04,387 - AlertAvailableSessions - INFO - Login Successfully
2025-08-05 12:05:07,721 - AlertAvailableSessions - INFO - Popup mevcut değil, devam ediliyor
2025-08-05 12:05:08,418 - AlertAvailableSessions - INFO - Seans Secim Buton was Clicked
2025-08-05 12:05:09,555 - AlertAvailableSessions - INFO - Branş dropdown açıldı
2025-08-05 12:05:10,621 - AlertAvailableSessions - INFO - TENİS seçildi
2025-08-05 12:05:11,334 - AlertAvailableSessions - INFO - Tesis dropdown açıldı
2025-08-05 12:05:12,419 - AlertAvailableSessions - INFO - MALTEPE SAHİL SPOR TESİSİ seçildi
2025-08-05 12:05:13,085 - AlertAvailableSessions - INFO - Get Sessions Info
2025-08-05 12:05:13,182 - AlertAvailableSessions - WARNING - No checkbox rendered for 07.08.2025 21:00 - 22:00
2025-08-05 12:10:19,334 - AlertAvailableSessions - INFO - Login Successfully
2025-08-05 12:10:19,437 - AlertAvailableSessions - INFO - Login sonrası popup kapatıldı
2025-08-05 12:10:22,070 - AlertAvailableSessions - INFO - Seans Secim Buton was Clicked
2025-08-05 12:10:23,192 - AlertAvailableSessions - INFO - Branş dropdown açıldı
2025-08-05 12:10:24,282 - AlertAvailableSessions - INFO - TENİS seçildi
2025-08-05 12:10:26,702 - AlertAvailableSessions - INFO - Tesis dropdown açıldı
2025-08-05 12:10:27,773 - AlertAvailableSessions - INFO - MALTEPE SAHİL SPOR TESİSİ seçildi
2025-08-05 12:10:28,594 - AlertAvailableSessions - INFO - Get Sessions Info
2025-08-05 12:10:38,905 - AlertAvailableSessions - ERROR - ❌ Hata: Message: 
Stacktrace:
	GetHandleVerifier [0x0x10aba83+63395]
	GetHandleVerifier [0x0x10abac4+63460]
	(No symbol) [0x0xef2113]
	(No symbol) [0x0xf3a85e]
	(No symbol) [0x0xf3abfb]
	(No symbol) [0x0xf82f92]
	(No symbol) [0x0xf5f3f4]
	(No symbol) [0x0xf807ba]
	(No symbol) [0x0xf5f1a6]
	(No symbol) [0x0xf2e7b2]
	(No symbol) [0x0xf2f654]
	GetHandleVerifier [0x0x1328883+2672035]
	GetHandleVerifier [0x0x1323cba+2652634]
	GetHandleVerifier [0x0x10d2bca+223466]
	GetHandleVerifier [0x0x10c2cb8+158168]
	GetHandleVerifier [0x0x10c978d+185517]
	GetHandleVerifier [0x0x10b3b78+96408]
	GetHandleVerifier [0x0x10b3d02+96802]
	GetHandleVerifier [0x0x109e90a+9770]
	BaseThreadInitThunk [0x0x76825d49+25]
	RtlInitializeExceptionChain [0x0x7725d2fb+107]
	RtlGetAppContainerNamedObjectPath [0x0x7725d281+561]

2025-08-05 12:10:44,322 - AlertAvailableSessions - INFO - Login Successfully
2025-08-05 12:10:44,408 - AlertAvailableSessions - INFO - Login sonrası popup kapatıldı
2025-08-05 12:10:45,345 - AlertAvailableSessions - INFO - Seans Secim Buton was Clicked
2025-08-05 12:10:46,457 - AlertAvailableSessions - INFO - Branş dropdown açıldı
2025-08-05 12:10:47,529 - AlertAvailableSessions - INFO - TENİS seçildi
2025-08-05 12:10:48,284 - AlertAvailableSessions - INFO - Tesis dropdown açıldı
2025-08-05 12:10:49,386 - AlertAvailableSessions - INFO - MALTEPE SAHİL SPOR TESİSİ seçildi
2025-08-05 12:10:50,018 - AlertAvailableSessions - INFO - Get Sessions Info
2025-08-05 12:10:50,092 - AlertAvailableSessions - WARNING - No checkbox rendered for 07.08.2025 21:00 - 22:00
2025-08-05 12:16:07,828 - AlertAvailableSessions - INFO - Login Successfully
2025-08-05 12:16:16,959 - AlertAvailableSessions - INFO - Login sonrası popup kapatıldı
2025-08-05 12:16:17,786 - AlertAvailableSessions - INFO - Seans Secim Buton was Clicked
2025-08-05 12:16:18,888 - AlertAvailableSessions - INFO - Branş dropdown açıldı
2025-08-05 12:16:19,956 - AlertAvailableSessions - INFO - TENİS seçildi
2025-08-05 12:16:20,602 - AlertAvailableSessions - INFO - Tesis dropdown açıldı
2025-08-05 12:16:21,667 - AlertAvailableSessions - INFO - MALTEPE SAHİL SPOR TESİSİ seçildi
2025-08-05 12:16:22,213 - AlertAvailableSessions - INFO - Get Sessions Info
2025-08-05 12:16:22,291 - AlertAvailableSessions - WARNING - No checkbox rendered for 07.08.2025 21:00 - 22:00
2025-08-05 12:17:48,947 - AlertAvailableSessions - INFO - Login Successfully
2025-08-05 12:17:56,520 - AlertAvailableSessions - INFO - Login sonrası popup kapatıldı
2025-08-05 12:17:57,131 - AlertAvailableSessions - INFO - Seans Secim Buton was Clicked
2025-08-05 12:17:58,246 - AlertAvailableSessions - INFO - Branş dropdown açıldı
2025-08-05 12:17:59,304 - AlertAvailableSessions - INFO - TENİS seçildi
2025-08-05 12:17:59,914 - AlertAvailableSessions - INFO - Tesis dropdown açıldı
2025-08-05 12:18:00,983 - AlertAvailableSessions - INFO - MALTEPE SAHİL SPOR TESİSİ seçildi
2025-08-05 12:18:00,990 - AlertAvailableSessions - INFO - Get Sessions Info
2025-08-05 12:18:01,651 - AlertAvailableSessions - WARNING - No checkbox rendered for 06.08.2025 20:00 - 21:00
2025-08-05 12:21:32,571 - AlertAvailableSessions - INFO - Login Successfully
2025-08-05 12:21:40,142 - AlertAvailableSessions - INFO - Login sonrası popup kapatıldı
2025-08-05 12:21:40,762 - AlertAvailableSessions - INFO - Seans Secim Buton was Clicked
2025-08-05 12:21:41,877 - AlertAvailableSessions - INFO - Branş dropdown açıldı
2025-08-05 12:21:42,960 - AlertAvailableSessions - INFO - TENİS seçildi
2025-08-05 12:21:43,498 - AlertAvailableSessions - INFO - Tesis dropdown açıldı
2025-08-05 12:21:44,564 - AlertAvailableSessions - INFO - MALTEPE SAHİL SPOR TESİSİ seçildi
2025-08-05 12:21:45,262 - AlertAvailableSessions - INFO - Get Sessions Info
2025-08-05 12:21:45,371 - AlertAvailableSessions - WARNING - No checkbox rendered for 07.08.2025 21:00 - 22:00
2025-08-05 12:25:12,672 - AlertAvailableSessions - INFO - Login Successfully
2025-08-05 12:25:20,204 - AlertAvailableSessions - INFO - Login sonrası popup kapatıldı
2025-08-05 12:25:20,857 - AlertAvailableSessions - INFO - Seans Secim Buton was Clicked
2025-08-05 12:25:21,963 - AlertAvailableSessions - INFO - Branş dropdown açıldı
2025-08-05 12:25:23,070 - AlertAvailableSessions - INFO - TENİS seçildi
2025-08-05 12:25:23,581 - AlertAvailableSessions - INFO - Tesis dropdown açıldı
2025-08-05 12:25:24,672 - AlertAvailableSessions - INFO - MALTEPE SAHİL SPOR TESİSİ seçildi
2025-08-05 12:25:25,310 - AlertAvailableSessions - INFO - Get Sessions Info
2025-08-05 12:25:25,389 - AlertAvailableSessions - WARNING - No checkbox rendered for 06.08.2025 20:00 - 21:00
2025-08-05 12:27:02,407 - AlertAvailableSessions - INFO - Login Successfully
2025-08-05 12:27:02,457 - AlertAvailableSessions - INFO - Login sonrası popup kapatıldı
2025-08-05 12:27:03,509 - AlertAvailableSessions - INFO - Seans Secim Buton was Clicked
2025-08-05 12:27:04,604 - AlertAvailableSessions - INFO - Branş dropdown açıldı
2025-08-05 12:27:05,700 - AlertAvailableSessions - INFO - TENİS seçildi
2025-08-05 12:27:06,766 - AlertAvailableSessions - INFO - Tesis dropdown açıldı
2025-08-05 12:27:07,834 - AlertAvailableSessions - INFO - MALTEPE SAHİL SPOR TESİSİ seçildi
2025-08-05 12:27:08,841 - AlertAvailableSessions - INFO - Get Sessions Info
2025-08-05 12:27:09,018 - AlertAvailableSessions - WARNING - No checkbox rendered for 07.08.2025 21:00 - 22:00
2025-08-05 12:32:27,614 - AlertAvailableSessions - INFO - Login Successfully
2025-08-05 12:32:27,736 - AlertAvailableSessions - INFO - Login sonrası popup kapatıldı
2025-08-05 12:32:28,557 - AlertAvailableSessions - INFO - Seans Secim Buton was Clicked
2025-08-05 12:32:29,719 - AlertAvailableSessions - INFO - Branş dropdown açıldı
2025-08-05 12:32:30,780 - AlertAvailableSessions - INFO - TENİS seçildi
2025-08-05 12:32:31,939 - AlertAvailableSessions - INFO - Tesis dropdown açıldı
2025-08-05 12:32:33,056 - AlertAvailableSessions - INFO - MALTEPE SAHİL SPOR TESİSİ seçildi
2025-08-05 12:32:35,309 - AlertAvailableSessions - INFO - Get Sessions Info
2025-08-05 12:32:35,368 - AlertAvailableSessions - WARNING - No checkbox rendered for 07.08.2025 21:00 - 22:00
2025-08-05 12:32:36,635 - AlertAvailableSessions - INFO - Login Successfully
2025-08-05 12:32:45,502 - AlertAvailableSessions - INFO - Login sonrası popup kapatıldı
2025-08-05 12:32:46,220 - AlertAvailableSessions - INFO - Seans Secim Buton was Clicked
2025-08-05 12:32:47,324 - AlertAvailableSessions - INFO - Branş dropdown açıldı
2025-08-05 12:32:48,414 - AlertAvailableSessions - INFO - TENİS seçildi
2025-08-05 12:32:50,177 - AlertAvailableSessions - INFO - Tesis dropdown açıldı
2025-08-05 12:32:51,249 - AlertAvailableSessions - INFO - MALTEPE SAHİL SPOR TESİSİ seçildi
2025-08-05 12:32:52,124 - AlertAvailableSessions - INFO - Get Sessions Info
2025-08-05 12:32:52,262 - AlertAvailableSessions - WARNING - No checkbox rendered for 06.08.2025 20:00 - 21:00
2025-08-05 12:37:45,598 - AlertAvailableSessions - INFO - Login Successfully
2025-08-05 12:37:54,788 - AlertAvailableSessions - INFO - Login sonrası popup kapatıldı
2025-08-05 12:37:55,494 - AlertAvailableSessions - INFO - Seans Secim Buton was Clicked
2025-08-05 12:37:56,593 - AlertAvailableSessions - INFO - Branş dropdown açıldı
2025-08-05 12:37:57,649 - AlertAvailableSessions - INFO - TENİS seçildi
2025-08-05 12:37:58,894 - AlertAvailableSessions - INFO - Tesis dropdown açıldı
2025-08-05 12:38:00,007 - AlertAvailableSessions - INFO - MALTEPE SAHİL SPOR TESİSİ seçildi
2025-08-05 12:38:00,733 - AlertAvailableSessions - INFO - Get Sessions Info
2025-08-05 12:38:00,810 - AlertAvailableSessions - WARNING - No checkbox rendered for 07.08.2025 21:00 - 22:00
2025-08-05 12:40:10,792 - AlertAvailableSessions - INFO - Login Successfully
2025-08-05 12:40:10,843 - AlertAvailableSessions - INFO - Login sonrası popup kapatıldı
2025-08-05 12:40:11,922 - AlertAvailableSessions - INFO - Seans Secim Buton was Clicked
2025-08-05 12:40:13,187 - AlertAvailableSessions - INFO - Branş dropdown açıldı
2025-08-05 12:40:14,255 - AlertAvailableSessions - INFO - TENİS seçildi
2025-08-05 12:40:15,390 - AlertAvailableSessions - INFO - Tesis dropdown açıldı
2025-08-05 12:40:16,458 - AlertAvailableSessions - INFO - MALTEPE SAHİL SPOR TESİSİ seçildi
2025-08-05 12:40:16,777 - AlertAvailableSessions - INFO - Get Sessions Info
2025-08-05 12:40:17,285 - AlertAvailableSessions - WARNING - No checkbox rendered for 06.08.2025 20:00 - 21:00
2025-08-05 12:43:11,402 - AlertAvailableSessions - INFO - Login Successfully
2025-08-05 12:43:19,273 - AlertAvailableSessions - INFO - Login sonrası popup kapatıldı
2025-08-05 12:43:19,937 - AlertAvailableSessions - INFO - Seans Secim Buton was Clicked
2025-08-05 12:43:21,050 - AlertAvailableSessions - INFO - Branş dropdown açıldı
2025-08-05 12:43:22,117 - AlertAvailableSessions - INFO - TENİS seçildi
2025-08-05 12:43:22,687 - AlertAvailableSessions - INFO - Tesis dropdown açıldı
2025-08-05 12:43:23,792 - AlertAvailableSessions - INFO - MALTEPE SAHİL SPOR TESİSİ seçildi
2025-08-05 12:43:23,804 - AlertAvailableSessions - INFO - Get Sessions Info
2025-08-05 12:43:24,579 - AlertAvailableSessions - WARNING - No checkbox rendered for 07.08.2025 21:00 - 22:00
2025-08-05 12:47:34,926 - AlertAvailableSessions - INFO - Login Successfully
2025-08-05 12:47:35,020 - AlertAvailableSessions - INFO - Login sonrası popup kapatıldı
2025-08-05 12:47:35,637 - AlertAvailableSessions - INFO - Seans Secim Buton was Clicked
2025-08-05 12:47:36,750 - AlertAvailableSessions - INFO - Branş dropdown açıldı
2025-08-05 12:47:37,832 - AlertAvailableSessions - INFO - TENİS seçildi
2025-08-05 12:47:39,205 - AlertAvailableSessions - INFO - Tesis dropdown açıldı
2025-08-05 12:47:40,307 - AlertAvailableSessions - INFO - MALTEPE SAHİL SPOR TESİSİ seçildi
2025-08-05 12:47:40,327 - AlertAvailableSessions - INFO - Get Sessions Info
2025-08-05 12:47:41,713 - AlertAvailableSessions - WARNING - No checkbox rendered for 06.08.2025 20:00 - 21:00
2025-08-05 12:48:42,311 - AlertAvailableSessions - INFO - Login Successfully
2025-08-05 12:48:42,401 - AlertAvailableSessions - INFO - Login sonrası popup kapatıldı
2025-08-05 12:48:43,300 - AlertAvailableSessions - INFO - Seans Secim Buton was Clicked
2025-08-05 12:48:44,417 - AlertAvailableSessions - INFO - Branş dropdown açıldı
2025-08-05 12:48:45,496 - AlertAvailableSessions - INFO - TENİS seçildi
2025-08-05 12:48:46,066 - AlertAvailableSessions - INFO - Tesis dropdown açıldı
2025-08-05 12:48:47,161 - AlertAvailableSessions - INFO - MALTEPE SAHİL SPOR TESİSİ seçildi
2025-08-05 12:48:48,021 - AlertAvailableSessions - INFO - Get Sessions Info
2025-08-05 12:48:48,172 - AlertAvailableSessions - WARNING - No checkbox rendered for 07.08.2025 21:00 - 22:00
2025-08-05 12:53:57,967 - AlertAvailableSessions - INFO - Login Successfully
2025-08-05 12:54:05,454 - AlertAvailableSessions - INFO - Login sonrası popup kapatıldı
2025-08-05 12:54:06,154 - AlertAvailableSessions - INFO - Seans Secim Buton was Clicked
2025-08-05 12:54:07,255 - AlertAvailableSessions - INFO - Branş dropdown açıldı
2025-08-05 12:54:08,340 - AlertAvailableSessions - INFO - TENİS seçildi
2025-08-05 12:54:09,023 - AlertAvailableSessions - INFO - Tesis dropdown açıldı
2025-08-05 12:54:10,094 - AlertAvailableSessions - INFO - MALTEPE SAHİL SPOR TESİSİ seçildi
2025-08-05 12:54:10,775 - AlertAvailableSessions - INFO - Get Sessions Info
2025-08-05 12:54:10,909 - AlertAvailableSessions - WARNING - No checkbox rendered for 07.08.2025 21:00 - 22:00
2025-08-05 12:54:58,990 - AlertAvailableSessions - INFO - Login Successfully
2025-08-05 12:54:59,044 - AlertAvailableSessions - INFO - Login sonrası popup kapatıldı
2025-08-05 12:55:00,409 - AlertAvailableSessions - INFO - Seans Secim Buton was Clicked
2025-08-05 12:55:01,520 - AlertAvailableSessions - INFO - Branş dropdown açıldı
2025-08-05 12:55:02,592 - AlertAvailableSessions - INFO - TENİS seçildi
2025-08-05 12:55:03,121 - AlertAvailableSessions - INFO - Tesis dropdown açıldı
2025-08-05 12:55:04,196 - AlertAvailableSessions - INFO - MALTEPE SAHİL SPOR TESİSİ seçildi
2025-08-05 12:55:04,203 - AlertAvailableSessions - INFO - Get Sessions Info
2025-08-05 12:55:05,352 - AlertAvailableSessions - WARNING - No checkbox rendered for 06.08.2025 20:00 - 21:00
2025-08-05 12:59:33,750 - AlertAvailableSessions - INFO - Login Successfully
2025-08-05 12:59:33,841 - AlertAvailableSessions - INFO - Login sonrası popup kapatıldı
2025-08-05 12:59:34,628 - AlertAvailableSessions - INFO - Seans Secim Buton was Clicked
2025-08-05 12:59:35,719 - AlertAvailableSessions - INFO - Branş dropdown açıldı
2025-08-05 12:59:36,791 - AlertAvailableSessions - INFO - TENİS seçildi
2025-08-05 12:59:37,742 - AlertAvailableSessions - INFO - Tesis dropdown açıldı
2025-08-05 12:59:38,802 - AlertAvailableSessions - INFO - MALTEPE SAHİL SPOR TESİSİ seçildi
2025-08-05 12:59:38,810 - AlertAvailableSessions - INFO - Get Sessions Info
2025-08-05 12:59:40,644 - AlertAvailableSessions - WARNING - No checkbox rendered for 07.08.2025 21:00 - 22:00
2025-08-05 13:02:32,422 - AlertAvailableSessions - INFO - Login Successfully
2025-08-05 13:02:32,552 - AlertAvailableSessions - INFO - Login sonrası popup kapatıldı
2025-08-05 13:02:33,226 - AlertAvailableSessions - INFO - Seans Secim Buton was Clicked
2025-08-05 13:02:34,327 - AlertAvailableSessions - INFO - Branş dropdown açıldı
2025-08-05 13:02:35,431 - AlertAvailableSessions - INFO - TENİS seçildi
2025-08-05 13:02:35,986 - AlertAvailableSessions - INFO - Tesis dropdown açıldı
2025-08-05 13:02:37,055 - AlertAvailableSessions - INFO - MALTEPE SAHİL SPOR TESİSİ seçildi
2025-08-05 13:02:37,062 - AlertAvailableSessions - INFO - Get Sessions Info
2025-08-05 13:02:37,830 - AlertAvailableSessions - WARNING - No checkbox rendered for 06.08.2025 20:00 - 21:00
2025-08-05 13:04:50,846 - AlertAvailableSessions - INFO - Login Successfully
2025-08-05 13:04:58,762 - AlertAvailableSessions - INFO - Login sonrası popup kapatıldı
2025-08-05 13:04:59,406 - AlertAvailableSessions - INFO - Seans Secim Buton was Clicked
2025-08-05 13:05:00,492 - AlertAvailableSessions - INFO - Branş dropdown açıldı
2025-08-05 13:05:01,554 - AlertAvailableSessions - INFO - TENİS seçildi
2025-08-05 13:05:02,616 - AlertAvailableSessions - INFO - Tesis dropdown açıldı
2025-08-05 13:05:03,727 - AlertAvailableSessions - INFO - MALTEPE SAHİL SPOR TESİSİ seçildi
2025-08-05 13:05:04,702 - AlertAvailableSessions - INFO - Get Sessions Info
2025-08-05 13:05:04,828 - AlertAvailableSessions - WARNING - No checkbox rendered for 07.08.2025 21:00 - 22:00
2025-08-05 13:09:48,633 - AlertAvailableSessions - INFO - Login Successfully
2025-08-05 13:09:48,765 - AlertAvailableSessions - INFO - Login sonrası popup kapatıldı
2025-08-05 13:09:49,663 - AlertAvailableSessions - INFO - Seans Secim Buton was Clicked
2025-08-05 13:09:50,798 - AlertAvailableSessions - INFO - Branş dropdown açıldı
2025-08-05 13:09:51,929 - AlertAvailableSessions - INFO - TENİS seçildi
2025-08-05 13:09:52,446 - AlertAvailableSessions - INFO - Tesis dropdown açıldı
2025-08-05 13:09:53,537 - AlertAvailableSessions - INFO - MALTEPE SAHİL SPOR TESİSİ seçildi
2025-08-05 13:09:54,095 - AlertAvailableSessions - INFO - Get Sessions Info
2025-08-05 13:09:54,287 - AlertAvailableSessions - WARNING - No checkbox rendered for 06.08.2025 20:00 - 21:00
2025-08-05 13:10:16,899 - AlertAvailableSessions - INFO - Login Successfully
2025-08-05 13:10:16,996 - AlertAvailableSessions - INFO - Login sonrası popup kapatıldı
2025-08-05 13:10:17,529 - AlertAvailableSessions - INFO - Seans Secim Buton was Clicked
2025-08-05 13:10:18,633 - AlertAvailableSessions - INFO - Branş dropdown açıldı
2025-08-05 13:10:19,718 - AlertAvailableSessions - INFO - TENİS seçildi
2025-08-05 13:10:20,292 - AlertAvailableSessions - INFO - Tesis dropdown açıldı
2025-08-05 13:10:21,360 - AlertAvailableSessions - INFO - MALTEPE SAHİL SPOR TESİSİ seçildi
2025-08-05 13:10:21,915 - AlertAvailableSessions - INFO - Get Sessions Info
2025-08-05 13:10:22,002 - AlertAvailableSessions - WARNING - No checkbox rendered for 07.08.2025 21:00 - 22:00
2025-08-05 13:15:32,464 - AlertAvailableSessions - INFO - Login Successfully
2025-08-05 13:15:32,544 - AlertAvailableSessions - INFO - Login sonrası popup kapatıldı
2025-08-05 13:15:33,015 - AlertAvailableSessions - INFO - Seans Secim Buton was Clicked
2025-08-05 13:15:34,111 - AlertAvailableSessions - INFO - Branş dropdown açıldı
2025-08-05 13:15:35,191 - AlertAvailableSessions - INFO - TENİS seçildi
2025-08-05 13:15:35,655 - AlertAvailableSessions - INFO - Tesis dropdown açıldı
2025-08-05 13:15:36,750 - AlertAvailableSessions - INFO - MALTEPE SAHİL SPOR TESİSİ seçildi
2025-08-05 13:15:37,313 - AlertAvailableSessions - INFO - Get Sessions Info
2025-08-05 13:15:37,425 - AlertAvailableSessions - WARNING - No checkbox rendered for 07.08.2025 21:00 - 22:00
2025-08-05 13:17:04,293 - AlertAvailableSessions - INFO - Login Successfully
2025-08-05 13:17:04,385 - AlertAvailableSessions - INFO - Login sonrası popup kapatıldı
2025-08-05 13:17:05,004 - AlertAvailableSessions - INFO - Seans Secim Buton was Clicked
2025-08-05 13:17:06,105 - AlertAvailableSessions - INFO - Branş dropdown açıldı
2025-08-05 13:17:07,181 - AlertAvailableSessions - INFO - TENİS seçildi
2025-08-05 13:17:07,717 - AlertAvailableSessions - INFO - Tesis dropdown açıldı
2025-08-05 13:17:08,779 - AlertAvailableSessions - INFO - MALTEPE SAHİL SPOR TESİSİ seçildi
2025-08-05 13:17:09,329 - AlertAvailableSessions - INFO - Get Sessions Info
2025-08-05 13:17:09,423 - AlertAvailableSessions - WARNING - No checkbox rendered for 06.08.2025 20:00 - 21:00
2025-08-05 13:20:44,934 - AlertAvailableSessions - INFO - Login Successfully
2025-08-05 13:20:47,594 - AlertAvailableSessions - INFO - Login sonrası popup kapatıldı
2025-08-05 13:20:48,483 - AlertAvailableSessions - INFO - Seans Secim Buton was Clicked
2025-08-05 13:20:49,632 - AlertAvailableSessions - INFO - Branş dropdown açıldı
2025-08-05 13:20:50,757 - AlertAvailableSessions - INFO - TENİS seçildi
2025-08-05 13:20:51,273 - AlertAvailableSessions - INFO - Tesis dropdown açıldı
2025-08-05 13:20:52,370 - AlertAvailableSessions - INFO - MALTEPE SAHİL SPOR TESİSİ seçildi
2025-08-05 13:20:52,381 - AlertAvailableSessions - INFO - Get Sessions Info
2025-08-05 13:20:53,036 - AlertAvailableSessions - WARNING - No checkbox rendered for 07.08.2025 21:00 - 22:00
2025-08-05 13:24:16,900 - AlertAvailableSessions - INFO - Login Successfully
2025-08-05 13:24:19,740 - AlertAvailableSessions - INFO - Login sonrası popup kapatıldı
2025-08-05 13:24:20,228 - AlertAvailableSessions - INFO - Seans Secim Buton was Clicked
2025-08-05 13:24:21,340 - AlertAvailableSessions - INFO - Branş dropdown açıldı
2025-08-05 13:24:22,427 - AlertAvailableSessions - INFO - TENİS seçildi
2025-08-05 13:24:23,099 - AlertAvailableSessions - INFO - Tesis dropdown açıldı
2025-08-05 13:24:24,179 - AlertAvailableSessions - INFO - MALTEPE SAHİL SPOR TESİSİ seçildi
2025-08-05 13:24:24,879 - AlertAvailableSessions - INFO - Get Sessions Info
2025-08-05 13:24:24,972 - AlertAvailableSessions - WARNING - No checkbox rendered for 06.08.2025 20:00 - 21:00
2025-08-05 13:26:00,815 - AlertAvailableSessions - INFO - Login Successfully
2025-08-05 13:26:03,498 - AlertAvailableSessions - INFO - Login sonrası popup kapatıldı
2025-08-05 13:26:03,991 - AlertAvailableSessions - INFO - Seans Secim Buton was Clicked
2025-08-05 13:26:05,100 - AlertAvailableSessions - INFO - Branş dropdown açıldı
2025-08-05 13:26:06,181 - AlertAvailableSessions - INFO - TENİS seçildi
2025-08-05 13:26:06,672 - AlertAvailableSessions - INFO - Tesis dropdown açıldı
2025-08-05 13:26:07,759 - AlertAvailableSessions - INFO - MALTEPE SAHİL SPOR TESİSİ seçildi
2025-08-05 13:26:08,349 - AlertAvailableSessions - INFO - Get Sessions Info
2025-08-05 13:26:08,493 - AlertAvailableSessions - WARNING - No checkbox rendered for 07.08.2025 21:00 - 22:00
2025-08-05 13:31:18,761 - AlertAvailableSessions - INFO - Login Successfully
2025-08-05 13:31:18,907 - AlertAvailableSessions - INFO - Login sonrası popup kapatıldı
2025-08-05 13:31:19,405 - AlertAvailableSessions - INFO - Seans Secim Buton was Clicked
2025-08-05 13:31:20,536 - AlertAvailableSessions - INFO - Branş dropdown açıldı
2025-08-05 13:31:21,609 - AlertAvailableSessions - INFO - TENİS seçildi
2025-08-05 13:31:22,163 - AlertAvailableSessions - INFO - Tesis dropdown açıldı
2025-08-05 13:31:23,244 - AlertAvailableSessions - INFO - MALTEPE SAHİL SPOR TESİSİ seçildi
2025-08-05 13:31:23,797 - AlertAvailableSessions - INFO - Get Sessions Info
2025-08-05 13:31:23,955 - AlertAvailableSessions - WARNING - No checkbox rendered for 07.08.2025 21:00 - 22:00
2025-08-05 13:31:35,004 - AlertAvailableSessions - INFO - Login Successfully
2025-08-05 13:31:35,120 - AlertAvailableSessions - INFO - Login sonrası popup kapatıldı
2025-08-05 13:31:35,624 - AlertAvailableSessions - INFO - Seans Secim Buton was Clicked
2025-08-05 13:31:36,722 - AlertAvailableSessions - INFO - Branş dropdown açıldı
2025-08-05 13:31:37,801 - AlertAvailableSessions - INFO - TENİS seçildi
2025-08-05 13:31:38,312 - AlertAvailableSessions - INFO - Tesis dropdown açıldı
2025-08-05 13:31:39,387 - AlertAvailableSessions - INFO - MALTEPE SAHİL SPOR TESİSİ seçildi
2025-08-05 13:31:40,522 - AlertAvailableSessions - INFO - Get Sessions Info
2025-08-05 13:31:40,669 - AlertAvailableSessions - WARNING - No checkbox rendered for 06.08.2025 20:00 - 21:00
2025-08-05 13:36:33,553 - AlertAvailableSessions - INFO - Login Successfully
2025-08-05 13:36:33,696 - AlertAvailableSessions - INFO - Login sonrası popup kapatıldı
2025-08-05 13:36:34,215 - AlertAvailableSessions - INFO - Seans Secim Buton was Clicked
2025-08-05 13:36:35,325 - AlertAvailableSessions - INFO - Branş dropdown açıldı
2025-08-05 13:36:36,436 - AlertAvailableSessions - INFO - TENİS seçildi
2025-08-05 13:36:37,002 - AlertAvailableSessions - INFO - Tesis dropdown açıldı
2025-08-05 13:36:38,109 - AlertAvailableSessions - INFO - MALTEPE SAHİL SPOR TESİSİ seçildi
2025-08-05 13:36:38,674 - AlertAvailableSessions - INFO - Get Sessions Info
2025-08-05 13:36:38,791 - AlertAvailableSessions - WARNING - No checkbox rendered for 07.08.2025 21:00 - 22:00
2025-08-05 13:38:48,279 - AlertAvailableSessions - INFO - Login Successfully
2025-08-05 13:38:50,978 - AlertAvailableSessions - INFO - Login sonrası popup kapatıldı
2025-08-05 13:38:51,481 - AlertAvailableSessions - INFO - Seans Secim Buton was Clicked
2025-08-05 13:38:52,602 - AlertAvailableSessions - INFO - Branş dropdown açıldı
2025-08-05 13:38:53,680 - AlertAvailableSessions - INFO - TENİS seçildi
2025-08-05 13:38:54,153 - AlertAvailableSessions - INFO - Tesis dropdown açıldı
2025-08-05 13:38:55,225 - AlertAvailableSessions - INFO - MALTEPE SAHİL SPOR TESİSİ seçildi
2025-08-05 13:38:55,966 - AlertAvailableSessions - INFO - Get Sessions Info
2025-08-05 13:38:56,093 - AlertAvailableSessions - WARNING - No checkbox rendered for 06.08.2025 20:00 - 21:00
2025-08-05 13:41:47,911 - AlertAvailableSessions - INFO - Login Successfully
2025-08-05 13:41:48,025 - AlertAvailableSessions - INFO - Login sonrası popup kapatıldı
2025-08-05 13:41:48,513 - AlertAvailableSessions - INFO - Seans Secim Buton was Clicked
2025-08-05 13:41:49,619 - AlertAvailableSessions - INFO - Branş dropdown açıldı
2025-08-05 13:41:50,687 - AlertAvailableSessions - INFO - TENİS seçildi
2025-08-05 13:41:51,156 - AlertAvailableSessions - INFO - Tesis dropdown açıldı
2025-08-05 13:41:52,217 - AlertAvailableSessions - INFO - MALTEPE SAHİL SPOR TESİSİ seçildi
2025-08-05 13:41:52,751 - AlertAvailableSessions - INFO - Get Sessions Info
2025-08-05 13:41:52,896 - AlertAvailableSessions - WARNING - No checkbox rendered for 07.08.2025 21:00 - 22:00
2025-08-05 13:46:06,417 - AlertAvailableSessions - INFO - Login Successfully
2025-08-05 13:46:06,558 - AlertAvailableSessions - INFO - Login sonrası popup kapatıldı
2025-08-05 13:46:07,063 - AlertAvailableSessions - INFO - Seans Secim Buton was Clicked
2025-08-05 13:46:08,179 - AlertAvailableSessions - INFO - Branş dropdown açıldı
2025-08-05 13:46:09,263 - AlertAvailableSessions - INFO - TENİS seçildi
2025-08-05 13:46:10,275 - AlertAvailableSessions - INFO - Tesis dropdown açıldı
2025-08-05 13:46:11,370 - AlertAvailableSessions - INFO - MALTEPE SAHİL SPOR TESİSİ seçildi
2025-08-05 13:46:11,381 - AlertAvailableSessions - INFO - Get Sessions Info
2025-08-05 13:46:12,067 - AlertAvailableSessions - WARNING - No checkbox rendered for 06.08.2025 20:00 - 21:00
2025-08-05 13:47:00,474 - AlertAvailableSessions - INFO - Login Successfully
2025-08-05 13:47:03,178 - AlertAvailableSessions - INFO - Login sonrası popup kapatıldı
2025-08-05 13:47:03,644 - AlertAvailableSessions - INFO - Seans Secim Buton was Clicked
2025-08-05 13:47:04,748 - AlertAvailableSessions - INFO - Branş dropdown açıldı
2025-08-05 13:47:05,811 - AlertAvailableSessions - INFO - TENİS seçildi
2025-08-05 13:47:06,256 - AlertAvailableSessions - INFO - Tesis dropdown açıldı
2025-08-05 13:47:07,332 - AlertAvailableSessions - INFO - MALTEPE SAHİL SPOR TESİSİ seçildi
2025-08-05 13:47:07,865 - AlertAvailableSessions - INFO - Get Sessions Info
2025-08-05 13:47:07,954 - AlertAvailableSessions - WARNING - No checkbox rendered for 07.08.2025 21:00 - 22:00
2025-08-05 13:52:15,723 - AlertAvailableSessions - INFO - Login Successfully
2025-08-05 13:52:18,528 - AlertAvailableSessions - INFO - Login sonrası popup kapatıldı
2025-08-05 13:52:19,455 - AlertAvailableSessions - INFO - Seans Secim Buton was Clicked
2025-08-05 13:52:20,565 - AlertAvailableSessions - INFO - Branş dropdown açıldı
2025-08-05 13:52:21,651 - AlertAvailableSessions - INFO - TENİS seçildi
2025-08-05 13:52:22,441 - AlertAvailableSessions - INFO - Tesis dropdown açıldı
2025-08-05 13:52:23,521 - AlertAvailableSessions - INFO - MALTEPE SAHİL SPOR TESİSİ seçildi
2025-08-05 13:52:24,438 - AlertAvailableSessions - INFO - Get Sessions Info
2025-08-05 13:52:24,640 - AlertAvailableSessions - WARNING - No checkbox rendered for 07.08.2025 21:00 - 22:00
2025-08-05 13:53:22,479 - AlertAvailableSessions - INFO - Login Successfully
2025-08-05 13:53:22,568 - AlertAvailableSessions - INFO - Login sonrası popup kapatıldı
2025-08-05 13:53:23,222 - AlertAvailableSessions - INFO - Seans Secim Buton was Clicked
2025-08-05 13:53:24,315 - AlertAvailableSessions - INFO - Branş dropdown açıldı
2025-08-05 13:53:25,393 - AlertAvailableSessions - INFO - TENİS seçildi
2025-08-05 13:53:26,402 - AlertAvailableSessions - INFO - Tesis dropdown açıldı
2025-08-05 13:53:27,516 - AlertAvailableSessions - INFO - MALTEPE SAHİL SPOR TESİSİ seçildi
2025-08-05 13:53:27,525 - AlertAvailableSessions - INFO - Get Sessions Info
2025-08-05 13:53:28,391 - AlertAvailableSessions - WARNING - No checkbox rendered for 06.08.2025 20:00 - 21:00
2025-08-05 13:57:32,346 - AlertAvailableSessions - INFO - Login Successfully
2025-08-05 13:57:37,688 - AlertAvailableSessions - INFO - Login sonrası popup kapatıldı
2025-08-05 13:57:38,167 - AlertAvailableSessions - INFO - Seans Secim Buton was Clicked
2025-08-05 13:57:39,273 - AlertAvailableSessions - INFO - Branş dropdown açıldı
2025-08-05 13:57:40,331 - AlertAvailableSessions - INFO - TENİS seçildi
2025-08-05 13:57:40,837 - AlertAvailableSessions - INFO - Tesis dropdown açıldı
2025-08-05 13:57:41,907 - AlertAvailableSessions - INFO - MALTEPE SAHİL SPOR TESİSİ seçildi
2025-08-05 13:57:42,419 - AlertAvailableSessions - INFO - Get Sessions Info
2025-08-05 13:57:42,844 - AlertAvailableSessions - WARNING - No checkbox rendered for 07.08.2025 21:00 - 22:00
2025-08-05 14:00:35,934 - AlertAvailableSessions - INFO - Login Successfully
2025-08-05 14:00:40,928 - AlertAvailableSessions - INFO - Login sonrası popup kapatıldı
2025-08-05 14:00:41,432 - AlertAvailableSessions - INFO - Seans Secim Buton was Clicked
2025-08-05 14:00:42,544 - AlertAvailableSessions - INFO - Branş dropdown açıldı
2025-08-05 14:00:43,617 - AlertAvailableSessions - INFO - TENİS seçildi
2025-08-05 14:00:44,100 - AlertAvailableSessions - INFO - Tesis dropdown açıldı
2025-08-05 14:00:45,161 - AlertAvailableSessions - INFO - MALTEPE SAHİL SPOR TESİSİ seçildi
2025-08-05 14:00:45,169 - AlertAvailableSessions - INFO - Get Sessions Info
2025-08-05 14:00:45,765 - AlertAvailableSessions - WARNING - No checkbox rendered for 06.08.2025 20:00 - 21:00
2025-08-05 14:02:53,090 - AlertAvailableSessions - INFO - Login Successfully
2025-08-05 14:02:53,217 - AlertAvailableSessions - INFO - Login sonrası popup kapatıldı
2025-08-05 14:02:53,704 - AlertAvailableSessions - INFO - Seans Secim Buton was Clicked
2025-08-05 14:02:54,825 - AlertAvailableSessions - INFO - Branş dropdown açıldı
2025-08-05 14:02:55,900 - AlertAvailableSessions - INFO - TENİS seçildi
2025-08-05 14:02:56,378 - AlertAvailableSessions - INFO - Tesis dropdown açıldı
2025-08-05 14:02:57,447 - AlertAvailableSessions - INFO - MALTEPE SAHİL SPOR TESİSİ seçildi
2025-08-05 14:02:58,035 - AlertAvailableSessions - INFO - Get Sessions Info
2025-08-05 14:02:58,213 - AlertAvailableSessions - WARNING - No checkbox rendered for 07.08.2025 21:00 - 22:00
2025-08-05 14:07:56,144 - AlertAvailableSessions - INFO - Login Successfully
2025-08-05 14:07:56,258 - AlertAvailableSessions - INFO - Login sonrası popup kapatıldı
2025-08-05 14:07:56,734 - AlertAvailableSessions - INFO - Seans Secim Buton was Clicked
2025-08-05 14:07:57,830 - AlertAvailableSessions - INFO - Branş dropdown açıldı
2025-08-05 14:07:58,887 - AlertAvailableSessions - INFO - TENİS seçildi
2025-08-05 14:07:59,343 - AlertAvailableSessions - INFO - Tesis dropdown açıldı
2025-08-05 14:08:00,447 - AlertAvailableSessions - INFO - MALTEPE SAHİL SPOR TESİSİ seçildi
2025-08-05 14:08:00,964 - AlertAvailableSessions - INFO - Get Sessions Info
2025-08-05 14:08:01,085 - AlertAvailableSessions - WARNING - No checkbox rendered for 06.08.2025 20:00 - 21:00
2025-08-05 14:08:08,645 - AlertAvailableSessions - INFO - Login Successfully
2025-08-05 14:08:08,740 - AlertAvailableSessions - INFO - Login sonrası popup kapatıldı
2025-08-05 14:08:09,251 - AlertAvailableSessions - INFO - Seans Secim Buton was Clicked
2025-08-05 14:08:10,348 - AlertAvailableSessions - INFO - Branş dropdown açıldı
2025-08-05 14:08:11,414 - AlertAvailableSessions - INFO - TENİS seçildi
2025-08-05 14:08:11,922 - AlertAvailableSessions - INFO - Tesis dropdown açıldı
2025-08-05 14:08:13,000 - AlertAvailableSessions - INFO - MALTEPE SAHİL SPOR TESİSİ seçildi
2025-08-05 14:08:13,570 - AlertAvailableSessions - INFO - Get Sessions Info
2025-08-05 14:08:13,621 - AlertAvailableSessions - WARNING - No checkbox rendered for 07.08.2025 21:00 - 22:00
2025-08-05 14:13:23,948 - AlertAvailableSessions - INFO - Login Successfully
2025-08-05 14:13:24,100 - AlertAvailableSessions - INFO - Login sonrası popup kapatıldı
2025-08-05 14:13:24,626 - AlertAvailableSessions - INFO - Seans Secim Buton was Clicked
2025-08-05 14:13:25,766 - AlertAvailableSessions - INFO - Branş dropdown açıldı
2025-08-05 14:13:26,827 - AlertAvailableSessions - INFO - TENİS seçildi
2025-08-05 14:13:27,298 - AlertAvailableSessions - INFO - Tesis dropdown açıldı
2025-08-05 14:13:28,374 - AlertAvailableSessions - INFO - MALTEPE SAHİL SPOR TESİSİ seçildi
2025-08-05 14:13:28,970 - AlertAvailableSessions - INFO - Get Sessions Info
2025-08-05 14:13:29,122 - AlertAvailableSessions - WARNING - No checkbox rendered for 07.08.2025 21:00 - 22:00
2025-08-05 14:15:08,572 - AlertAvailableSessions - INFO - Login Successfully
2025-08-05 14:15:11,432 - AlertAvailableSessions - INFO - Login sonrası popup kapatıldı
2025-08-05 14:15:12,087 - AlertAvailableSessions - INFO - Seans Secim Buton was Clicked
2025-08-05 14:15:13,191 - AlertAvailableSessions - INFO - Branş dropdown açıldı
2025-08-05 14:15:14,270 - AlertAvailableSessions - INFO - TENİS seçildi
2025-08-05 14:15:14,793 - AlertAvailableSessions - INFO - Tesis dropdown açıldı
2025-08-05 14:15:15,862 - AlertAvailableSessions - INFO - MALTEPE SAHİL SPOR TESİSİ seçildi
2025-08-05 14:15:16,528 - AlertAvailableSessions - INFO - Get Sessions Info
2025-08-05 14:15:16,704 - AlertAvailableSessions - WARNING - No checkbox rendered for 06.08.2025 20:00 - 21:00
2025-08-05 14:18:36,531 - AlertAvailableSessions - INFO - Login Successfully
2025-08-05 14:18:39,171 - AlertAvailableSessions - INFO - Login sonrası popup kapatıldı
2025-08-05 14:18:39,680 - AlertAvailableSessions - INFO - Seans Secim Buton was Clicked
2025-08-05 14:18:40,785 - AlertAvailableSessions - INFO - Branş dropdown açıldı
2025-08-05 14:18:41,882 - AlertAvailableSessions - INFO - TENİS seçildi
2025-08-05 14:18:42,987 - AlertAvailableSessions - INFO - Tesis dropdown açıldı
2025-08-05 14:18:44,106 - AlertAvailableSessions - INFO - MALTEPE SAHİL SPOR TESİSİ seçildi
2025-08-05 14:18:44,117 - AlertAvailableSessions - INFO - Get Sessions Info
2025-08-05 14:18:45,041 - AlertAvailableSessions - WARNING - No checkbox rendered for 07.08.2025 21:00 - 22:00
2025-08-05 14:22:27,045 - AlertAvailableSessions - INFO - Login Successfully
2025-08-05 14:22:27,174 - AlertAvailableSessions - INFO - Login sonrası popup kapatıldı
2025-08-05 14:22:27,638 - AlertAvailableSessions - INFO - Seans Secim Buton was Clicked
2025-08-05 14:22:28,725 - AlertAvailableSessions - INFO - Branş dropdown açıldı
2025-08-05 14:22:29,788 - AlertAvailableSessions - INFO - TENİS seçildi
2025-08-05 14:22:30,241 - AlertAvailableSessions - INFO - Tesis dropdown açıldı
2025-08-05 14:22:31,315 - AlertAvailableSessions - INFO - MALTEPE SAHİL SPOR TESİSİ seçildi
2025-08-05 14:22:31,844 - AlertAvailableSessions - INFO - Get Sessions Info
2025-08-05 14:22:31,935 - AlertAvailableSessions - WARNING - No checkbox rendered for 06.08.2025 20:00 - 21:00
2025-08-05 14:23:55,371 - AlertAvailableSessions - INFO - Login Successfully
2025-08-05 14:23:55,497 - AlertAvailableSessions - INFO - Login sonrası popup kapatıldı
2025-08-05 14:23:56,028 - AlertAvailableSessions - INFO - Seans Secim Buton was Clicked
2025-08-05 14:23:57,145 - AlertAvailableSessions - INFO - Branş dropdown açıldı
2025-08-05 14:23:58,243 - AlertAvailableSessions - INFO - TENİS seçildi
2025-08-05 14:23:58,740 - AlertAvailableSessions - INFO - Tesis dropdown açıldı
2025-08-05 14:23:59,822 - AlertAvailableSessions - INFO - MALTEPE SAHİL SPOR TESİSİ seçildi
2025-08-05 14:24:00,404 - AlertAvailableSessions - INFO - Get Sessions Info
2025-08-05 14:24:00,517 - AlertAvailableSessions - WARNING - No checkbox rendered for 07.08.2025 21:00 - 22:00
2025-08-05 14:29:10,726 - AlertAvailableSessions - INFO - Login Successfully
2025-08-05 14:29:10,847 - AlertAvailableSessions - INFO - Login sonrası popup kapatıldı
2025-08-05 14:29:11,346 - AlertAvailableSessions - INFO - Seans Secim Buton was Clicked
2025-08-05 14:29:12,441 - AlertAvailableSessions - INFO - Branş dropdown açıldı
2025-08-05 14:29:13,509 - AlertAvailableSessions - INFO - TENİS seçildi
2025-08-05 14:29:13,966 - AlertAvailableSessions - INFO - Tesis dropdown açıldı
2025-08-05 14:29:15,031 - AlertAvailableSessions - INFO - MALTEPE SAHİL SPOR TESİSİ seçildi
2025-08-05 14:29:15,681 - AlertAvailableSessions - INFO - Get Sessions Info
2025-08-05 14:29:15,725 - AlertAvailableSessions - WARNING - No checkbox rendered for 07.08.2025 21:00 - 22:00
2025-08-05 14:29:44,009 - AlertAvailableSessions - INFO - Login Successfully
2025-08-05 14:29:44,099 - AlertAvailableSessions - INFO - Login sonrası popup kapatıldı
2025-08-05 14:29:44,616 - AlertAvailableSessions - INFO - Seans Secim Buton was Clicked
2025-08-05 14:29:45,735 - AlertAvailableSessions - INFO - Branş dropdown açıldı
2025-08-05 14:29:46,837 - AlertAvailableSessions - INFO - TENİS seçildi
2025-08-05 14:29:47,355 - AlertAvailableSessions - INFO - Tesis dropdown açıldı
2025-08-05 14:29:48,435 - AlertAvailableSessions - INFO - MALTEPE SAHİL SPOR TESİSİ seçildi
2025-08-05 14:29:49,012 - AlertAvailableSessions - INFO - Get Sessions Info
2025-08-05 14:29:49,088 - AlertAvailableSessions - WARNING - No checkbox rendered for 06.08.2025 20:00 - 21:00
2025-08-05 14:34:23,328 - AlertAvailableSessions - INFO - Login Successfully
2025-08-05 14:34:31,989 - AlertAvailableSessions - INFO - Login sonrası popup kapatıldı
2025-08-05 14:34:32,414 - AlertAvailableSessions - INFO - Seans Secim Buton was Clicked
2025-08-05 14:34:33,517 - AlertAvailableSessions - INFO - Branş dropdown açıldı
2025-08-05 14:34:34,586 - AlertAvailableSessions - INFO - TENİS seçildi
2025-08-05 14:34:35,036 - AlertAvailableSessions - INFO - Tesis dropdown açıldı
2025-08-05 14:34:36,109 - AlertAvailableSessions - INFO - MALTEPE SAHİL SPOR TESİSİ seçildi
2025-08-05 14:34:36,615 - AlertAvailableSessions - INFO - Get Sessions Info
2025-08-05 14:34:36,757 - AlertAvailableSessions - WARNING - No checkbox rendered for 07.08.2025 21:00 - 22:00
2025-08-05 14:36:56,610 - AlertAvailableSessions - INFO - Login Successfully
2025-08-05 14:36:59,183 - AlertAvailableSessions - INFO - Login sonrası popup kapatıldı
2025-08-05 14:36:59,652 - AlertAvailableSessions - INFO - Seans Secim Buton was Clicked
2025-08-05 14:37:00,756 - AlertAvailableSessions - INFO - Branş dropdown açıldı
2025-08-05 14:37:01,822 - AlertAvailableSessions - INFO - TENİS seçildi
2025-08-05 14:37:02,337 - AlertAvailableSessions - INFO - Tesis dropdown açıldı
2025-08-05 14:37:03,420 - AlertAvailableSessions - INFO - MALTEPE SAHİL SPOR TESİSİ seçildi
2025-08-05 14:37:03,982 - AlertAvailableSessions - INFO - Get Sessions Info
2025-08-05 14:37:04,089 - AlertAvailableSessions - WARNING - No checkbox rendered for 06.08.2025 20:00 - 21:00
2025-08-05 14:39:44,209 - AlertAvailableSessions - INFO - Login Successfully
2025-08-05 14:39:46,792 - AlertAvailableSessions - INFO - Login sonrası popup kapatıldı
2025-08-05 14:39:47,258 - AlertAvailableSessions - INFO - Seans Secim Buton was Clicked
2025-08-05 14:39:48,356 - AlertAvailableSessions - INFO - Branş dropdown açıldı
2025-08-05 14:39:49,417 - AlertAvailableSessions - INFO - TENİS seçildi
2025-08-05 14:39:49,966 - AlertAvailableSessions - INFO - Tesis dropdown açıldı
2025-08-05 14:39:51,054 - AlertAvailableSessions - INFO - MALTEPE SAHİL SPOR TESİSİ seçildi
2025-08-05 14:39:51,685 - AlertAvailableSessions - INFO - Get Sessions Info
2025-08-05 14:39:51,803 - AlertAvailableSessions - WARNING - No checkbox rendered for 07.08.2025 21:00 - 22:00
2025-08-05 14:44:11,656 - AlertAvailableSessions - INFO - Login Successfully
2025-08-05 14:44:14,298 - AlertAvailableSessions - INFO - Login sonrası popup kapatıldı
2025-08-05 14:44:15,184 - AlertAvailableSessions - INFO - Seans Secim Buton was Clicked
2025-08-05 14:44:16,282 - AlertAvailableSessions - INFO - Branş dropdown açıldı
2025-08-05 14:44:17,350 - AlertAvailableSessions - INFO - TENİS seçildi
2025-08-05 14:44:17,863 - AlertAvailableSessions - INFO - Tesis dropdown açıldı
2025-08-05 14:44:18,953 - AlertAvailableSessions - INFO - MALTEPE SAHİL SPOR TESİSİ seçildi
2025-08-05 14:44:18,961 - AlertAvailableSessions - INFO - Get Sessions Info
2025-08-05 14:44:19,699 - AlertAvailableSessions - WARNING - No checkbox rendered for 06.08.2025 20:00 - 21:00
2025-08-05 14:45:01,917 - AlertAvailableSessions - INFO - Login Successfully
2025-08-05 14:45:02,021 - AlertAvailableSessions - INFO - Login sonrası popup kapatıldı
2025-08-05 14:45:02,544 - AlertAvailableSessions - INFO - Seans Secim Buton was Clicked
2025-08-05 14:45:03,649 - AlertAvailableSessions - INFO - Branş dropdown açıldı
2025-08-05 14:45:04,734 - AlertAvailableSessions - INFO - TENİS seçildi
2025-08-05 14:45:05,732 - AlertAvailableSessions - INFO - Tesis dropdown açıldı
2025-08-05 14:45:06,800 - AlertAvailableSessions - INFO - MALTEPE SAHİL SPOR TESİSİ seçildi
2025-08-05 14:45:07,364 - AlertAvailableSessions - INFO - Get Sessions Info
2025-08-05 14:45:07,448 - AlertAvailableSessions - WARNING - No checkbox rendered for 07.08.2025 21:00 - 22:00
2025-08-05 14:50:23,690 - AlertAvailableSessions - INFO - Login Successfully
2025-08-05 14:50:24,020 - AlertAvailableSessions - INFO - Login sonrası popup kapatıldı
2025-08-05 14:50:24,510 - AlertAvailableSessions - INFO - Seans Secim Buton was Clicked
2025-08-05 14:50:25,621 - AlertAvailableSessions - INFO - Branş dropdown açıldı
2025-08-05 14:50:26,706 - AlertAvailableSessions - INFO - TENİS seçildi
2025-08-05 14:50:27,717 - AlertAvailableSessions - INFO - Tesis dropdown açıldı
2025-08-05 14:50:28,785 - AlertAvailableSessions - INFO - MALTEPE SAHİL SPOR TESİSİ seçildi
2025-08-05 14:50:29,384 - AlertAvailableSessions - INFO - Get Sessions Info
2025-08-05 14:50:29,466 - AlertAvailableSessions - WARNING - No checkbox rendered for 07.08.2025 21:00 - 22:00
2025-08-05 14:51:26,098 - AlertAvailableSessions - INFO - Login Successfully
2025-08-05 14:51:28,624 - AlertAvailableSessions - INFO - Login sonrası popup kapatıldı
2025-08-05 14:51:29,143 - AlertAvailableSessions - INFO - Seans Secim Buton was Clicked
2025-08-05 14:51:30,246 - AlertAvailableSessions - INFO - Branş dropdown açıldı
2025-08-05 14:51:31,325 - AlertAvailableSessions - INFO - TENİS seçildi
2025-08-05 14:51:32,319 - AlertAvailableSessions - INFO - Tesis dropdown açıldı
2025-08-05 14:51:33,426 - AlertAvailableSessions - INFO - MALTEPE SAHİL SPOR TESİSİ seçildi
2025-08-05 14:51:34,164 - AlertAvailableSessions - INFO - Get Sessions Info
2025-08-05 14:51:34,324 - AlertAvailableSessions - WARNING - No checkbox rendered for 06.08.2025 20:00 - 21:00
2025-08-05 14:55:39,407 - AlertAvailableSessions - INFO - Login Successfully
2025-08-05 14:55:39,520 - AlertAvailableSessions - INFO - Login sonrası popup kapatıldı
2025-08-05 14:55:40,432 - AlertAvailableSessions - INFO - Seans Secim Buton was Clicked
2025-08-05 14:55:41,553 - AlertAvailableSessions - INFO - Branş dropdown açıldı
2025-08-05 14:55:42,620 - AlertAvailableSessions - INFO - TENİS seçildi
2025-08-05 14:55:43,883 - AlertAvailableSessions - INFO - Tesis dropdown açıldı
2025-08-05 14:55:44,993 - AlertAvailableSessions - INFO - MALTEPE SAHİL SPOR TESİSİ seçildi
2025-08-05 14:55:45,543 - AlertAvailableSessions - INFO - Get Sessions Info
2025-08-05 14:55:45,681 - AlertAvailableSessions - WARNING - No checkbox rendered for 07.08.2025 21:00 - 22:00
2025-08-05 14:58:41,888 - AlertAvailableSessions - INFO - Login Successfully
2025-08-05 14:58:44,340 - AlertAvailableSessions - INFO - Login sonrası popup kapatıldı
2025-08-05 14:58:44,866 - AlertAvailableSessions - INFO - Seans Secim Buton was Clicked
2025-08-05 14:58:45,956 - AlertAvailableSessions - INFO - Branş dropdown açıldı
2025-08-05 14:58:47,033 - AlertAvailableSessions - INFO - TENİS seçildi
2025-08-05 14:58:47,509 - AlertAvailableSessions - INFO - Tesis dropdown açıldı
2025-08-05 14:58:48,572 - AlertAvailableSessions - INFO - MALTEPE SAHİL SPOR TESİSİ seçildi
2025-08-05 14:58:49,201 - AlertAvailableSessions - INFO - Get Sessions Info
2025-08-05 14:58:49,304 - AlertAvailableSessions - WARNING - No checkbox rendered for 06.08.2025 20:00 - 21:00
2025-08-05 15:00:53,331 - AlertAvailableSessions - INFO - Login Successfully
2025-08-05 15:00:56,585 - AlertAvailableSessions - INFO - Login sonrası popup kapatıldı
2025-08-05 15:00:57,414 - AlertAvailableSessions - INFO - Seans Secim Buton was Clicked
2025-08-05 15:00:58,500 - AlertAvailableSessions - INFO - Branş dropdown açıldı
2025-08-05 15:00:59,580 - AlertAvailableSessions - INFO - TENİS seçildi
2025-08-05 15:01:00,074 - AlertAvailableSessions - INFO - Tesis dropdown açıldı
2025-08-05 15:01:01,156 - AlertAvailableSessions - INFO - MALTEPE SAHİL SPOR TESİSİ seçildi
2025-08-05 15:01:01,721 - AlertAvailableSessions - INFO - Get Sessions Info
2025-08-05 15:01:01,792 - AlertAvailableSessions - WARNING - No checkbox rendered for 07.08.2025 21:00 - 22:00
2025-08-05 15:06:06,231 - AlertAvailableSessions - INFO - Login Successfully
2025-08-05 15:06:06,323 - AlertAvailableSessions - INFO - Login sonrası popup kapatıldı
2025-08-05 15:06:07,318 - AlertAvailableSessions - INFO - Seans Secim Buton was Clicked
2025-08-05 15:06:08,464 - AlertAvailableSessions - INFO - Branş dropdown açıldı
2025-08-05 15:06:09,578 - AlertAvailableSessions - INFO - TENİS seçildi
2025-08-05 15:06:11,994 - AlertAvailableSessions - INFO - Login Successfully
2025-08-05 15:06:12,109 - AlertAvailableSessions - INFO - Login sonrası popup kapatıldı
2025-08-05 15:06:12,823 - AlertAvailableSessions - INFO - Seans Secim Buton was Clicked
2025-08-05 15:06:13,962 - AlertAvailableSessions - INFO - Branş dropdown açıldı
2025-08-05 15:06:15,030 - AlertAvailableSessions - INFO - TENİS seçildi
2025-08-05 15:06:15,524 - AlertAvailableSessions - INFO - Tesis dropdown açıldı
2025-08-05 15:06:16,615 - AlertAvailableSessions - INFO - MALTEPE SAHİL SPOR TESİSİ seçildi
2025-08-05 15:06:17,189 - AlertAvailableSessions - INFO - Get Sessions Info
2025-08-05 15:06:17,312 - AlertAvailableSessions - WARNING - No checkbox rendered for 07.08.2025 21:00 - 22:00
2025-08-05 15:06:19,923 - AlertAvailableSessions - ERROR - Tesis seçimi başarısız: Dropdown açma başarısız
2025-08-05 15:06:19,932 - AlertAvailableSessions - INFO - Get Sessions Info
2025-08-05 15:06:30,275 - AlertAvailableSessions - ERROR - ❌ Hata: Message: 
Stacktrace:
	GetHandleVerifier [0x0x10aba83+63395]
	GetHandleVerifier [0x0x10abac4+63460]
	(No symbol) [0x0xef2113]
	(No symbol) [0x0xf3a85e]
	(No symbol) [0x0xf3abfb]
	(No symbol) [0x0xf82f92]
	(No symbol) [0x0xf5f3f4]
	(No symbol) [0x0xf807ba]
	(No symbol) [0x0xf5f1a6]
	(No symbol) [0x0xf2e7b2]
	(No symbol) [0x0xf2f654]
	GetHandleVerifier [0x0x1328883+2672035]
	GetHandleVerifier [0x0x1323cba+2652634]
	GetHandleVerifier [0x0x10d2bca+223466]
	GetHandleVerifier [0x0x10c2cb8+158168]
	GetHandleVerifier [0x0x10c978d+185517]
	GetHandleVerifier [0x0x10b3b78+96408]
	GetHandleVerifier [0x0x10b3d02+96802]
	GetHandleVerifier [0x0x109e90a+9770]
	BaseThreadInitThunk [0x0x76825d49+25]
	RtlInitializeExceptionChain [0x0x7725d2fb+107]
	RtlGetAppContainerNamedObjectPath [0x0x7725d281+561]

2025-08-05 15:11:27,484 - AlertAvailableSessions - INFO - Login Successfully
2025-08-05 15:11:27,612 - AlertAvailableSessions - INFO - Login sonrası popup kapatıldı
2025-08-05 15:11:28,142 - AlertAvailableSessions - INFO - Seans Secim Buton was Clicked
2025-08-05 15:11:29,326 - AlertAvailableSessions - INFO - Branş dropdown açıldı
2025-08-05 15:11:30,399 - AlertAvailableSessions - INFO - TENİS seçildi
2025-08-05 15:11:30,882 - AlertAvailableSessions - INFO - Tesis dropdown açıldı
2025-08-05 15:11:31,963 - AlertAvailableSessions - INFO - MALTEPE SAHİL SPOR TESİSİ seçildi
2025-08-05 15:11:32,560 - AlertAvailableSessions - INFO - Get Sessions Info
2025-08-05 15:11:32,726 - AlertAvailableSessions - WARNING - No checkbox rendered for 07.08.2025 21:00 - 22:00
2025-08-05 15:13:37,814 - AlertAvailableSessions - INFO - Login Successfully
2025-08-05 15:13:40,436 - AlertAvailableSessions - INFO - Login sonrası popup kapatıldı
2025-08-05 15:13:40,938 - AlertAvailableSessions - INFO - Seans Secim Buton was Clicked
2025-08-05 15:13:42,070 - AlertAvailableSessions - INFO - Branş dropdown açıldı
2025-08-05 15:13:43,142 - AlertAvailableSessions - INFO - TENİS seçildi
2025-08-05 15:13:44,126 - AlertAvailableSessions - INFO - Tesis dropdown açıldı
2025-08-05 15:13:45,224 - AlertAvailableSessions - INFO - MALTEPE SAHİL SPOR TESİSİ seçildi
2025-08-05 15:13:45,235 - AlertAvailableSessions - INFO - Get Sessions Info
2025-08-05 15:13:45,990 - AlertAvailableSessions - WARNING - No checkbox rendered for 06.08.2025 20:00 - 21:00
2025-08-05 15:16:42,324 - AlertAvailableSessions - INFO - Login Successfully
2025-08-05 15:16:45,428 - AlertAvailableSessions - INFO - Popup mevcut değil, devam ediliyor
2025-08-05 15:16:45,923 - AlertAvailableSessions - INFO - Seans Secim Buton was Clicked
2025-08-05 15:16:47,068 - AlertAvailableSessions - INFO - Branş dropdown açıldı
2025-08-05 15:16:48,168 - AlertAvailableSessions - INFO - TENİS seçildi
2025-08-05 15:16:49,240 - AlertAvailableSessions - INFO - Tesis dropdown açıldı
2025-08-05 15:16:50,304 - AlertAvailableSessions - INFO - MALTEPE SAHİL SPOR TESİSİ seçildi
2025-08-05 15:16:50,312 - AlertAvailableSessions - INFO - Get Sessions Info
2025-08-05 15:16:50,976 - AlertAvailableSessions - WARNING - No checkbox rendered for 07.08.2025 21:00 - 22:00
2025-08-05 15:20:53,711 - AlertAvailableSessions - INFO - Login Successfully
2025-08-05 15:20:56,789 - AlertAvailableSessions - INFO - Login sonrası popup kapatıldı
2025-08-05 15:20:57,916 - AlertAvailableSessions - INFO - Seans Secim Buton was Clicked
2025-08-05 15:20:59,036 - AlertAvailableSessions - INFO - Branş dropdown açıldı
2025-08-05 15:21:00,099 - AlertAvailableSessions - INFO - TENİS seçildi
2025-08-05 15:21:00,582 - AlertAvailableSessions - INFO - Tesis dropdown açıldı
2025-08-05 15:21:01,647 - AlertAvailableSessions - INFO - MALTEPE SAHİL SPOR TESİSİ seçildi
2025-08-05 15:21:02,277 - AlertAvailableSessions - INFO - Get Sessions Info
2025-08-05 15:21:02,419 - AlertAvailableSessions - WARNING - No checkbox rendered for 06.08.2025 20:00 - 21:00
2025-08-05 15:21:59,099 - AlertAvailableSessions - INFO - Login Successfully
2025-08-05 15:22:01,639 - AlertAvailableSessions - INFO - Login sonrası popup kapatıldı
2025-08-05 15:22:02,469 - AlertAvailableSessions - INFO - Seans Secim Buton was Clicked
2025-08-05 15:22:03,587 - AlertAvailableSessions - INFO - Branş dropdown açıldı
2025-08-05 15:22:04,653 - AlertAvailableSessions - INFO - TENİS seçildi
2025-08-05 15:22:05,778 - AlertAvailableSessions - INFO - Tesis dropdown açıldı
2025-08-05 15:22:06,844 - AlertAvailableSessions - INFO - MALTEPE SAHİL SPOR TESİSİ seçildi
2025-08-05 15:22:07,400 - AlertAvailableSessions - INFO - Get Sessions Info
2025-08-05 15:22:07,519 - AlertAvailableSessions - WARNING - No checkbox rendered for 07.08.2025 21:00 - 22:00
2025-08-05 15:27:18,471 - AlertAvailableSessions - INFO - Login Successfully
2025-08-05 15:27:18,667 - AlertAvailableSessions - INFO - Login sonrası popup kapatıldı
2025-08-05 15:27:19,257 - AlertAvailableSessions - INFO - Seans Secim Buton was Clicked
2025-08-05 15:27:20,344 - AlertAvailableSessions - INFO - Branş dropdown açıldı
2025-08-05 15:27:21,419 - AlertAvailableSessions - INFO - TENİS seçildi
2025-08-05 15:27:22,013 - AlertAvailableSessions - INFO - Tesis dropdown açıldı
2025-08-05 15:27:23,077 - AlertAvailableSessions - INFO - MALTEPE SAHİL SPOR TESİSİ seçildi
2025-08-05 15:27:23,669 - AlertAvailableSessions - INFO - Get Sessions Info
2025-08-05 15:27:23,754 - AlertAvailableSessions - WARNING - No checkbox rendered for 07.08.2025 21:00 - 22:00
2025-08-05 15:28:12,711 - AlertAvailableSessions - INFO - Login Successfully
2025-08-05 15:28:12,819 - AlertAvailableSessions - INFO - Login sonrası popup kapatıldı
2025-08-05 15:28:13,658 - AlertAvailableSessions - INFO - Seans Secim Buton was Clicked
2025-08-05 15:28:14,763 - AlertAvailableSessions - INFO - Branş dropdown açıldı
2025-08-05 15:28:15,832 - AlertAvailableSessions - INFO - TENİS seçildi
2025-08-05 15:28:16,340 - AlertAvailableSessions - INFO - Tesis dropdown açıldı
2025-08-05 15:28:17,408 - AlertAvailableSessions - INFO - MALTEPE SAHİL SPOR TESİSİ seçildi
2025-08-05 15:28:18,025 - AlertAvailableSessions - INFO - Get Sessions Info
2025-08-05 15:28:18,225 - AlertAvailableSessions - WARNING - No checkbox rendered for 06.08.2025 20:00 - 21:00
2025-08-05 15:32:31,157 - AlertAvailableSessions - INFO - Login Successfully
2025-08-05 15:32:34,343 - AlertAvailableSessions - INFO - Login sonrası popup kapatıldı
2025-08-05 15:32:35,384 - AlertAvailableSessions - INFO - Seans Secim Buton was Clicked
2025-08-05 15:32:36,536 - AlertAvailableSessions - INFO - Branş dropdown açıldı
2025-08-05 15:32:37,610 - AlertAvailableSessions - INFO - TENİS seçildi
2025-08-05 15:32:38,168 - AlertAvailableSessions - INFO - Tesis dropdown açıldı
2025-08-05 15:32:39,234 - AlertAvailableSessions - INFO - MALTEPE SAHİL SPOR TESİSİ seçildi
2025-08-05 15:32:39,853 - AlertAvailableSessions - INFO - Get Sessions Info
2025-08-05 15:32:39,992 - AlertAvailableSessions - WARNING - No checkbox rendered for 07.08.2025 21:00 - 22:00
2025-08-05 15:35:31,285 - AlertAvailableSessions - INFO - Login Successfully
2025-08-05 15:35:31,410 - AlertAvailableSessions - INFO - Login sonrası popup kapatıldı
2025-08-05 15:35:32,365 - AlertAvailableSessions - INFO - Seans Secim Buton was Clicked
2025-08-05 15:35:33,461 - AlertAvailableSessions - INFO - Branş dropdown açıldı
2025-08-05 15:35:34,533 - AlertAvailableSessions - INFO - TENİS seçildi
2025-08-05 15:35:35,590 - AlertAvailableSessions - INFO - Tesis dropdown açıldı
2025-08-05 15:35:36,647 - AlertAvailableSessions - INFO - MALTEPE SAHİL SPOR TESİSİ seçildi
2025-08-05 15:35:37,287 - AlertAvailableSessions - INFO - Get Sessions Info
2025-08-05 15:35:37,421 - AlertAvailableSessions - WARNING - No checkbox rendered for 06.08.2025 20:00 - 21:00
2025-08-05 15:37:47,989 - AlertAvailableSessions - INFO - Login Successfully
2025-08-05 15:37:50,812 - AlertAvailableSessions - INFO - Login sonrası popup kapatıldı
2025-08-05 15:37:51,721 - AlertAvailableSessions - INFO - Seans Secim Buton was Clicked
2025-08-05 15:37:52,833 - AlertAvailableSessions - INFO - Branş dropdown açıldı
2025-08-05 15:37:53,896 - AlertAvailableSessions - INFO - TENİS seçildi
2025-08-05 15:37:54,635 - AlertAvailableSessions - INFO - Tesis dropdown açıldı
2025-08-05 15:37:55,696 - AlertAvailableSessions - INFO - MALTEPE SAHİL SPOR TESİSİ seçildi
2025-08-05 15:37:56,352 - AlertAvailableSessions - INFO - Get Sessions Info
2025-08-05 15:37:56,448 - AlertAvailableSessions - WARNING - No checkbox rendered for 07.08.2025 21:00 - 22:00
2025-08-05 15:42:46,824 - AlertAvailableSessions - INFO - Login Successfully
2025-08-05 15:42:46,946 - AlertAvailableSessions - INFO - Login sonrası popup kapatıldı
2025-08-05 15:42:48,056 - AlertAvailableSessions - INFO - Seans Secim Buton was Clicked
2025-08-05 15:42:49,164 - AlertAvailableSessions - INFO - Branş dropdown açıldı
2025-08-05 15:42:50,249 - AlertAvailableSessions - INFO - TENİS seçildi
2025-08-05 15:42:50,755 - AlertAvailableSessions - INFO - Tesis dropdown açıldı
2025-08-05 15:42:51,847 - AlertAvailableSessions - INFO - MALTEPE SAHİL SPOR TESİSİ seçildi
2025-08-05 15:42:52,409 - AlertAvailableSessions - INFO - Get Sessions Info
2025-08-05 15:42:52,587 - AlertAvailableSessions - WARNING - No checkbox rendered for 06.08.2025 20:00 - 21:00
2025-08-05 15:43:06,522 - AlertAvailableSessions - INFO - Login Successfully
2025-08-05 15:43:06,650 - AlertAvailableSessions - INFO - Login sonrası popup kapatıldı
2025-08-05 15:43:07,515 - AlertAvailableSessions - INFO - Seans Secim Buton was Clicked
2025-08-05 15:43:08,628 - AlertAvailableSessions - INFO - Branş dropdown açıldı
2025-08-05 15:43:09,735 - AlertAvailableSessions - INFO - TENİS seçildi
2025-08-05 15:43:10,708 - AlertAvailableSessions - INFO - Tesis dropdown açıldı
2025-08-05 15:43:11,775 - AlertAvailableSessions - INFO - MALTEPE SAHİL SPOR TESİSİ seçildi
2025-08-05 15:43:12,101 - AlertAvailableSessions - INFO - Get Sessions Info
2025-08-05 15:43:12,534 - AlertAvailableSessions - WARNING - No checkbox rendered for 07.08.2025 21:00 - 22:00
2025-08-05 15:48:20,294 - AlertAvailableSessions - INFO - Login Successfully
2025-08-05 15:48:22,903 - AlertAvailableSessions - INFO - Login sonrası popup kapatıldı
2025-08-05 15:48:23,819 - AlertAvailableSessions - INFO - Seans Secim Buton was Clicked
2025-08-05 15:48:24,933 - AlertAvailableSessions - INFO - Branş dropdown açıldı
2025-08-05 15:48:26,033 - AlertAvailableSessions - INFO - TENİS seçildi
2025-08-05 15:48:27,058 - AlertAvailableSessions - INFO - Tesis dropdown açıldı
2025-08-05 15:48:28,156 - AlertAvailableSessions - INFO - MALTEPE SAHİL SPOR TESİSİ seçildi
2025-08-05 15:48:28,165 - AlertAvailableSessions - INFO - Get Sessions Info
2025-08-05 15:48:28,997 - AlertAvailableSessions - WARNING - No checkbox rendered for 07.08.2025 21:00 - 22:00
2025-08-05 15:50:00,106 - AlertAvailableSessions - INFO - Login Successfully
2025-08-05 15:50:02,792 - AlertAvailableSessions - INFO - Login sonrası popup kapatıldı
2025-08-05 15:50:03,748 - AlertAvailableSessions - INFO - Seans Secim Buton was Clicked
2025-08-05 15:50:04,850 - AlertAvailableSessions - INFO - Branş dropdown açıldı
2025-08-05 15:50:05,949 - AlertAvailableSessions - INFO - TENİS seçildi
2025-08-05 15:50:07,448 - AlertAvailableSessions - INFO - Tesis dropdown açıldı
2025-08-05 15:50:08,511 - AlertAvailableSessions - INFO - MALTEPE SAHİL SPOR TESİSİ seçildi
2025-08-05 15:50:09,262 - AlertAvailableSessions - INFO - Get Sessions Info
2025-08-05 15:50:09,461 - AlertAvailableSessions - WARNING - No checkbox rendered for 06.08.2025 20:00 - 21:00
2025-08-05 15:53:40,057 - AlertAvailableSessions - INFO - Login Successfully
2025-08-05 15:53:40,241 - AlertAvailableSessions - INFO - Login sonrası popup kapatıldı
2025-08-05 15:53:40,977 - AlertAvailableSessions - INFO - Seans Secim Buton was Clicked
2025-08-05 15:53:42,134 - AlertAvailableSessions - INFO - Branş dropdown açıldı
2025-08-05 15:53:43,261 - AlertAvailableSessions - INFO - TENİS seçildi
2025-08-05 15:53:44,330 - AlertAvailableSessions - INFO - Tesis dropdown açıldı
2025-08-05 15:53:45,400 - AlertAvailableSessions - INFO - MALTEPE SAHİL SPOR TESİSİ seçildi
2025-08-05 15:53:45,967 - AlertAvailableSessions - INFO - Get Sessions Info
2025-08-05 15:53:46,157 - AlertAvailableSessions - WARNING - No checkbox rendered for 07.08.2025 21:00 - 22:00
2025-08-05 15:57:17,449 - AlertAvailableSessions - INFO - Login Successfully
2025-08-05 15:57:20,263 - AlertAvailableSessions - INFO - Login sonrası popup kapatıldı
2025-08-05 15:57:20,899 - AlertAvailableSessions - INFO - Seans Secim Buton was Clicked
2025-08-05 15:57:22,007 - AlertAvailableSessions - INFO - Branş dropdown açıldı
2025-08-05 15:57:23,096 - AlertAvailableSessions - INFO - TENİS seçildi
2025-08-05 15:57:24,278 - AlertAvailableSessions - INFO - Tesis dropdown açıldı
2025-08-05 15:57:25,362 - AlertAvailableSessions - INFO - MALTEPE SAHİL SPOR TESİSİ seçildi
2025-08-05 15:57:25,898 - AlertAvailableSessions - INFO - Get Sessions Info
2025-08-05 15:57:25,995 - AlertAvailableSessions - WARNING - No checkbox rendered for 06.08.2025 20:00 - 21:00
2025-08-05 15:58:56,631 - AlertAvailableSessions - INFO - Login Successfully
2025-08-05 15:58:56,740 - AlertAvailableSessions - INFO - Login sonrası popup kapatıldı
2025-08-05 15:58:57,332 - AlertAvailableSessions - INFO - Seans Secim Buton was Clicked
2025-08-05 15:58:58,463 - AlertAvailableSessions - INFO - Branş dropdown açıldı
2025-08-05 15:58:59,536 - AlertAvailableSessions - INFO - TENİS seçildi
2025-08-05 15:59:00,094 - AlertAvailableSessions - INFO - Tesis dropdown açıldı
2025-08-05 15:59:01,169 - AlertAvailableSessions - INFO - MALTEPE SAHİL SPOR TESİSİ seçildi
2025-08-05 15:59:01,829 - AlertAvailableSessions - INFO - Get Sessions Info
2025-08-05 15:59:01,920 - AlertAvailableSessions - WARNING - No checkbox rendered for 07.08.2025 21:00 - 22:00
2025-08-05 16:04:11,964 - AlertAvailableSessions - INFO - Login Successfully
2025-08-05 16:04:12,052 - AlertAvailableSessions - INFO - Login sonrası popup kapatıldı
2025-08-05 16:04:12,552 - AlertAvailableSessions - INFO - Seans Secim Buton was Clicked
2025-08-05 16:04:13,646 - AlertAvailableSessions - INFO - Branş dropdown açıldı
2025-08-05 16:04:14,724 - AlertAvailableSessions - INFO - TENİS seçildi
2025-08-05 16:04:15,659 - AlertAvailableSessions - INFO - Tesis dropdown açıldı
2025-08-05 16:04:16,766 - AlertAvailableSessions - INFO - MALTEPE SAHİL SPOR TESİSİ seçildi
2025-08-05 16:04:16,777 - AlertAvailableSessions - INFO - Get Sessions Info
2025-08-05 16:04:17,427 - AlertAvailableSessions - WARNING - No checkbox rendered for 07.08.2025 21:00 - 22:00
2025-08-05 16:04:36,045 - AlertAvailableSessions - INFO - Login Successfully
2025-08-05 16:04:36,228 - AlertAvailableSessions - INFO - Login sonrası popup kapatıldı
2025-08-05 16:04:37,496 - AlertAvailableSessions - INFO - Seans Secim Buton was Clicked
2025-08-05 16:04:38,593 - AlertAvailableSessions - INFO - Branş dropdown açıldı
2025-08-05 16:04:39,673 - AlertAvailableSessions - INFO - TENİS seçildi
2025-08-05 16:04:40,213 - AlertAvailableSessions - INFO - Tesis dropdown açıldı
2025-08-05 16:04:41,284 - AlertAvailableSessions - INFO - MALTEPE SAHİL SPOR TESİSİ seçildi
2025-08-05 16:04:41,886 - AlertAvailableSessions - INFO - Get Sessions Info
2025-08-05 16:04:42,073 - AlertAvailableSessions - WARNING - No checkbox rendered for 06.08.2025 20:00 - 21:00
2025-08-05 16:09:26,258 - AlertAvailableSessions - INFO - Login Successfully
2025-08-05 16:09:26,357 - AlertAvailableSessions - INFO - Login sonrası popup kapatıldı
2025-08-05 16:09:26,845 - AlertAvailableSessions - INFO - Seans Secim Buton was Clicked
2025-08-05 16:09:27,955 - AlertAvailableSessions - INFO - Branş dropdown açıldı
2025-08-05 16:09:29,020 - AlertAvailableSessions - INFO - TENİS seçildi
2025-08-05 16:09:29,982 - AlertAvailableSessions - INFO - Tesis dropdown açıldı
2025-08-05 16:09:31,072 - AlertAvailableSessions - INFO - MALTEPE SAHİL SPOR TESİSİ seçildi
2025-08-05 16:09:31,629 - AlertAvailableSessions - INFO - Get Sessions Info
2025-08-05 16:09:31,811 - AlertAvailableSessions - WARNING - No checkbox rendered for 07.08.2025 21:00 - 22:00
2025-08-05 16:11:52,345 - AlertAvailableSessions - INFO - Login Successfully
2025-08-05 16:11:52,520 - AlertAvailableSessions - INFO - Login sonrası popup kapatıldı
2025-08-05 16:11:53,413 - AlertAvailableSessions - INFO - Seans Secim Buton was Clicked
2025-08-05 16:11:54,517 - AlertAvailableSessions - INFO - Branş dropdown açıldı
2025-08-05 16:11:55,612 - AlertAvailableSessions - INFO - TENİS seçildi
2025-08-05 16:11:56,599 - AlertAvailableSessions - INFO - Tesis dropdown açıldı
2025-08-05 16:11:57,688 - AlertAvailableSessions - INFO - MALTEPE SAHİL SPOR TESİSİ seçildi
2025-08-05 16:11:57,698 - AlertAvailableSessions - INFO - Get Sessions Info
2025-08-05 16:11:58,483 - AlertAvailableSessions - WARNING - No checkbox rendered for 06.08.2025 20:00 - 21:00
2025-08-05 16:14:39,512 - AlertAvailableSessions - INFO - Login Successfully
2025-08-05 16:14:43,557 - AlertAvailableSessions - INFO - Login sonrası popup kapatıldı
2025-08-05 16:14:44,354 - AlertAvailableSessions - INFO - Seans Secim Buton was Clicked
2025-08-05 16:14:45,457 - AlertAvailableSessions - INFO - Branş dropdown açıldı
2025-08-05 16:14:46,553 - AlertAvailableSessions - INFO - TENİS seçildi
2025-08-05 16:14:47,583 - AlertAvailableSessions - INFO - Tesis dropdown açıldı
2025-08-05 16:14:48,696 - AlertAvailableSessions - INFO - MALTEPE SAHİL SPOR TESİSİ seçildi
2025-08-05 16:14:48,707 - AlertAvailableSessions - INFO - Get Sessions Info
2025-08-05 16:14:49,391 - AlertAvailableSessions - WARNING - No checkbox rendered for 07.08.2025 21:00 - 22:00
2025-08-05 16:19:09,183 - AlertAvailableSessions - INFO - Login Successfully
2025-08-05 16:19:09,307 - AlertAvailableSessions - INFO - Login sonrası popup kapatıldı
2025-08-05 16:19:09,790 - AlertAvailableSessions - INFO - Seans Secim Buton was Clicked
2025-08-05 16:19:10,901 - AlertAvailableSessions - INFO - Branş dropdown açıldı
2025-08-05 16:19:11,968 - AlertAvailableSessions - INFO - TENİS seçildi
2025-08-05 16:19:12,893 - AlertAvailableSessions - INFO - Tesis dropdown açıldı
2025-08-05 16:19:13,991 - AlertAvailableSessions - INFO - MALTEPE SAHİL SPOR TESİSİ seçildi
2025-08-05 16:19:14,004 - AlertAvailableSessions - INFO - Get Sessions Info
2025-08-05 16:19:14,776 - AlertAvailableSessions - WARNING - No checkbox rendered for 06.08.2025 20:00 - 21:00
2025-08-05 16:19:59,341 - AlertAvailableSessions - INFO - Login Successfully
2025-08-05 16:19:59,465 - AlertAvailableSessions - INFO - Login sonrası popup kapatıldı
2025-08-05 16:20:00,298 - AlertAvailableSessions - INFO - Seans Secim Buton was Clicked
2025-08-05 16:20:01,405 - AlertAvailableSessions - INFO - Branş dropdown açıldı
2025-08-05 16:20:02,521 - AlertAvailableSessions - INFO - TENİS seçildi
2025-08-05 16:20:03,469 - AlertAvailableSessions - INFO - Tesis dropdown açıldı
2025-08-05 16:20:04,545 - AlertAvailableSessions - INFO - MALTEPE SAHİL SPOR TESİSİ seçildi
2025-08-05 16:20:04,862 - AlertAvailableSessions - INFO - Get Sessions Info
2025-08-05 16:20:05,680 - AlertAvailableSessions - WARNING - No checkbox rendered for 07.08.2025 21:00 - 22:00
2025-08-05 16:25:14,965 - AlertAvailableSessions - INFO - Login Successfully
2025-08-05 16:25:18,539 - AlertAvailableSessions - INFO - Login sonrası popup kapatıldı
2025-08-05 16:25:19,822 - AlertAvailableSessions - INFO - Seans Secim Buton was Clicked
2025-08-05 16:25:20,957 - AlertAvailableSessions - INFO - Branş dropdown açıldı
2025-08-05 16:25:22,080 - AlertAvailableSessions - INFO - TENİS seçildi
2025-08-05 16:25:23,055 - AlertAvailableSessions - INFO - Tesis dropdown açıldı
2025-08-05 16:25:24,147 - AlertAvailableSessions - INFO - MALTEPE SAHİL SPOR TESİSİ seçildi
2025-08-05 16:25:24,158 - AlertAvailableSessions - INFO - Get Sessions Info
2025-08-05 16:25:25,006 - AlertAvailableSessions - WARNING - No checkbox rendered for 07.08.2025 21:00 - 22:00
2025-08-05 16:26:27,501 - AlertAvailableSessions - INFO - Login Successfully
2025-08-05 16:26:27,586 - AlertAvailableSessions - INFO - Login sonrası popup kapatıldı
2025-08-05 16:26:28,495 - AlertAvailableSessions - INFO - Seans Secim Buton was Clicked
2025-08-05 16:26:29,594 - AlertAvailableSessions - INFO - Branş dropdown açıldı
2025-08-05 16:26:30,659 - AlertAvailableSessions - INFO - TENİS seçildi
2025-08-05 16:26:31,167 - AlertAvailableSessions - INFO - Tesis dropdown açıldı
2025-08-05 16:26:32,235 - AlertAvailableSessions - INFO - MALTEPE SAHİL SPOR TESİSİ seçildi
2025-08-05 16:26:32,638 - AlertAvailableSessions - INFO - Get Sessions Info
2025-08-05 16:26:32,951 - AlertAvailableSessions - WARNING - No checkbox rendered for 06.08.2025 20:00 - 21:00
2025-08-05 16:30:31,429 - AlertAvailableSessions - INFO - Login Successfully
2025-08-05 16:30:34,025 - AlertAvailableSessions - INFO - Login sonrası popup kapatıldı
2025-08-05 16:30:34,546 - AlertAvailableSessions - INFO - Seans Secim Buton was Clicked
2025-08-05 16:30:35,663 - AlertAvailableSessions - INFO - Branş dropdown açıldı
2025-08-05 16:30:36,728 - AlertAvailableSessions - INFO - TENİS seçildi
2025-08-05 16:30:37,192 - AlertAvailableSessions - INFO - Tesis dropdown açıldı
2025-08-05 16:30:38,274 - AlertAvailableSessions - INFO - MALTEPE SAHİL SPOR TESİSİ seçildi
2025-08-05 16:30:38,990 - AlertAvailableSessions - INFO - Get Sessions Info
2025-08-05 16:30:39,180 - AlertAvailableSessions - WARNING - No checkbox rendered for 07.08.2025 21:00 - 22:00
2025-08-05 16:33:43,177 - AlertAvailableSessions - INFO - Login Successfully
2025-08-05 16:33:43,257 - AlertAvailableSessions - INFO - Login sonrası popup kapatıldı
2025-08-05 16:33:44,103 - AlertAvailableSessions - INFO - Seans Secim Buton was Clicked
2025-08-05 16:33:45,250 - AlertAvailableSessions - INFO - Branş dropdown açıldı
2025-08-05 16:33:46,336 - AlertAvailableSessions - INFO - TENİS seçildi
2025-08-05 16:33:47,410 - AlertAvailableSessions - INFO - Tesis dropdown açıldı
2025-08-05 16:33:48,498 - AlertAvailableSessions - INFO - MALTEPE SAHİL SPOR TESİSİ seçildi
2025-08-05 16:33:49,170 - AlertAvailableSessions - INFO - Get Sessions Info
2025-08-05 16:33:49,270 - AlertAvailableSessions - WARNING - No checkbox rendered for 06.08.2025 20:00 - 21:00
2025-08-05 16:35:46,854 - AlertAvailableSessions - INFO - Login Successfully
2025-08-05 16:35:51,582 - AlertAvailableSessions - INFO - Login sonrası popup kapatıldı
2025-08-05 16:35:52,097 - AlertAvailableSessions - INFO - Seans Secim Buton was Clicked
2025-08-05 16:35:53,234 - AlertAvailableSessions - INFO - Branş dropdown açıldı
2025-08-05 16:35:54,309 - AlertAvailableSessions - INFO - TENİS seçildi
2025-08-05 16:35:55,247 - AlertAvailableSessions - INFO - Tesis dropdown açıldı
2025-08-05 16:35:56,347 - AlertAvailableSessions - INFO - MALTEPE SAHİL SPOR TESİSİ seçildi
2025-08-05 16:35:56,359 - AlertAvailableSessions - INFO - Get Sessions Info
2025-08-05 16:35:56,981 - AlertAvailableSessions - WARNING - No checkbox rendered for 07.08.2025 21:00 - 22:00
2025-08-05 16:40:57,044 - AlertAvailableSessions - INFO - Login Successfully
2025-08-05 16:40:59,697 - AlertAvailableSessions - INFO - Login sonrası popup kapatıldı
2025-08-05 16:41:00,269 - AlertAvailableSessions - INFO - Seans Secim Buton was Clicked
2025-08-05 16:41:01,500 - AlertAvailableSessions - INFO - Branş dropdown açıldı
2025-08-05 16:41:02,590 - AlertAvailableSessions - INFO - TENİS seçildi
2025-08-05 16:41:03,121 - AlertAvailableSessions - INFO - Tesis dropdown açıldı
2025-08-05 16:41:04,231 - AlertAvailableSessions - INFO - MALTEPE SAHİL SPOR TESİSİ seçildi
2025-08-05 16:41:04,845 - AlertAvailableSessions - INFO - Get Sessions Info
2025-08-05 16:41:04,995 - AlertAvailableSessions - WARNING - No checkbox rendered for 06.08.2025 20:00 - 21:00
2025-08-05 16:41:07,688 - AlertAvailableSessions - INFO - Login Successfully
2025-08-05 16:41:07,934 - AlertAvailableSessions - INFO - Login sonrası popup kapatıldı
2025-08-05 16:41:09,369 - AlertAvailableSessions - INFO - Seans Secim Buton was Clicked
2025-08-05 16:41:10,501 - AlertAvailableSessions - INFO - Branş dropdown açıldı
2025-08-05 16:41:11,639 - AlertAvailableSessions - INFO - TENİS seçildi
2025-08-05 16:41:12,720 - AlertAvailableSessions - INFO - Tesis dropdown açıldı
2025-08-05 16:41:13,827 - AlertAvailableSessions - INFO - MALTEPE SAHİL SPOR TESİSİ seçildi
2025-08-05 16:41:14,393 - AlertAvailableSessions - INFO - Get Sessions Info
2025-08-05 16:41:14,590 - AlertAvailableSessions - WARNING - No checkbox rendered for 07.08.2025 21:00 - 22:00
2025-08-05 16:46:26,771 - AlertAvailableSessions - INFO - Login Successfully
2025-08-05 16:46:26,937 - AlertAvailableSessions - INFO - Login sonrası popup kapatıldı
2025-08-05 16:46:27,506 - AlertAvailableSessions - INFO - Seans Secim Buton was Clicked
2025-08-05 16:46:28,610 - AlertAvailableSessions - INFO - Branş dropdown açıldı
2025-08-05 16:46:29,679 - AlertAvailableSessions - INFO - TENİS seçildi
2025-08-05 16:46:30,265 - AlertAvailableSessions - INFO - Tesis dropdown açıldı
2025-08-05 16:46:31,346 - AlertAvailableSessions - INFO - MALTEPE SAHİL SPOR TESİSİ seçildi
2025-08-05 16:46:31,959 - AlertAvailableSessions - INFO - Get Sessions Info
2025-08-05 16:46:32,153 - AlertAvailableSessions - WARNING - No checkbox rendered for 07.08.2025 21:00 - 22:00
2025-08-05 16:48:12,485 - AlertAvailableSessions - INFO - Login Successfully
2025-08-05 16:48:15,131 - AlertAvailableSessions - INFO - Login sonrası popup kapatıldı
2025-08-05 16:48:15,626 - AlertAvailableSessions - INFO - Seans Secim Buton was Clicked
2025-08-05 16:48:16,748 - AlertAvailableSessions - INFO - Branş dropdown açıldı
2025-08-05 16:48:17,833 - AlertAvailableSessions - INFO - TENİS seçildi
2025-08-05 16:48:18,349 - AlertAvailableSessions - INFO - Tesis dropdown açıldı
2025-08-05 16:48:19,441 - AlertAvailableSessions - INFO - MALTEPE SAHİL SPOR TESİSİ seçildi
2025-08-05 16:48:20,006 - AlertAvailableSessions - INFO - Get Sessions Info
2025-08-05 16:48:20,194 - AlertAvailableSessions - WARNING - No checkbox rendered for 06.08.2025 20:00 - 21:00
2025-08-05 16:51:39,792 - AlertAvailableSessions - INFO - Login Successfully
2025-08-05 16:51:42,750 - AlertAvailableSessions - INFO - Login sonrası popup kapatıldı
2025-08-05 16:51:43,251 - AlertAvailableSessions - INFO - Seans Secim Buton was Clicked
2025-08-05 16:51:44,358 - AlertAvailableSessions - INFO - Branş dropdown açıldı
2025-08-05 16:51:45,431 - AlertAvailableSessions - INFO - TENİS seçildi
2025-08-05 16:51:45,925 - AlertAvailableSessions - INFO - Tesis dropdown açıldı
2025-08-05 16:51:46,995 - AlertAvailableSessions - INFO - MALTEPE SAHİL SPOR TESİSİ seçildi
2025-08-05 16:51:47,586 - AlertAvailableSessions - INFO - Get Sessions Info
2025-08-05 16:51:47,704 - AlertAvailableSessions - WARNING - No checkbox rendered for 07.08.2025 21:00 - 22:00
2025-08-05 16:55:28,421 - AlertAvailableSessions - INFO - Login Successfully
2025-08-05 16:55:31,537 - AlertAvailableSessions - INFO - Login sonrası popup kapatıldı
2025-08-05 16:55:32,488 - AlertAvailableSessions - INFO - Seans Secim Buton was Clicked
2025-08-05 16:55:33,591 - AlertAvailableSessions - INFO - Branş dropdown açıldı
2025-08-05 16:55:34,666 - AlertAvailableSessions - INFO - TENİS seçildi
2025-08-05 16:55:35,275 - AlertAvailableSessions - INFO - Tesis dropdown açıldı
2025-08-05 16:55:36,334 - AlertAvailableSessions - INFO - MALTEPE SAHİL SPOR TESİSİ seçildi
2025-08-05 16:55:37,088 - AlertAvailableSessions - INFO - Get Sessions Info
2025-08-05 16:55:37,281 - AlertAvailableSessions - WARNING - No checkbox rendered for 06.08.2025 20:00 - 21:00
2025-08-05 16:56:57,774 - AlertAvailableSessions - INFO - Login Successfully
2025-08-05 16:56:57,925 - AlertAvailableSessions - INFO - Login sonrası popup kapatıldı
2025-08-05 16:56:58,841 - AlertAvailableSessions - INFO - Seans Secim Buton was Clicked
2025-08-05 16:56:59,968 - AlertAvailableSessions - INFO - Branş dropdown açıldı
2025-08-05 16:57:01,037 - AlertAvailableSessions - INFO - TENİS seçildi
2025-08-05 16:57:01,604 - AlertAvailableSessions - INFO - Tesis dropdown açıldı
2025-08-05 16:57:02,677 - AlertAvailableSessions - INFO - MALTEPE SAHİL SPOR TESİSİ seçildi
2025-08-05 16:57:03,310 - AlertAvailableSessions - INFO - Get Sessions Info
2025-08-05 16:57:03,475 - AlertAvailableSessions - WARNING - No checkbox rendered for 07.08.2025 21:00 - 22:00
2025-08-05 17:02:24,023 - AlertAvailableSessions - INFO - Login Successfully
2025-08-05 17:02:27,118 - AlertAvailableSessions - INFO - Popup mevcut değil, devam ediliyor
2025-08-05 17:02:37,943 - AlertAvailableSessions - ERROR - Seans Secim Buton was NOT Clicked: Message: 
Stacktrace:
	GetHandleVerifier [0x0x10aba83+63395]
	GetHandleVerifier [0x0x10abac4+63460]
	(No symbol) [0x0xef2113]
	(No symbol) [0x0xf3a85e]
	(No symbol) [0x0xf3abfb]
	(No symbol) [0x0xf82f92]
	(No symbol) [0x0xf5f3f4]
	(No symbol) [0x0xf807ba]
	(No symbol) [0x0xf5f1a6]
	(No symbol) [0x0xf2e7b2]
	(No symbol) [0x0xf2f654]
	GetHandleVerifier [0x0x1328883+2672035]
	GetHandleVerifier [0x0x1323cba+2652634]
	GetHandleVerifier [0x0x10d2bca+223466]
	GetHandleVerifier [0x0x10c2cb8+158168]
	GetHandleVerifier [0x0x10c978d+185517]
	GetHandleVerifier [0x0x10b3b78+96408]
	GetHandleVerifier [0x0x10b3d02+96802]
	GetHandleVerifier [0x0x109e90a+9770]
	BaseThreadInitThunk [0x0x76825d49+25]
	RtlInitializeExceptionChain [0x0x7725d2fb+107]
	RtlGetAppContainerNamedObjectPath [0x0x7725d281+561]

2025-08-05 17:02:47,459 - AlertAvailableSessions - INFO - Login Successfully
2025-08-05 17:02:47,629 - AlertAvailableSessions - INFO - Login sonrası popup kapatıldı
2025-08-05 17:02:48,331 - AlertAvailableSessions - INFO - Seans Secim Buton was Clicked
2025-08-05 17:02:49,454 - AlertAvailableSessions - INFO - Branş dropdown açıldı
2025-08-05 17:02:50,538 - AlertAvailableSessions - INFO - TENİS seçildi
2025-08-05 17:02:51,545 - AlertAvailableSessions - INFO - Tesis dropdown açıldı
2025-08-05 17:02:52,604 - AlertAvailableSessions - INFO - MALTEPE SAHİL SPOR TESİSİ seçildi
2025-08-05 17:02:52,611 - AlertAvailableSessions - INFO - Get Sessions Info
2025-08-05 17:02:53,341 - AlertAvailableSessions - WARNING - No checkbox rendered for 06.08.2025 20:00 - 21:00
2025-08-05 17:07:51,677 - AlertAvailableSessions - INFO - Login Successfully
2025-08-05 17:07:59,368 - AlertAvailableSessions - INFO - Login sonrası popup kapatıldı
2025-08-05 17:08:00,104 - AlertAvailableSessions - INFO - Seans Secim Buton was Clicked
2025-08-05 17:08:01,227 - AlertAvailableSessions - INFO - Branş dropdown açıldı
2025-08-05 17:08:02,287 - AlertAvailableSessions - INFO - TENİS seçildi
2025-08-05 17:08:02,886 - AlertAvailableSessions - INFO - Tesis dropdown açıldı
2025-08-05 17:08:03,959 - AlertAvailableSessions - INFO - MALTEPE SAHİL SPOR TESİSİ seçildi
2025-08-05 17:08:04,322 - AlertAvailableSessions - INFO - Get Sessions Info
2025-08-05 17:08:04,786 - AlertAvailableSessions - WARNING - No checkbox rendered for 07.08.2025 21:00 - 22:00
2025-08-05 17:10:03,617 - AlertAvailableSessions - INFO - Login Successfully
2025-08-05 17:10:11,852 - AlertAvailableSessions - INFO - Login sonrası popup kapatıldı
2025-08-05 17:10:12,775 - AlertAvailableSessions - INFO - Seans Secim Buton was Clicked
2025-08-05 17:10:13,866 - AlertAvailableSessions - INFO - Branş dropdown açıldı
2025-08-05 17:10:14,929 - AlertAvailableSessions - INFO - TENİS seçildi
2025-08-05 17:10:15,957 - AlertAvailableSessions - INFO - Tesis dropdown açıldı
2025-08-05 17:10:17,105 - AlertAvailableSessions - INFO - MALTEPE SAHİL SPOR TESİSİ seçildi
2025-08-05 17:10:17,116 - AlertAvailableSessions - INFO - Get Sessions Info
2025-08-05 17:10:17,935 - AlertAvailableSessions - WARNING - No checkbox rendered for 06.08.2025 20:00 - 21:00
2025-08-05 17:13:14,623 - AlertAvailableSessions - INFO - Login Successfully
2025-08-05 17:13:21,761 - AlertAvailableSessions - INFO - Login sonrası popup kapatıldı
2025-08-05 17:13:22,396 - AlertAvailableSessions - INFO - Seans Secim Buton was Clicked
2025-08-05 17:13:23,510 - AlertAvailableSessions - INFO - Branş dropdown açıldı
2025-08-05 17:13:24,580 - AlertAvailableSessions - INFO - TENİS seçildi
2025-08-05 17:13:25,197 - AlertAvailableSessions - INFO - Tesis dropdown açıldı
2025-08-05 17:13:26,263 - AlertAvailableSessions - INFO - MALTEPE SAHİL SPOR TESİSİ seçildi
2025-08-05 17:13:26,636 - AlertAvailableSessions - INFO - Get Sessions Info
2025-08-05 17:13:27,034 - AlertAvailableSessions - WARNING - No checkbox rendered for 07.08.2025 21:00 - 22:00
2025-08-05 17:17:28,558 - AlertAvailableSessions - INFO - Login Successfully
2025-08-05 17:17:40,672 - AlertAvailableSessions - INFO - Login sonrası popup kapatıldı
2025-08-05 17:17:41,440 - AlertAvailableSessions - INFO - Seans Secim Buton was Clicked
2025-08-05 17:17:42,569 - AlertAvailableSessions - INFO - Branş dropdown açıldı
2025-08-05 17:17:43,652 - AlertAvailableSessions - INFO - TENİS seçildi
2025-08-05 17:17:44,796 - AlertAvailableSessions - INFO - Tesis dropdown açıldı
2025-08-05 17:17:45,895 - AlertAvailableSessions - INFO - MALTEPE SAHİL SPOR TESİSİ seçildi
2025-08-05 17:17:46,616 - AlertAvailableSessions - INFO - Get Sessions Info
2025-08-05 17:17:46,712 - AlertAvailableSessions - WARNING - No checkbox rendered for 06.08.2025 20:00 - 21:00
2025-08-05 17:18:36,701 - AlertAvailableSessions - INFO - Login Successfully
2025-08-05 17:18:45,129 - AlertAvailableSessions - INFO - Login sonrası popup kapatıldı
2025-08-05 17:18:46,008 - AlertAvailableSessions - INFO - Seans Secim Buton was Clicked
2025-08-05 17:18:47,101 - AlertAvailableSessions - INFO - Branş dropdown açıldı
2025-08-05 17:18:48,175 - AlertAvailableSessions - INFO - TENİS seçildi
2025-08-05 17:18:48,920 - AlertAvailableSessions - INFO - Tesis dropdown açıldı
2025-08-05 17:18:49,987 - AlertAvailableSessions - INFO - MALTEPE SAHİL SPOR TESİSİ seçildi
2025-08-05 17:18:49,994 - AlertAvailableSessions - INFO - Get Sessions Info
2025-08-05 17:18:50,969 - AlertAvailableSessions - WARNING - No checkbox rendered for 07.08.2025 21:00 - 22:00
2025-08-05 17:24:07,976 - AlertAvailableSessions - INFO - Login Successfully
2025-08-05 17:24:08,095 - AlertAvailableSessions - INFO - Login sonrası popup kapatıldı
2025-08-05 17:24:08,765 - AlertAvailableSessions - INFO - Seans Secim Buton was Clicked
2025-08-05 17:24:09,860 - AlertAvailableSessions - INFO - Branş dropdown açıldı
2025-08-05 17:24:10,930 - AlertAvailableSessions - INFO - TENİS seçildi
2025-08-05 17:24:11,527 - AlertAvailableSessions - INFO - Tesis dropdown açıldı
2025-08-05 17:24:12,598 - AlertAvailableSessions - INFO - MALTEPE SAHİL SPOR TESİSİ seçildi
2025-08-05 17:24:13,219 - AlertAvailableSessions - INFO - Get Sessions Info
2025-08-05 17:24:13,338 - AlertAvailableSessions - WARNING - No checkbox rendered for 07.08.2025 21:00 - 22:00
2025-08-05 17:24:56,438 - AlertAvailableSessions - INFO - Login Successfully
2025-08-05 17:25:04,360 - AlertAvailableSessions - INFO - Login sonrası popup kapatıldı
2025-08-05 17:25:04,977 - AlertAvailableSessions - INFO - Seans Secim Buton was Clicked
2025-08-05 17:25:06,089 - AlertAvailableSessions - INFO - Branş dropdown açıldı
2025-08-05 17:25:07,164 - AlertAvailableSessions - INFO - TENİS seçildi
2025-08-05 17:25:08,225 - AlertAvailableSessions - INFO - Tesis dropdown açıldı
2025-08-05 17:25:09,318 - AlertAvailableSessions - INFO - MALTEPE SAHİL SPOR TESİSİ seçildi
2025-08-05 17:25:10,129 - AlertAvailableSessions - INFO - Get Sessions Info
2025-08-05 17:25:10,273 - AlertAvailableSessions - WARNING - No checkbox rendered for 06.08.2025 20:00 - 21:00
2025-08-05 17:29:24,807 - AlertAvailableSessions - INFO - Login Successfully
2025-08-05 17:29:36,133 - AlertAvailableSessions - INFO - Login sonrası popup kapatıldı
2025-08-05 17:29:37,222 - AlertAvailableSessions - INFO - Seans Secim Buton was Clicked
2025-08-05 17:29:38,341 - AlertAvailableSessions - INFO - Branş dropdown açıldı
2025-08-05 17:29:39,421 - AlertAvailableSessions - INFO - TENİS seçildi
2025-08-05 17:29:40,574 - AlertAvailableSessions - INFO - Tesis dropdown açıldı
2025-08-05 17:29:41,686 - AlertAvailableSessions - INFO - MALTEPE SAHİL SPOR TESİSİ seçildi
2025-08-05 17:29:41,700 - AlertAvailableSessions - INFO - Get Sessions Info
2025-08-05 17:29:42,536 - AlertAvailableSessions - WARNING - No checkbox rendered for 07.08.2025 21:00 - 22:00
2025-08-05 17:32:27,621 - AlertAvailableSessions - INFO - Login Successfully
2025-08-05 17:32:27,736 - AlertAvailableSessions - INFO - Login sonrası popup kapatıldı
2025-08-05 17:32:28,357 - AlertAvailableSessions - INFO - Seans Secim Buton was Clicked
2025-08-05 17:32:29,442 - AlertAvailableSessions - INFO - Branş dropdown açıldı
2025-08-05 17:32:30,519 - AlertAvailableSessions - INFO - TENİS seçildi
2025-08-05 17:32:31,586 - AlertAvailableSessions - INFO - Tesis dropdown açıldı
2025-08-05 17:32:32,649 - AlertAvailableSessions - INFO - MALTEPE SAHİL SPOR TESİSİ seçildi
2025-08-05 17:32:33,247 - AlertAvailableSessions - INFO - Get Sessions Info
2025-08-05 17:32:33,378 - AlertAvailableSessions - WARNING - No checkbox rendered for 06.08.2025 20:00 - 21:00
2025-08-05 17:34:59,705 - AlertAvailableSessions - INFO - Login Successfully
2025-08-05 17:34:59,803 - AlertAvailableSessions - INFO - Login sonrası popup kapatıldı
2025-08-05 17:35:00,428 - AlertAvailableSessions - INFO - Seans Secim Buton was Clicked
2025-08-05 17:35:01,528 - AlertAvailableSessions - INFO - Branş dropdown açıldı
2025-08-05 17:35:02,584 - AlertAvailableSessions - INFO - TENİS seçildi
2025-08-05 17:35:03,701 - AlertAvailableSessions - INFO - Tesis dropdown açıldı
2025-08-05 17:35:04,804 - AlertAvailableSessions - INFO - MALTEPE SAHİL SPOR TESİSİ seçildi
2025-08-05 17:35:04,814 - AlertAvailableSessions - INFO - Get Sessions Info
2025-08-05 17:35:05,634 - AlertAvailableSessions - WARNING - No checkbox rendered for 07.08.2025 21:00 - 22:00
2025-08-05 17:39:44,883 - AlertAvailableSessions - INFO - Login Successfully
2025-08-05 17:40:48,032 - AlertAvailableSessions - INFO - Login Successfully
2025-08-05 17:40:48,111 - AlertAvailableSessions - INFO - Login sonrası popup kapatıldı
2025-08-05 17:40:51,148 - AlertAvailableSessions - INFO - Seans Secim Buton was Clicked
2025-08-05 17:40:52,299 - AlertAvailableSessions - INFO - Branş dropdown açıldı
2025-08-05 17:40:53,365 - AlertAvailableSessions - INFO - TENİS seçildi
2025-08-05 17:40:53,902 - AlertAvailableSessions - INFO - Login sonrası popup kapatıldı
2025-08-05 17:40:54,228 - AlertAvailableSessions - INFO - Tesis dropdown açıldı
2025-08-05 17:40:55,345 - AlertAvailableSessions - INFO - MALTEPE SAHİL SPOR TESİSİ seçildi
2025-08-05 17:40:57,097 - AlertAvailableSessions - INFO - Get Sessions Info
2025-08-05 17:40:57,201 - AlertAvailableSessions - WARNING - No checkbox rendered for 07.08.2025 21:00 - 22:00
2025-08-05 17:41:04,734 - AlertAvailableSessions - ERROR - Seans Secim Buton was NOT Clicked: Message: 
Stacktrace:
	GetHandleVerifier [0x0x10aba83+63395]
	GetHandleVerifier [0x0x10abac4+63460]
	(No symbol) [0x0xef2113]
	(No symbol) [0x0xf3a85e]
	(No symbol) [0x0xf3abfb]
	(No symbol) [0x0xf82f92]
	(No symbol) [0x0xf5f3f4]
	(No symbol) [0x0xf807ba]
	(No symbol) [0x0xf5f1a6]
	(No symbol) [0x0xf2e7b2]
	(No symbol) [0x0xf2f654]
	GetHandleVerifier [0x0x1328883+2672035]
	GetHandleVerifier [0x0x1323cba+2652634]
	GetHandleVerifier [0x0x10d2bca+223466]
	GetHandleVerifier [0x0x10c2cb8+158168]
	GetHandleVerifier [0x0x10c978d+185517]
	GetHandleVerifier [0x0x10b3b78+96408]
	GetHandleVerifier [0x0x10b3d02+96802]
	GetHandleVerifier [0x0x109e90a+9770]
	BaseThreadInitThunk [0x0x76825d49+25]
	RtlInitializeExceptionChain [0x0x7725d2fb+107]
	RtlGetAppContainerNamedObjectPath [0x0x7725d281+561]

2025-08-05 17:46:07,286 - AlertAvailableSessions - INFO - Login Successfully
2025-08-05 17:46:15,787 - AlertAvailableSessions - INFO - Login sonrası popup kapatıldı
2025-08-05 17:46:16,447 - AlertAvailableSessions - INFO - Seans Secim Buton was Clicked
2025-08-05 17:46:17,556 - AlertAvailableSessions - INFO - Branş dropdown açıldı
2025-08-05 17:46:18,636 - AlertAvailableSessions - INFO - TENİS seçildi
2025-08-05 17:46:19,249 - AlertAvailableSessions - INFO - Tesis dropdown açıldı
2025-08-05 17:46:20,327 - AlertAvailableSessions - INFO - MALTEPE SAHİL SPOR TESİSİ seçildi
2025-08-05 17:46:21,203 - AlertAvailableSessions - INFO - Get Sessions Info
2025-08-05 17:46:21,320 - AlertAvailableSessions - WARNING - No checkbox rendered for 07.08.2025 21:00 - 22:00
2025-08-05 17:48:26,605 - AlertAvailableSessions - INFO - Login Successfully
2025-08-05 17:48:26,702 - AlertAvailableSessions - INFO - Login sonrası popup kapatıldı
2025-08-05 17:48:27,453 - AlertAvailableSessions - INFO - Seans Secim Buton was Clicked
2025-08-05 17:48:28,580 - AlertAvailableSessions - INFO - Branş dropdown açıldı
2025-08-05 17:48:29,696 - AlertAvailableSessions - INFO - TENİS seçildi
2025-08-05 17:48:30,805 - AlertAvailableSessions - INFO - Tesis dropdown açıldı
2025-08-05 17:48:31,878 - AlertAvailableSessions - INFO - MALTEPE SAHİL SPOR TESİSİ seçildi
2025-08-05 17:48:32,991 - AlertAvailableSessions - INFO - Get Sessions Info
2025-08-05 17:48:33,068 - AlertAvailableSessions - WARNING - No checkbox rendered for 06.08.2025 20:00 - 21:00
2025-08-05 17:51:30,773 - AlertAvailableSessions - INFO - Login Successfully
2025-08-05 17:51:39,105 - AlertAvailableSessions - INFO - Login sonrası popup kapatıldı
2025-08-05 17:51:39,809 - AlertAvailableSessions - INFO - Seans Secim Buton was Clicked
2025-08-05 17:51:40,942 - AlertAvailableSessions - INFO - Branş dropdown açıldı
2025-08-05 17:51:42,052 - AlertAvailableSessions - INFO - TENİS seçildi
2025-08-05 17:51:43,365 - AlertAvailableSessions - INFO - Tesis dropdown açıldı
2025-08-05 17:51:44,445 - AlertAvailableSessions - INFO - MALTEPE SAHİL SPOR TESİSİ seçildi
2025-08-05 17:51:45,818 - AlertAvailableSessions - INFO - Get Sessions Info
2025-08-05 17:51:45,988 - AlertAvailableSessions - WARNING - No checkbox rendered for 07.08.2025 21:00 - 22:00
2025-08-05 17:55:51,853 - AlertAvailableSessions - INFO - Login Successfully
2025-08-05 17:55:51,926 - AlertAvailableSessions - INFO - Login sonrası popup kapatıldı
2025-08-05 17:55:52,737 - AlertAvailableSessions - INFO - Seans Secim Buton was Clicked
2025-08-05 17:55:53,845 - AlertAvailableSessions - INFO - Branş dropdown açıldı
2025-08-05 17:55:54,908 - AlertAvailableSessions - INFO - TENİS seçildi
2025-08-05 17:55:55,549 - AlertAvailableSessions - INFO - Tesis dropdown açıldı
2025-08-05 17:55:56,632 - AlertAvailableSessions - INFO - MALTEPE SAHİL SPOR TESİSİ seçildi
2025-08-05 17:55:56,643 - AlertAvailableSessions - INFO - Get Sessions Info
2025-08-05 17:55:57,493 - AlertAvailableSessions - WARNING - No checkbox rendered for 06.08.2025 20:00 - 21:00
2025-08-05 17:56:55,112 - AlertAvailableSessions - INFO - Login Successfully
2025-08-05 17:57:04,419 - AlertAvailableSessions - INFO - Login sonrası popup kapatıldı
2025-08-05 17:57:05,191 - AlertAvailableSessions - INFO - Seans Secim Buton was Clicked
2025-08-05 17:57:06,296 - AlertAvailableSessions - INFO - Branş dropdown açıldı
2025-08-05 17:57:07,356 - AlertAvailableSessions - INFO - TENİS seçildi
2025-08-05 17:57:08,422 - AlertAvailableSessions - INFO - Tesis dropdown açıldı
2025-08-05 17:57:09,527 - AlertAvailableSessions - INFO - MALTEPE SAHİL SPOR TESİSİ seçildi
2025-08-05 17:57:09,538 - AlertAvailableSessions - INFO - Get Sessions Info
2025-08-05 17:57:10,361 - AlertAvailableSessions - WARNING - No checkbox rendered for 07.08.2025 21:00 - 22:00
2025-08-05 18:02:30,848 - AlertAvailableSessions - INFO - Login Successfully
2025-08-05 18:02:30,931 - AlertAvailableSessions - INFO - Login sonrası popup kapatıldı
2025-08-05 18:02:31,554 - AlertAvailableSessions - INFO - Seans Secim Buton was Clicked
2025-08-05 18:02:32,634 - AlertAvailableSessions - INFO - Branş dropdown açıldı
2025-08-05 18:02:33,786 - AlertAvailableSessions - INFO - TENİS seçildi
2025-08-05 18:02:34,763 - AlertAvailableSessions - INFO - Tesis dropdown açıldı
2025-08-05 18:02:35,839 - AlertAvailableSessions - INFO - MALTEPE SAHİL SPOR TESİSİ seçildi
2025-08-05 18:02:37,625 - AlertAvailableSessions - INFO - Get Sessions Info
2025-08-05 18:02:37,750 - AlertAvailableSessions - WARNING - No checkbox rendered for 07.08.2025 21:00 - 22:00
2025-08-05 18:03:14,482 - AlertAvailableSessions - INFO - Login Successfully
2025-08-05 18:03:14,543 - AlertAvailableSessions - INFO - Login sonrası popup kapatıldı
2025-08-05 18:03:15,178 - AlertAvailableSessions - INFO - Seans Secim Buton was Clicked
2025-08-05 18:03:16,279 - AlertAvailableSessions - INFO - Branş dropdown açıldı
2025-08-05 18:03:17,350 - AlertAvailableSessions - INFO - TENİS seçildi
2025-08-05 18:03:17,956 - AlertAvailableSessions - INFO - Tesis dropdown açıldı
2025-08-05 18:03:19,040 - AlertAvailableSessions - INFO - MALTEPE SAHİL SPOR TESİSİ seçildi
2025-08-05 18:03:19,046 - AlertAvailableSessions - INFO - Get Sessions Info
2025-08-05 18:03:19,967 - AlertAvailableSessions - WARNING - No checkbox rendered for 06.08.2025 20:00 - 21:00
2025-08-05 18:07:48,134 - AlertAvailableSessions - INFO - Login Successfully
2025-08-05 18:08:20,650 - AlertAvailableSessions - INFO - Login sonrası popup kapatıldı
2025-08-05 18:08:21,489 - AlertAvailableSessions - INFO - Seans Secim Buton was Clicked
2025-08-05 18:08:22,836 - AlertAvailableSessions - INFO - Branş dropdown açıldı
2025-08-05 18:08:23,901 - AlertAvailableSessions - INFO - TENİS seçildi
2025-08-05 18:08:24,514 - AlertAvailableSessions - INFO - Tesis dropdown açıldı
2025-08-05 18:08:25,605 - AlertAvailableSessions - INFO - MALTEPE SAHİL SPOR TESİSİ seçildi
2025-08-05 18:08:25,611 - AlertAvailableSessions - INFO - Get Sessions Info
2025-08-05 18:08:26,370 - AlertAvailableSessions - WARNING - No checkbox rendered for 07.08.2025 21:00 - 22:00
2025-08-05 18:10:29,453 - AlertAvailableSessions - INFO - Login Successfully
2025-08-05 18:10:40,484 - AlertAvailableSessions - INFO - Login sonrası popup kapatıldı
2025-08-05 18:10:41,229 - AlertAvailableSessions - INFO - Seans Secim Buton was Clicked
2025-08-05 18:10:42,357 - AlertAvailableSessions - INFO - Branş dropdown açıldı
2025-08-05 18:10:43,442 - AlertAvailableSessions - INFO - TENİS seçildi
2025-08-05 18:10:44,060 - AlertAvailableSessions - INFO - Tesis dropdown açıldı
2025-08-05 18:10:45,153 - AlertAvailableSessions - INFO - MALTEPE SAHİL SPOR TESİSİ seçildi
2025-08-05 18:10:45,160 - AlertAvailableSessions - INFO - Get Sessions Info
2025-08-05 18:10:45,899 - AlertAvailableSessions - WARNING - No checkbox rendered for 06.08.2025 20:00 - 21:00
2025-08-05 18:13:57,544 - AlertAvailableSessions - INFO - Login Successfully
2025-08-05 18:13:57,625 - AlertAvailableSessions - INFO - Login sonrası popup kapatıldı
2025-08-05 18:13:58,789 - AlertAvailableSessions - INFO - Seans Secim Buton was Clicked
2025-08-05 18:13:59,881 - AlertAvailableSessions - INFO - Branş dropdown açıldı
2025-08-05 18:14:00,969 - AlertAvailableSessions - INFO - TENİS seçildi
2025-08-05 18:14:01,516 - AlertAvailableSessions - INFO - Tesis dropdown açıldı
2025-08-05 18:14:02,597 - AlertAvailableSessions - INFO - MALTEPE SAHİL SPOR TESİSİ seçildi
2025-08-05 18:14:03,178 - AlertAvailableSessions - INFO - Get Sessions Info
2025-08-05 18:14:03,300 - AlertAvailableSessions - WARNING - No checkbox rendered for 07.08.2025 21:00 - 22:00
2025-08-05 18:18:04,394 - AlertAvailableSessions - INFO - Login Successfully
2025-08-05 18:18:04,448 - AlertAvailableSessions - INFO - Login sonrası popup kapatıldı
2025-08-05 18:18:05,254 - AlertAvailableSessions - INFO - Seans Secim Buton was Clicked
2025-08-05 18:18:06,508 - AlertAvailableSessions - INFO - Branş dropdown açıldı
2025-08-05 18:18:07,582 - AlertAvailableSessions - INFO - TENİS seçildi
2025-08-05 18:18:08,157 - AlertAvailableSessions - INFO - Tesis dropdown açıldı
2025-08-05 18:18:09,280 - AlertAvailableSessions - INFO - MALTEPE SAHİL SPOR TESİSİ seçildi
2025-08-05 18:18:09,290 - AlertAvailableSessions - INFO - Get Sessions Info
2025-08-05 18:18:10,095 - AlertAvailableSessions - WARNING - No checkbox rendered for 06.08.2025 20:00 - 21:00
2025-08-05 18:19:20,812 - AlertAvailableSessions - INFO - Login Successfully
2025-08-05 18:19:20,889 - AlertAvailableSessions - INFO - Login sonrası popup kapatıldı
2025-08-05 18:19:21,563 - AlertAvailableSessions - INFO - Seans Secim Buton was Clicked
2025-08-05 18:19:22,660 - AlertAvailableSessions - INFO - Branş dropdown açıldı
2025-08-05 18:19:23,749 - AlertAvailableSessions - INFO - TENİS seçildi
2025-08-05 18:19:24,808 - AlertAvailableSessions - INFO - Tesis dropdown açıldı
2025-08-05 18:19:25,878 - AlertAvailableSessions - INFO - MALTEPE SAHİL SPOR TESİSİ seçildi
2025-08-05 18:19:26,566 - AlertAvailableSessions - INFO - Get Sessions Info
2025-08-05 18:19:26,697 - AlertAvailableSessions - WARNING - No checkbox rendered for 07.08.2025 21:00 - 22:00
2025-08-05 18:24:36,917 - AlertAvailableSessions - INFO - Login Successfully
2025-08-05 18:24:45,070 - AlertAvailableSessions - INFO - Login sonrası popup kapatıldı
2025-08-05 18:24:45,769 - AlertAvailableSessions - INFO - Seans Secim Buton was Clicked
2025-08-05 18:24:46,888 - AlertAvailableSessions - INFO - Branş dropdown açıldı
2025-08-05 18:24:47,962 - AlertAvailableSessions - INFO - TENİS seçildi
2025-08-05 18:24:48,590 - AlertAvailableSessions - INFO - Tesis dropdown açıldı
2025-08-05 18:24:49,677 - AlertAvailableSessions - INFO - MALTEPE SAHİL SPOR TESİSİ seçildi
2025-08-05 18:24:49,688 - AlertAvailableSessions - INFO - Get Sessions Info
2025-08-05 18:24:50,546 - AlertAvailableSessions - WARNING - No checkbox rendered for 07.08.2025 21:00 - 22:00
2025-08-05 18:25:19,317 - AlertAvailableSessions - INFO - Login Successfully
2025-08-05 18:25:26,556 - AlertAvailableSessions - INFO - Login sonrası popup kapatıldı
2025-08-05 18:25:27,361 - AlertAvailableSessions - INFO - Seans Secim Buton was Clicked
2025-08-05 18:25:28,460 - AlertAvailableSessions - INFO - Branş dropdown açıldı
2025-08-05 18:25:29,522 - AlertAvailableSessions - INFO - TENİS seçildi
2025-08-05 18:25:30,566 - AlertAvailableSessions - INFO - Tesis dropdown açıldı
2025-08-05 18:25:31,652 - AlertAvailableSessions - INFO - MALTEPE SAHİL SPOR TESİSİ seçildi
2025-08-05 18:25:32,280 - AlertAvailableSessions - INFO - Get Sessions Info
2025-08-05 18:25:32,427 - AlertAvailableSessions - WARNING - No checkbox rendered for 06.08.2025 20:00 - 21:00
2025-08-05 18:30:08,069 - AlertAvailableSessions - INFO - Login Successfully
2025-08-05 18:30:08,168 - AlertAvailableSessions - INFO - Login sonrası popup kapatıldı
2025-08-05 18:30:08,997 - AlertAvailableSessions - INFO - Seans Secim Buton was Clicked
2025-08-05 18:30:10,094 - AlertAvailableSessions - INFO - Branş dropdown açıldı
2025-08-05 18:30:11,166 - AlertAvailableSessions - INFO - TENİS seçildi
2025-08-05 18:30:12,353 - AlertAvailableSessions - INFO - Tesis dropdown açıldı
2025-08-05 18:30:13,421 - AlertAvailableSessions - INFO - MALTEPE SAHİL SPOR TESİSİ seçildi
2025-08-05 18:30:14,108 - AlertAvailableSessions - INFO - Get Sessions Info
2025-08-05 18:30:14,222 - AlertAvailableSessions - WARNING - No checkbox rendered for 07.08.2025 21:00 - 22:00
2025-08-05 18:32:46,300 - AlertAvailableSessions - INFO - Login Successfully
2025-08-05 18:32:49,394 - AlertAvailableSessions - INFO - Popup mevcut değil, devam ediliyor
2025-08-05 18:32:50,214 - AlertAvailableSessions - INFO - Seans Secim Buton was Clicked
2025-08-05 18:32:51,461 - AlertAvailableSessions - INFO - Branş dropdown açıldı
2025-08-05 18:32:52,523 - AlertAvailableSessions - INFO - TENİS seçildi
2025-08-05 18:32:54,617 - AlertAvailableSessions - INFO - Tesis dropdown açıldı
2025-08-05 18:32:55,692 - AlertAvailableSessions - INFO - MALTEPE SAHİL SPOR TESİSİ seçildi
2025-08-05 18:32:56,467 - AlertAvailableSessions - INFO - Get Sessions Info
2025-08-05 18:32:56,563 - AlertAvailableSessions - WARNING - No checkbox rendered for 06.08.2025 20:00 - 21:00
2025-08-05 18:35:23,643 - AlertAvailableSessions - INFO - Login Successfully
2025-08-05 18:35:32,287 - AlertAvailableSessions - INFO - Login sonrası popup kapatıldı
2025-08-05 18:35:32,974 - AlertAvailableSessions - INFO - Seans Secim Buton was Clicked
2025-08-05 18:35:34,068 - AlertAvailableSessions - INFO - Branş dropdown açıldı
2025-08-05 18:35:35,127 - AlertAvailableSessions - INFO - TENİS seçildi
2025-08-05 18:35:35,679 - AlertAvailableSessions - INFO - Tesis dropdown açıldı
2025-08-05 18:35:36,745 - AlertAvailableSessions - INFO - MALTEPE SAHİL SPOR TESİSİ seçildi
2025-08-05 18:35:37,476 - AlertAvailableSessions - INFO - Get Sessions Info
2025-08-05 18:35:37,689 - AlertAvailableSessions - WARNING - No checkbox rendered for 07.08.2025 21:00 - 22:00
2025-08-05 18:40:05,705 - AlertAvailableSessions - INFO - Login Successfully
2025-08-05 18:40:13,896 - AlertAvailableSessions - INFO - Login sonrası popup kapatıldı
2025-08-05 18:40:14,571 - AlertAvailableSessions - INFO - Seans Secim Buton was Clicked
2025-08-05 18:40:15,671 - AlertAvailableSessions - INFO - Branş dropdown açıldı
2025-08-05 18:40:16,746 - AlertAvailableSessions - INFO - TENİS seçildi
2025-08-05 18:40:17,384 - AlertAvailableSessions - INFO - Tesis dropdown açıldı
2025-08-05 18:40:18,465 - AlertAvailableSessions - INFO - MALTEPE SAHİL SPOR TESİSİ seçildi
2025-08-05 18:40:19,042 - AlertAvailableSessions - INFO - Get Sessions Info
2025-08-05 18:40:19,201 - AlertAvailableSessions - WARNING - No checkbox rendered for 06.08.2025 20:00 - 21:00
2025-08-05 18:40:47,726 - AlertAvailableSessions - INFO - Login Successfully
2025-08-05 18:40:55,020 - AlertAvailableSessions - INFO - Login sonrası popup kapatıldı
2025-08-05 18:40:55,799 - AlertAvailableSessions - INFO - Seans Secim Buton was Clicked
2025-08-05 18:40:56,884 - AlertAvailableSessions - INFO - Branş dropdown açıldı
2025-08-05 18:40:57,944 - AlertAvailableSessions - INFO - TENİS seçildi
2025-08-05 18:40:58,539 - AlertAvailableSessions - INFO - Tesis dropdown açıldı
2025-08-05 18:40:59,611 - AlertAvailableSessions - INFO - MALTEPE SAHİL SPOR TESİSİ seçildi
2025-08-05 18:41:00,410 - AlertAvailableSessions - INFO - Get Sessions Info
2025-08-05 18:41:00,563 - AlertAvailableSessions - WARNING - No checkbox rendered for 07.08.2025 21:00 - 22:00
2025-08-05 18:46:17,834 - AlertAvailableSessions - INFO - Login Successfully
2025-08-05 18:46:17,892 - AlertAvailableSessions - INFO - Login sonrası popup kapatıldı
2025-08-05 18:46:19,044 - AlertAvailableSessions - INFO - Seans Secim Buton was Clicked
2025-08-05 18:46:20,156 - AlertAvailableSessions - INFO - Branş dropdown açıldı
2025-08-05 18:46:21,224 - AlertAvailableSessions - INFO - TENİS seçildi
2025-08-05 18:46:21,860 - AlertAvailableSessions - INFO - Tesis dropdown açıldı
2025-08-05 18:46:22,934 - AlertAvailableSessions - INFO - MALTEPE SAHİL SPOR TESİSİ seçildi
2025-08-05 18:46:23,992 - AlertAvailableSessions - INFO - Get Sessions Info
2025-08-05 18:46:24,127 - AlertAvailableSessions - WARNING - No checkbox rendered for 07.08.2025 21:00 - 22:00
2025-08-05 18:47:33,844 - AlertAvailableSessions - INFO - Login Successfully
2025-08-05 18:47:58,059 - AlertAvailableSessions - INFO - Login sonrası popup kapatıldı
2025-08-05 18:47:59,602 - AlertAvailableSessions - INFO - Seans Secim Buton was Clicked
2025-08-05 18:48:00,701 - AlertAvailableSessions - INFO - Branş dropdown açıldı
2025-08-05 18:48:01,764 - AlertAvailableSessions - INFO - TENİS seçildi
2025-08-05 18:48:02,862 - AlertAvailableSessions - INFO - Tesis dropdown açıldı
2025-08-05 18:48:03,939 - AlertAvailableSessions - INFO - MALTEPE SAHİL SPOR TESİSİ seçildi
2025-08-05 18:48:04,658 - AlertAvailableSessions - INFO - Get Sessions Info
2025-08-05 18:48:04,778 - AlertAvailableSessions - WARNING - No checkbox rendered for 06.08.2025 20:00 - 21:00
2025-08-05 18:51:41,583 - AlertAvailableSessions - INFO - Login Successfully
2025-08-05 18:51:41,638 - AlertAvailableSessions - INFO - Login sonrası popup kapatıldı
2025-08-05 18:51:42,766 - AlertAvailableSessions - INFO - Seans Secim Buton was Clicked
2025-08-05 18:51:43,876 - AlertAvailableSessions - INFO - Branş dropdown açıldı
2025-08-05 18:51:44,944 - AlertAvailableSessions - INFO - TENİS seçildi
2025-08-05 18:51:46,010 - AlertAvailableSessions - INFO - Tesis dropdown açıldı
2025-08-05 18:51:47,119 - AlertAvailableSessions - INFO - MALTEPE SAHİL SPOR TESİSİ seçildi
2025-08-05 18:51:47,131 - AlertAvailableSessions - INFO - Get Sessions Info
2025-08-05 18:51:48,063 - AlertAvailableSessions - WARNING - No checkbox rendered for 07.08.2025 21:00 - 22:00
2025-08-05 18:55:14,347 - AlertAvailableSessions - INFO - Login Successfully
2025-08-05 18:55:24,735 - AlertAvailableSessions - INFO - Login sonrası popup kapatıldı
2025-08-05 18:55:26,676 - AlertAvailableSessions - INFO - Seans Secim Buton was Clicked
2025-08-05 18:55:27,769 - AlertAvailableSessions - INFO - Branş dropdown açıldı
2025-08-05 18:55:28,834 - AlertAvailableSessions - INFO - TENİS seçildi
2025-08-05 18:55:29,483 - AlertAvailableSessions - INFO - Tesis dropdown açıldı
2025-08-05 18:55:30,586 - AlertAvailableSessions - INFO - MALTEPE SAHİL SPOR TESİSİ seçildi
2025-08-05 18:55:31,825 - AlertAvailableSessions - INFO - Get Sessions Info
2025-08-05 18:55:32,003 - AlertAvailableSessions - WARNING - No checkbox rendered for 06.08.2025 20:00 - 21:00
2025-08-05 18:56:57,999 - AlertAvailableSessions - INFO - Login Successfully
2025-08-05 18:57:06,610 - AlertAvailableSessions - INFO - Login sonrası popup kapatıldı
2025-08-05 18:57:07,693 - AlertAvailableSessions - INFO - Seans Secim Buton was Clicked
2025-08-05 18:57:08,785 - AlertAvailableSessions - INFO - Branş dropdown açıldı
2025-08-05 18:57:09,862 - AlertAvailableSessions - INFO - TENİS seçildi
2025-08-05 18:57:10,522 - AlertAvailableSessions - INFO - Tesis dropdown açıldı
2025-08-05 18:57:11,593 - AlertAvailableSessions - INFO - MALTEPE SAHİL SPOR TESİSİ seçildi
2025-08-05 18:57:11,922 - AlertAvailableSessions - INFO - Get Sessions Info
2025-08-05 18:57:12,345 - AlertAvailableSessions - WARNING - No checkbox rendered for 07.08.2025 21:00 - 22:00
2025-08-05 19:02:32,081 - AlertAvailableSessions - INFO - Login Successfully
2025-08-05 19:02:32,181 - AlertAvailableSessions - INFO - Login sonrası popup kapatıldı
2025-08-05 19:02:33,210 - AlertAvailableSessions - INFO - Seans Secim Buton was Clicked
2025-08-05 19:02:34,335 - AlertAvailableSessions - INFO - Branş dropdown açıldı
2025-08-05 19:02:35,444 - AlertAvailableSessions - INFO - TENİS seçildi
2025-08-05 19:02:36,647 - AlertAvailableSessions - INFO - Tesis dropdown açıldı
2025-08-05 19:02:37,749 - AlertAvailableSessions - INFO - MALTEPE SAHİL SPOR TESİSİ seçildi
2025-08-05 19:02:39,745 - AlertAvailableSessions - INFO - Get Sessions Info
2025-08-05 19:02:39,822 - AlertAvailableSessions - WARNING - No checkbox rendered for 07.08.2025 21:00 - 22:00
2025-08-05 19:02:43,390 - AlertAvailableSessions - INFO - Login Successfully
2025-08-05 19:02:52,777 - AlertAvailableSessions - INFO - Login sonrası popup kapatıldı
2025-08-05 19:02:53,619 - AlertAvailableSessions - INFO - Seans Secim Buton was Clicked
2025-08-05 19:02:54,748 - AlertAvailableSessions - INFO - Branş dropdown açıldı
2025-08-05 19:02:55,819 - AlertAvailableSessions - INFO - TENİS seçildi
2025-08-05 19:02:56,964 - AlertAvailableSessions - INFO - Tesis dropdown açıldı
2025-08-05 19:02:58,034 - AlertAvailableSessions - INFO - MALTEPE SAHİL SPOR TESİSİ seçildi
2025-08-05 19:02:58,756 - AlertAvailableSessions - INFO - Get Sessions Info
2025-08-05 19:02:58,836 - AlertAvailableSessions - WARNING - No checkbox rendered for 06.08.2025 20:00 - 21:00
2025-08-05 19:07:58,993 - AlertAvailableSessions - INFO - Login Successfully
2025-08-05 19:07:59,060 - AlertAvailableSessions - INFO - Login sonrası popup kapatıldı
2025-08-05 19:07:59,812 - AlertAvailableSessions - INFO - Seans Secim Buton was Clicked
2025-08-05 19:08:00,902 - AlertAvailableSessions - INFO - Branş dropdown açıldı
2025-08-05 19:08:01,970 - AlertAvailableSessions - INFO - TENİS seçildi
2025-08-05 19:08:02,812 - AlertAvailableSessions - INFO - Tesis dropdown açıldı
2025-08-05 19:08:03,882 - AlertAvailableSessions - INFO - MALTEPE SAHİL SPOR TESİSİ seçildi
2025-08-05 19:08:04,986 - AlertAvailableSessions - INFO - Get Sessions Info
2025-08-05 19:08:05,112 - AlertAvailableSessions - WARNING - No checkbox rendered for 07.08.2025 21:00 - 22:00
2025-08-05 19:10:09,150 - AlertAvailableSessions - INFO - Login Successfully
2025-08-05 19:10:18,291 - AlertAvailableSessions - INFO - Login sonrası popup kapatıldı
2025-08-05 19:10:19,001 - AlertAvailableSessions - INFO - Seans Secim Buton was Clicked
2025-08-05 19:10:20,086 - AlertAvailableSessions - INFO - Branş dropdown açıldı
2025-08-05 19:10:21,172 - AlertAvailableSessions - INFO - TENİS seçildi
2025-08-05 19:10:21,789 - AlertAvailableSessions - INFO - Tesis dropdown açıldı
2025-08-05 19:10:22,905 - AlertAvailableSessions - INFO - MALTEPE SAHİL SPOR TESİSİ seçildi
2025-08-05 19:10:22,912 - AlertAvailableSessions - INFO - Get Sessions Info
2025-08-05 19:10:24,031 - AlertAvailableSessions - WARNING - No checkbox rendered for 06.08.2025 20:00 - 21:00
2025-08-05 19:13:14,802 - AlertAvailableSessions - INFO - Login Successfully
2025-08-05 19:13:22,901 - AlertAvailableSessions - INFO - Login sonrası popup kapatıldı
2025-08-05 19:13:24,056 - AlertAvailableSessions - INFO - Seans Secim Buton was Clicked
2025-08-05 19:13:25,153 - AlertAvailableSessions - INFO - Branş dropdown açıldı
2025-08-05 19:13:26,221 - AlertAvailableSessions - INFO - TENİS seçildi
2025-08-05 19:13:27,413 - AlertAvailableSessions - INFO - Tesis dropdown açıldı
2025-08-05 19:13:28,509 - AlertAvailableSessions - INFO - MALTEPE SAHİL SPOR TESİSİ seçildi
2025-08-05 19:13:28,519 - AlertAvailableSessions - INFO - Get Sessions Info
2025-08-05 19:13:29,352 - AlertAvailableSessions - WARNING - No checkbox rendered for 07.08.2025 21:00 - 22:00
2025-08-05 19:17:46,362 - AlertAvailableSessions - INFO - Login Successfully
2025-08-05 19:17:46,449 - AlertAvailableSessions - INFO - Login sonrası popup kapatıldı
2025-08-05 19:17:47,473 - AlertAvailableSessions - INFO - Seans Secim Buton was Clicked
2025-08-05 19:17:48,699 - AlertAvailableSessions - INFO - Branş dropdown açıldı
2025-08-05 19:17:49,827 - AlertAvailableSessions - INFO - TENİS seçildi
2025-08-05 19:17:51,152 - AlertAvailableSessions - INFO - Tesis dropdown açıldı
2025-08-05 19:17:52,251 - AlertAvailableSessions - INFO - MALTEPE SAHİL SPOR TESİSİ seçildi
2025-08-05 19:17:52,259 - AlertAvailableSessions - INFO - Get Sessions Info
2025-08-05 19:17:54,401 - AlertAvailableSessions - WARNING - No checkbox rendered for 06.08.2025 20:00 - 21:00
2025-08-05 19:18:39,191 - AlertAvailableSessions - INFO - Login Successfully
2025-08-05 19:18:47,145 - AlertAvailableSessions - INFO - Login sonrası popup kapatıldı
2025-08-05 19:18:47,898 - AlertAvailableSessions - INFO - Seans Secim Buton was Clicked
2025-08-05 19:18:48,994 - AlertAvailableSessions - INFO - Branş dropdown açıldı
2025-08-05 19:18:50,055 - AlertAvailableSessions - INFO - TENİS seçildi
2025-08-05 19:18:50,747 - AlertAvailableSessions - INFO - Tesis dropdown açıldı
2025-08-05 19:18:51,843 - AlertAvailableSessions - INFO - MALTEPE SAHİL SPOR TESİSİ seçildi
2025-08-05 19:18:51,850 - AlertAvailableSessions - INFO - Get Sessions Info
2025-08-05 19:18:52,937 - AlertAvailableSessions - WARNING - No checkbox rendered for 07.08.2025 21:00 - 22:00
2025-08-05 19:24:02,848 - AlertAvailableSessions - INFO - Login Successfully
2025-08-05 19:24:11,361 - AlertAvailableSessions - INFO - Login sonrası popup kapatıldı
2025-08-05 19:24:12,446 - AlertAvailableSessions - INFO - Seans Secim Buton was Clicked
2025-08-05 19:24:13,539 - AlertAvailableSessions - INFO - Branş dropdown açıldı
2025-08-05 19:24:14,647 - AlertAvailableSessions - INFO - TENİS seçildi
2025-08-05 19:24:15,774 - AlertAvailableSessions - INFO - Tesis dropdown açıldı
2025-08-05 19:24:16,871 - AlertAvailableSessions - INFO - MALTEPE SAHİL SPOR TESİSİ seçildi
2025-08-05 19:24:16,881 - AlertAvailableSessions - INFO - Get Sessions Info
2025-08-05 19:24:18,597 - AlertAvailableSessions - WARNING - No checkbox rendered for 07.08.2025 21:00 - 22:00
2025-08-05 19:25:05,887 - AlertAvailableSessions - INFO - Login Successfully
2025-08-05 19:25:13,400 - AlertAvailableSessions - INFO - Login sonrası popup kapatıldı
2025-08-05 19:25:14,173 - AlertAvailableSessions - INFO - Seans Secim Buton was Clicked
2025-08-05 19:25:15,274 - AlertAvailableSessions - INFO - Branş dropdown açıldı
2025-08-05 19:25:16,346 - AlertAvailableSessions - INFO - TENİS seçildi
2025-08-05 19:25:17,441 - AlertAvailableSessions - INFO - Tesis dropdown açıldı
2025-08-05 19:25:18,511 - AlertAvailableSessions - INFO - MALTEPE SAHİL SPOR TESİSİ seçildi
2025-08-05 19:25:19,313 - AlertAvailableSessions - INFO - Get Sessions Info
2025-08-05 19:25:19,402 - AlertAvailableSessions - WARNING - No checkbox rendered for 06.08.2025 20:00 - 21:00
2025-08-05 19:29:29,457 - AlertAvailableSessions - INFO - Login Successfully
2025-08-05 19:29:38,665 - AlertAvailableSessions - INFO - Login sonrası popup kapatıldı
2025-08-05 19:29:39,318 - AlertAvailableSessions - INFO - Seans Secim Buton was Clicked
2025-08-05 19:29:40,419 - AlertAvailableSessions - INFO - Branş dropdown açıldı
2025-08-05 19:29:41,497 - AlertAvailableSessions - INFO - TENİS seçildi
2025-08-05 19:29:42,629 - AlertAvailableSessions - INFO - Tesis dropdown açıldı
2025-08-05 19:29:43,697 - AlertAvailableSessions - INFO - MALTEPE SAHİL SPOR TESİSİ seçildi
2025-08-05 19:29:44,392 - AlertAvailableSessions - INFO - Get Sessions Info
2025-08-05 19:29:44,519 - AlertAvailableSessions - WARNING - No checkbox rendered for 07.08.2025 21:00 - 22:00
2025-08-05 19:32:40,506 - AlertAvailableSessions - INFO - Login Successfully
2025-08-05 19:32:40,610 - AlertAvailableSessions - INFO - Login sonrası popup kapatıldı
2025-08-05 19:32:41,693 - AlertAvailableSessions - INFO - Seans Secim Buton was Clicked
2025-08-05 19:32:42,827 - AlertAvailableSessions - INFO - Branş dropdown açıldı
2025-08-05 19:32:43,911 - AlertAvailableSessions - INFO - TENİS seçildi
2025-08-05 19:32:44,648 - AlertAvailableSessions - INFO - Tesis dropdown açıldı
2025-08-05 19:32:45,718 - AlertAvailableSessions - INFO - MALTEPE SAHİL SPOR TESİSİ seçildi
2025-08-05 19:32:46,846 - AlertAvailableSessions - INFO - Get Sessions Info
2025-08-05 19:32:46,988 - AlertAvailableSessions - WARNING - No checkbox rendered for 06.08.2025 20:00 - 21:00
2025-08-05 19:35:17,311 - AlertAvailableSessions - INFO - Login Successfully
2025-08-05 19:35:17,397 - AlertAvailableSessions - INFO - Login sonrası popup kapatıldı
2025-08-05 19:35:18,449 - AlertAvailableSessions - INFO - Seans Secim Buton was Clicked
2025-08-05 19:35:20,456 - AlertAvailableSessions - INFO - Branş dropdown açıldı
2025-08-05 19:35:21,565 - AlertAvailableSessions - INFO - TENİS seçildi
2025-08-05 19:35:23,123 - AlertAvailableSessions - INFO - Tesis dropdown açıldı
2025-08-05 19:35:24,208 - AlertAvailableSessions - INFO - MALTEPE SAHİL SPOR TESİSİ seçildi
2025-08-05 19:35:27,562 - AlertAvailableSessions - INFO - Get Sessions Info
2025-08-05 19:35:27,613 - AlertAvailableSessions - WARNING - No checkbox rendered for 07.08.2025 21:00 - 22:00
2025-08-05 19:39:57,737 - AlertAvailableSessions - INFO - Login Successfully
2025-08-05 19:40:06,159 - AlertAvailableSessions - INFO - Login sonrası popup kapatıldı
2025-08-05 19:40:06,915 - AlertAvailableSessions - INFO - Seans Secim Buton was Clicked
2025-08-05 19:40:08,018 - AlertAvailableSessions - INFO - Branş dropdown açıldı
2025-08-05 19:40:09,081 - AlertAvailableSessions - INFO - TENİS seçildi
2025-08-05 19:40:10,587 - AlertAvailableSessions - INFO - Tesis dropdown açıldı
2025-08-05 19:40:11,651 - AlertAvailableSessions - INFO - MALTEPE SAHİL SPOR TESİSİ seçildi
2025-08-05 19:40:11,658 - AlertAvailableSessions - INFO - Get Sessions Info
2025-08-05 19:40:12,443 - AlertAvailableSessions - WARNING - No checkbox rendered for 06.08.2025 20:00 - 21:00
2025-08-05 19:40:39,346 - AlertAvailableSessions - INFO - Login Successfully
2025-08-05 19:40:47,909 - AlertAvailableSessions - INFO - Login sonrası popup kapatıldı
2025-08-05 19:40:48,714 - AlertAvailableSessions - INFO - Seans Secim Buton was Clicked
2025-08-05 19:40:49,829 - AlertAvailableSessions - INFO - Branş dropdown açıldı
2025-08-05 19:40:50,923 - AlertAvailableSessions - INFO - TENİS seçildi
2025-08-05 19:40:52,080 - AlertAvailableSessions - INFO - Tesis dropdown açıldı
2025-08-05 19:40:53,165 - AlertAvailableSessions - INFO - MALTEPE SAHİL SPOR TESİSİ seçildi
2025-08-05 19:40:53,178 - AlertAvailableSessions - INFO - Get Sessions Info
2025-08-05 19:40:54,805 - AlertAvailableSessions - WARNING - No checkbox rendered for 07.08.2025 21:00 - 22:00
2025-08-05 19:46:14,543 - AlertAvailableSessions - INFO - Login Successfully
2025-08-05 19:46:14,657 - AlertAvailableSessions - INFO - Login sonrası popup kapatıldı
2025-08-05 19:46:15,373 - AlertAvailableSessions - INFO - Seans Secim Buton was Clicked
2025-08-05 19:46:16,473 - AlertAvailableSessions - INFO - Branş dropdown açıldı
2025-08-05 19:46:17,540 - AlertAvailableSessions - INFO - TENİS seçildi
2025-08-05 19:46:18,776 - AlertAvailableSessions - INFO - Tesis dropdown açıldı
2025-08-05 19:46:19,846 - AlertAvailableSessions - INFO - MALTEPE SAHİL SPOR TESİSİ seçildi
2025-08-05 19:46:20,186 - AlertAvailableSessions - INFO - Get Sessions Info
2025-08-05 19:46:20,606 - AlertAvailableSessions - WARNING - No checkbox rendered for 07.08.2025 21:00 - 22:00
2025-08-05 19:47:31,001 - AlertAvailableSessions - INFO - Login Successfully
2025-08-05 19:47:31,117 - AlertAvailableSessions - INFO - Login sonrası popup kapatıldı
2025-08-05 19:47:31,931 - AlertAvailableSessions - INFO - Seans Secim Buton was Clicked
2025-08-05 19:47:33,026 - AlertAvailableSessions - INFO - Branş dropdown açıldı
2025-08-05 19:47:34,091 - AlertAvailableSessions - INFO - TENİS seçildi
2025-08-05 19:47:34,727 - AlertAvailableSessions - INFO - Tesis dropdown açıldı
2025-08-05 19:47:35,889 - AlertAvailableSessions - INFO - MALTEPE SAHİL SPOR TESİSİ seçildi
2025-08-05 19:47:35,900 - AlertAvailableSessions - INFO - Get Sessions Info
2025-08-05 19:47:36,840 - AlertAvailableSessions - WARNING - No checkbox rendered for 06.08.2025 20:00 - 21:00
2025-08-05 19:51:30,760 - AlertAvailableSessions - INFO - Login Successfully
2025-08-05 19:51:39,829 - AlertAvailableSessions - INFO - Login sonrası popup kapatıldı
2025-08-05 19:51:41,622 - AlertAvailableSessions - INFO - Seans Secim Buton was Clicked
2025-08-05 19:51:42,893 - AlertAvailableSessions - INFO - Branş dropdown açıldı
2025-08-05 19:51:43,951 - AlertAvailableSessions - INFO - TENİS seçildi
2025-08-05 19:51:44,543 - AlertAvailableSessions - INFO - Tesis dropdown açıldı
2025-08-05 19:51:45,619 - AlertAvailableSessions - INFO - MALTEPE SAHİL SPOR TESİSİ seçildi
2025-08-05 19:51:46,276 - AlertAvailableSessions - INFO - Get Sessions Info
2025-08-05 19:51:46,365 - AlertAvailableSessions - WARNING - No checkbox rendered for 07.08.2025 21:00 - 22:00
2025-08-05 19:54:46,634 - AlertAvailableSessions - INFO - Login Successfully
2025-08-05 19:54:53,823 - AlertAvailableSessions - INFO - Login sonrası popup kapatıldı
2025-08-05 19:54:54,446 - AlertAvailableSessions - INFO - Seans Secim Buton was Clicked
2025-08-05 19:54:55,609 - AlertAvailableSessions - INFO - Branş dropdown açıldı
2025-08-05 19:54:56,684 - AlertAvailableSessions - INFO - TENİS seçildi
2025-08-05 19:54:57,249 - AlertAvailableSessions - INFO - Tesis dropdown açıldı
2025-08-05 19:54:58,317 - AlertAvailableSessions - INFO - MALTEPE SAHİL SPOR TESİSİ seçildi
2025-08-05 19:54:59,027 - AlertAvailableSessions - INFO - Get Sessions Info
2025-08-05 19:54:59,158 - AlertAvailableSessions - WARNING - No checkbox rendered for 06.08.2025 20:00 - 21:00
2025-08-05 19:56:07,982 - AlertAvailableSessions - INFO - AlertAvailableSessions bot stopped
2025-08-05 19:57:12,826 - AlertAvailableSessions - INFO - Login Successfully
2025-08-05 19:57:12,936 - AlertAvailableSessions - INFO - Login sonrası popup kapatıldı
2025-08-05 19:57:13,796 - AlertAvailableSessions - INFO - Seans Secim Buton was Clicked
2025-08-05 19:57:15,021 - AlertAvailableSessions - INFO - Branş dropdown açıldı
2025-08-05 19:57:16,090 - AlertAvailableSessions - INFO - TENİS seçildi
2025-08-05 19:57:17,201 - AlertAvailableSessions - INFO - Tesis dropdown açıldı
2025-08-05 19:57:18,271 - AlertAvailableSessions - INFO - MALTEPE SAHİL SPOR TESİSİ seçildi
2025-08-05 19:57:19,014 - AlertAvailableSessions - INFO - Get Sessions Info
2025-08-05 19:57:19,121 - AlertAvailableSessions - WARNING - No checkbox rendered for 07.08.2025 21:00 - 22:00
2025-08-05 20:02:29,864 - AlertAvailableSessions - INFO - Login Successfully
2025-08-05 20:02:40,972 - AlertAvailableSessions - INFO - Login sonrası popup kapatıldı
2025-08-05 20:02:41,792 - AlertAvailableSessions - INFO - Seans Secim Buton was Clicked
2025-08-05 20:02:42,987 - AlertAvailableSessions - INFO - Branş dropdown açıldı
2025-08-05 20:02:44,058 - AlertAvailableSessions - INFO - TENİS seçildi
2025-08-05 20:02:45,348 - AlertAvailableSessions - INFO - Tesis dropdown açıldı
2025-08-05 20:02:46,479 - AlertAvailableSessions - INFO - MALTEPE SAHİL SPOR TESİSİ seçildi
2025-08-05 20:02:46,489 - AlertAvailableSessions - INFO - Get Sessions Info
2025-08-05 20:02:47,359 - AlertAvailableSessions - WARNING - No checkbox rendered for 07.08.2025 21:00 - 22:00
2025-08-05 20:08:04,332 - AlertAvailableSessions - INFO - Login Successfully
2025-08-05 20:08:15,510 - AlertAvailableSessions - INFO - Login sonrası popup kapatıldı
2025-08-05 20:08:16,167 - AlertAvailableSessions - INFO - Seans Secim Buton was Clicked
2025-08-05 20:08:17,276 - AlertAvailableSessions - INFO - Branş dropdown açıldı
2025-08-05 20:08:18,344 - AlertAvailableSessions - INFO - TENİS seçildi
2025-08-05 20:08:18,953 - AlertAvailableSessions - INFO - Tesis dropdown açıldı
2025-08-05 20:08:20,018 - AlertAvailableSessions - INFO - MALTEPE SAHİL SPOR TESİSİ seçildi
2025-08-05 20:08:20,764 - AlertAvailableSessions - INFO - Get Sessions Info
2025-08-05 20:08:20,888 - AlertAvailableSessions - WARNING - No checkbox rendered for 07.08.2025 21:00 - 22:00
2025-08-05 20:13:38,758 - AlertAvailableSessions - INFO - Login Successfully
2025-08-05 20:13:38,854 - AlertAvailableSessions - INFO - Login sonrası popup kapatıldı
2025-08-05 20:13:39,421 - AlertAvailableSessions - INFO - Seans Secim Buton was Clicked
2025-08-05 20:13:40,550 - AlertAvailableSessions - INFO - Branş dropdown açıldı
2025-08-05 20:13:41,612 - AlertAvailableSessions - INFO - TENİS seçildi
2025-08-05 20:13:42,309 - AlertAvailableSessions - INFO - Tesis dropdown açıldı
2025-08-05 20:13:43,391 - AlertAvailableSessions - INFO - MALTEPE SAHİL SPOR TESİSİ seçildi
2025-08-05 20:13:44,053 - AlertAvailableSessions - INFO - Get Sessions Info
2025-08-05 20:13:44,254 - AlertAvailableSessions - WARNING - No checkbox rendered for 07.08.2025 21:00 - 22:00
2025-08-05 20:18:55,193 - AlertAvailableSessions - INFO - Login Successfully
2025-08-05 20:19:05,076 - AlertAvailableSessions - INFO - Login sonrası popup kapatıldı
2025-08-05 20:19:05,780 - AlertAvailableSessions - INFO - Seans Secim Buton was Clicked
2025-08-05 20:19:06,957 - AlertAvailableSessions - INFO - Branş dropdown açıldı
2025-08-05 20:19:08,040 - AlertAvailableSessions - INFO - TENİS seçildi
2025-08-05 20:19:09,592 - AlertAvailableSessions - INFO - Tesis dropdown açıldı
2025-08-05 20:19:10,693 - AlertAvailableSessions - INFO - MALTEPE SAHİL SPOR TESİSİ seçildi
2025-08-05 20:19:10,701 - AlertAvailableSessions - INFO - Get Sessions Info
2025-08-05 20:19:11,643 - AlertAvailableSessions - WARNING - No checkbox rendered for 07.08.2025 21:00 - 22:00
2025-08-05 20:24:21,347 - AlertAvailableSessions - INFO - Login Successfully
2025-08-05 20:24:28,249 - AlertAvailableSessions - INFO - Login sonrası popup kapatıldı
2025-08-05 20:24:29,821 - AlertAvailableSessions - INFO - Seans Secim Buton was Clicked
2025-08-05 20:24:30,923 - AlertAvailableSessions - INFO - Branş dropdown açıldı
2025-08-05 20:24:32,008 - AlertAvailableSessions - INFO - TENİS seçildi
2025-08-05 20:24:32,556 - AlertAvailableSessions - INFO - Tesis dropdown açıldı
2025-08-05 20:24:33,621 - AlertAvailableSessions - INFO - MALTEPE SAHİL SPOR TESİSİ seçildi
2025-08-05 20:24:34,729 - AlertAvailableSessions - INFO - Get Sessions Info
2025-08-05 20:24:34,821 - AlertAvailableSessions - WARNING - No checkbox rendered for 07.08.2025 21:00 - 22:00
2025-08-05 20:29:46,149 - AlertAvailableSessions - INFO - Login Successfully
2025-08-05 20:29:57,391 - AlertAvailableSessions - INFO - Login sonrası popup kapatıldı
2025-08-05 20:29:58,437 - AlertAvailableSessions - INFO - Seans Secim Buton was Clicked
2025-08-05 20:29:59,615 - AlertAvailableSessions - INFO - Branş dropdown açıldı
2025-08-05 20:30:00,676 - AlertAvailableSessions - INFO - TENİS seçildi
2025-08-05 20:30:01,828 - AlertAvailableSessions - INFO - Tesis dropdown açıldı
2025-08-05 20:30:02,900 - AlertAvailableSessions - INFO - MALTEPE SAHİL SPOR TESİSİ seçildi
2025-08-05 20:30:03,662 - AlertAvailableSessions - INFO - Get Sessions Info
2025-08-05 20:30:03,876 - AlertAvailableSessions - WARNING - No checkbox rendered for 07.08.2025 21:00 - 22:00
2025-08-05 20:35:24,781 - AlertAvailableSessions - INFO - Login Successfully
2025-08-05 20:35:24,921 - AlertAvailableSessions - INFO - Login sonrası popup kapatıldı
2025-08-05 20:35:27,412 - AlertAvailableSessions - INFO - Seans Secim Buton was Clicked
2025-08-05 20:35:28,520 - AlertAvailableSessions - INFO - Branş dropdown açıldı
2025-08-05 20:35:29,604 - AlertAvailableSessions - INFO - TENİS seçildi
2025-08-05 20:35:30,387 - AlertAvailableSessions - INFO - Tesis dropdown açıldı
2025-08-05 20:35:31,463 - AlertAvailableSessions - INFO - MALTEPE SAHİL SPOR TESİSİ seçildi
2025-08-05 20:35:32,212 - AlertAvailableSessions - INFO - Get Sessions Info
2025-08-05 20:35:32,348 - AlertAvailableSessions - WARNING - No checkbox rendered for 07.08.2025 21:00 - 22:00
2025-08-05 20:40:57,973 - AlertAvailableSessions - INFO - Login Successfully
2025-08-05 20:40:58,108 - AlertAvailableSessions - INFO - Login sonrası popup kapatıldı
2025-08-05 20:40:59,009 - AlertAvailableSessions - INFO - Seans Secim Buton was Clicked
2025-08-05 20:41:00,480 - AlertAvailableSessions - INFO - Branş dropdown açıldı
2025-08-05 20:41:01,624 - AlertAvailableSessions - INFO - TENİS seçildi
2025-08-05 20:41:02,885 - AlertAvailableSessions - INFO - Tesis dropdown açıldı
2025-08-05 20:41:03,953 - AlertAvailableSessions - INFO - MALTEPE SAHİL SPOR TESİSİ seçildi
2025-08-05 20:41:04,837 - AlertAvailableSessions - INFO - Get Sessions Info
2025-08-05 20:41:04,996 - AlertAvailableSessions - WARNING - No checkbox rendered for 07.08.2025 21:00 - 22:00
2025-08-05 20:46:14,180 - AlertAvailableSessions - INFO - Login Successfully
2025-08-05 20:46:22,952 - AlertAvailableSessions - INFO - Login sonrası popup kapatıldı
2025-08-05 20:46:23,780 - AlertAvailableSessions - INFO - Seans Secim Buton was Clicked
2025-08-05 20:46:24,927 - AlertAvailableSessions - INFO - Branş dropdown açıldı
2025-08-05 20:46:26,003 - AlertAvailableSessions - INFO - TENİS seçildi
2025-08-05 20:46:26,948 - AlertAvailableSessions - INFO - Tesis dropdown açıldı
2025-08-05 20:46:28,042 - AlertAvailableSessions - INFO - MALTEPE SAHİL SPOR TESİSİ seçildi
2025-08-05 20:46:28,053 - AlertAvailableSessions - INFO - Get Sessions Info
2025-08-05 20:46:29,022 - AlertAvailableSessions - WARNING - No checkbox rendered for 07.08.2025 21:00 - 22:00
2025-08-05 20:51:46,322 - AlertAvailableSessions - INFO - Login Successfully
2025-08-05 20:51:58,651 - AlertAvailableSessions - INFO - Login sonrası popup kapatıldı
2025-08-05 20:51:59,837 - AlertAvailableSessions - INFO - Seans Secim Buton was Clicked
2025-08-05 20:52:00,943 - AlertAvailableSessions - INFO - Branş dropdown açıldı
2025-08-05 20:52:02,053 - AlertAvailableSessions - INFO - TENİS seçildi
2025-08-05 20:52:03,775 - AlertAvailableSessions - INFO - Tesis dropdown açıldı
2025-08-05 20:52:04,885 - AlertAvailableSessions - INFO - MALTEPE SAHİL SPOR TESİSİ seçildi
2025-08-05 20:52:04,895 - AlertAvailableSessions - INFO - Get Sessions Info
2025-08-05 20:52:06,039 - AlertAvailableSessions - WARNING - No checkbox rendered for 07.08.2025 21:00 - 22:00
2025-08-05 20:57:15,242 - AlertAvailableSessions - INFO - Login Successfully
2025-08-05 20:57:23,271 - AlertAvailableSessions - INFO - Login sonrası popup kapatıldı
2025-08-05 20:57:23,958 - AlertAvailableSessions - INFO - Seans Secim Buton was Clicked
2025-08-05 20:57:25,117 - AlertAvailableSessions - INFO - Branş dropdown açıldı
2025-08-05 20:57:26,206 - AlertAvailableSessions - INFO - TENİS seçildi
2025-08-05 20:57:27,279 - AlertAvailableSessions - INFO - Tesis dropdown açıldı
2025-08-05 20:57:28,350 - AlertAvailableSessions - INFO - MALTEPE SAHİL SPOR TESİSİ seçildi
2025-08-05 20:57:29,050 - AlertAvailableSessions - INFO - Get Sessions Info
2025-08-05 20:57:29,209 - AlertAvailableSessions - WARNING - No checkbox rendered for 07.08.2025 21:00 - 22:00
2025-08-05 21:02:47,591 - AlertAvailableSessions - INFO - Login Successfully
2025-08-05 21:02:47,795 - AlertAvailableSessions - INFO - Login sonrası popup kapatıldı
2025-08-05 21:02:48,500 - AlertAvailableSessions - INFO - Seans Secim Buton was Clicked
2025-08-05 21:02:49,608 - AlertAvailableSessions - INFO - Branş dropdown açıldı
2025-08-05 21:02:50,674 - AlertAvailableSessions - INFO - TENİS seçildi
2025-08-05 21:02:51,413 - AlertAvailableSessions - INFO - Tesis dropdown açıldı
2025-08-05 21:02:52,516 - AlertAvailableSessions - INFO - MALTEPE SAHİL SPOR TESİSİ seçildi
2025-08-05 21:02:52,525 - AlertAvailableSessions - INFO - Get Sessions Info
2025-08-05 21:02:53,317 - AlertAvailableSessions - WARNING - No checkbox rendered for 07.08.2025 21:00 - 22:00
2025-08-05 21:08:00,915 - AlertAvailableSessions - INFO - Login Successfully
2025-08-05 21:08:05,940 - AlertAvailableSessions - INFO - Login sonrası popup kapatıldı
2025-08-05 21:08:06,641 - AlertAvailableSessions - INFO - Seans Secim Buton was Clicked
2025-08-05 21:08:07,757 - AlertAvailableSessions - INFO - Branş dropdown açıldı
2025-08-05 21:08:08,852 - AlertAvailableSessions - INFO - TENİS seçildi
2025-08-05 21:08:10,008 - AlertAvailableSessions - INFO - Tesis dropdown açıldı
2025-08-05 21:08:11,083 - AlertAvailableSessions - INFO - MALTEPE SAHİL SPOR TESİSİ seçildi
2025-08-05 21:08:11,801 - AlertAvailableSessions - INFO - Get Sessions Info
2025-08-05 21:08:12,014 - AlertAvailableSessions - WARNING - No checkbox rendered for 07.08.2025 21:00 - 22:00
2025-08-05 21:13:19,743 - AlertAvailableSessions - INFO - Login Successfully
2025-08-05 21:13:22,249 - AlertAvailableSessions - INFO - Login sonrası popup kapatıldı
2025-08-05 21:13:23,243 - AlertAvailableSessions - INFO - Seans Secim Buton was Clicked
2025-08-05 21:13:24,350 - AlertAvailableSessions - INFO - Branş dropdown açıldı
2025-08-05 21:13:25,431 - AlertAvailableSessions - INFO - TENİS seçildi
2025-08-05 21:13:26,553 - AlertAvailableSessions - INFO - Tesis dropdown açıldı
2025-08-05 21:13:27,658 - AlertAvailableSessions - INFO - MALTEPE SAHİL SPOR TESİSİ seçildi
2025-08-05 21:13:27,671 - AlertAvailableSessions - INFO - Get Sessions Info
2025-08-05 21:13:28,495 - AlertAvailableSessions - WARNING - No checkbox rendered for 07.08.2025 21:00 - 22:00
2025-08-05 21:18:36,117 - AlertAvailableSessions - INFO - Login Successfully
2025-08-05 21:18:38,865 - AlertAvailableSessions - INFO - Login sonrası popup kapatıldı
2025-08-05 21:18:39,392 - AlertAvailableSessions - INFO - Seans Secim Buton was Clicked
2025-08-05 21:18:40,514 - AlertAvailableSessions - INFO - Branş dropdown açıldı
2025-08-05 21:18:41,591 - AlertAvailableSessions - INFO - TENİS seçildi
2025-08-05 21:18:42,638 - AlertAvailableSessions - INFO - Tesis dropdown açıldı
2025-08-05 21:18:43,745 - AlertAvailableSessions - INFO - MALTEPE SAHİL SPOR TESİSİ seçildi
2025-08-05 21:18:43,757 - AlertAvailableSessions - INFO - Get Sessions Info
2025-08-05 21:18:44,454 - AlertAvailableSessions - WARNING - No checkbox rendered for 07.08.2025 21:00 - 22:00
2025-08-05 21:23:57,803 - AlertAvailableSessions - INFO - Login Successfully
2025-08-05 21:24:01,134 - AlertAvailableSessions - INFO - Login sonrası popup kapatıldı
2025-08-05 21:24:01,672 - AlertAvailableSessions - INFO - Seans Secim Buton was Clicked
2025-08-05 21:24:02,813 - AlertAvailableSessions - INFO - Branş dropdown açıldı
2025-08-05 21:24:03,890 - AlertAvailableSessions - INFO - TENİS seçildi
2025-08-05 21:24:04,521 - AlertAvailableSessions - INFO - Tesis dropdown açıldı
2025-08-05 21:24:05,599 - AlertAvailableSessions - INFO - MALTEPE SAHİL SPOR TESİSİ seçildi
2025-08-05 21:24:06,300 - AlertAvailableSessions - INFO - Get Sessions Info
2025-08-05 21:24:06,496 - AlertAvailableSessions - WARNING - No checkbox rendered for 07.08.2025 21:00 - 22:00
2025-08-05 21:29:14,505 - AlertAvailableSessions - INFO - Login Successfully
2025-08-05 21:29:17,030 - AlertAvailableSessions - INFO - Login sonrası popup kapatıldı
2025-08-05 21:29:17,542 - AlertAvailableSessions - INFO - Seans Secim Buton was Clicked
2025-08-05 21:29:18,674 - AlertAvailableSessions - INFO - Branş dropdown açıldı
2025-08-05 21:29:19,751 - AlertAvailableSessions - INFO - TENİS seçildi
2025-08-05 21:29:20,328 - AlertAvailableSessions - INFO - Tesis dropdown açıldı
2025-08-05 21:29:21,415 - AlertAvailableSessions - INFO - MALTEPE SAHİL SPOR TESİSİ seçildi
2025-08-05 21:29:22,306 - AlertAvailableSessions - INFO - Get Sessions Info
2025-08-05 21:29:22,492 - AlertAvailableSessions - WARNING - No checkbox rendered for 07.08.2025 21:00 - 22:00
2025-08-05 21:34:32,808 - AlertAvailableSessions - INFO - Login Successfully
2025-08-05 21:34:32,953 - AlertAvailableSessions - INFO - Login sonrası popup kapatıldı
2025-08-05 21:34:33,506 - AlertAvailableSessions - INFO - Seans Secim Buton was Clicked
2025-08-05 21:34:34,615 - AlertAvailableSessions - INFO - Branş dropdown açıldı
2025-08-05 21:34:35,714 - AlertAvailableSessions - INFO - TENİS seçildi
2025-08-05 21:34:36,765 - AlertAvailableSessions - INFO - Tesis dropdown açıldı
2025-08-05 21:34:37,861 - AlertAvailableSessions - INFO - MALTEPE SAHİL SPOR TESİSİ seçildi
2025-08-05 21:34:38,494 - AlertAvailableSessions - INFO - Get Sessions Info
2025-08-05 21:34:38,634 - AlertAvailableSessions - WARNING - No checkbox rendered for 07.08.2025 21:00 - 22:00
2025-08-05 21:39:49,696 - AlertAvailableSessions - INFO - Login Successfully
2025-08-05 21:39:49,857 - AlertAvailableSessions - INFO - Login sonrası popup kapatıldı
2025-08-05 21:39:50,728 - AlertAvailableSessions - INFO - Seans Secim Buton was Clicked
2025-08-05 21:39:51,866 - AlertAvailableSessions - INFO - Branş dropdown açıldı
2025-08-05 21:39:52,981 - AlertAvailableSessions - INFO - TENİS seçildi
2025-08-05 21:39:54,104 - AlertAvailableSessions - INFO - Tesis dropdown açıldı
2025-08-05 21:39:55,201 - AlertAvailableSessions - INFO - MALTEPE SAHİL SPOR TESİSİ seçildi
2025-08-05 21:39:55,788 - AlertAvailableSessions - INFO - Get Sessions Info
2025-08-05 21:39:55,966 - AlertAvailableSessions - WARNING - No checkbox rendered for 07.08.2025 21:00 - 22:00
2025-08-05 21:45:06,139 - AlertAvailableSessions - INFO - Login Successfully
2025-08-05 21:45:06,268 - AlertAvailableSessions - INFO - Login sonrası popup kapatıldı
2025-08-05 21:45:06,819 - AlertAvailableSessions - INFO - Seans Secim Buton was Clicked
2025-08-05 21:45:07,953 - AlertAvailableSessions - INFO - Branş dropdown açıldı
2025-08-05 21:45:09,072 - AlertAvailableSessions - INFO - TENİS seçildi
2025-08-05 21:45:10,138 - AlertAvailableSessions - INFO - Tesis dropdown açıldı
2025-08-05 21:45:11,218 - AlertAvailableSessions - INFO - MALTEPE SAHİL SPOR TESİSİ seçildi
2025-08-05 21:45:11,739 - AlertAvailableSessions - INFO - Get Sessions Info
2025-08-05 21:45:11,935 - AlertAvailableSessions - WARNING - No checkbox rendered for 07.08.2025 21:00 - 22:00
2025-08-05 21:50:22,210 - AlertAvailableSessions - INFO - Login Successfully
2025-08-05 21:50:22,357 - AlertAvailableSessions - INFO - Login sonrası popup kapatıldı
2025-08-05 21:50:23,856 - AlertAvailableSessions - INFO - Seans Secim Buton was Clicked
2025-08-05 21:50:25,003 - AlertAvailableSessions - INFO - Branş dropdown açıldı
2025-08-05 21:50:26,109 - AlertAvailableSessions - INFO - TENİS seçildi
2025-08-05 21:50:27,155 - AlertAvailableSessions - INFO - Tesis dropdown açıldı
2025-08-05 21:50:28,267 - AlertAvailableSessions - INFO - MALTEPE SAHİL SPOR TESİSİ seçildi
2025-08-05 21:50:28,277 - AlertAvailableSessions - INFO - Get Sessions Info
2025-08-05 21:50:29,025 - AlertAvailableSessions - WARNING - No checkbox rendered for 07.08.2025 21:00 - 22:00
2025-08-05 21:55:39,750 - AlertAvailableSessions - INFO - Login Successfully
2025-08-05 21:55:39,908 - AlertAvailableSessions - INFO - Login sonrası popup kapatıldı
2025-08-05 21:55:40,735 - AlertAvailableSessions - INFO - Seans Secim Buton was Clicked
2025-08-05 21:55:41,866 - AlertAvailableSessions - INFO - Branş dropdown açıldı
2025-08-05 21:55:42,935 - AlertAvailableSessions - INFO - TENİS seçildi
2025-08-05 21:55:43,486 - AlertAvailableSessions - INFO - Tesis dropdown açıldı
2025-08-05 21:55:44,565 - AlertAvailableSessions - INFO - MALTEPE SAHİL SPOR TESİSİ seçildi
2025-08-05 21:55:45,095 - AlertAvailableSessions - INFO - Get Sessions Info
2025-08-05 21:55:45,315 - AlertAvailableSessions - WARNING - No checkbox rendered for 07.08.2025 21:00 - 22:00
2025-08-05 22:00:53,594 - AlertAvailableSessions - INFO - Login Successfully
2025-08-05 22:00:56,842 - AlertAvailableSessions - INFO - Login sonrası popup kapatıldı
2025-08-05 22:00:58,471 - AlertAvailableSessions - INFO - Seans Secim Buton was Clicked
2025-08-05 22:00:59,603 - AlertAvailableSessions - INFO - Branş dropdown açıldı
2025-08-05 22:01:00,702 - AlertAvailableSessions - INFO - TENİS seçildi
2025-08-05 22:01:01,923 - AlertAvailableSessions - INFO - Tesis dropdown açıldı
2025-08-05 22:01:03,025 - AlertAvailableSessions - INFO - MALTEPE SAHİL SPOR TESİSİ seçildi
2025-08-05 22:01:03,036 - AlertAvailableSessions - INFO - Get Sessions Info
2025-08-05 22:01:03,955 - AlertAvailableSessions - WARNING - No checkbox rendered for 07.08.2025 21:00 - 22:00
2025-08-05 22:06:11,583 - AlertAvailableSessions - INFO - Login Successfully
2025-08-05 22:06:14,257 - AlertAvailableSessions - INFO - Login sonrası popup kapatıldı
2025-08-05 22:06:14,757 - AlertAvailableSessions - INFO - Seans Secim Buton was Clicked
2025-08-05 22:06:15,885 - AlertAvailableSessions - INFO - Branş dropdown açıldı
2025-08-05 22:06:16,984 - AlertAvailableSessions - INFO - TENİS seçildi
2025-08-05 22:06:18,004 - AlertAvailableSessions - INFO - Tesis dropdown açıldı
2025-08-05 22:06:19,111 - AlertAvailableSessions - INFO - MALTEPE SAHİL SPOR TESİSİ seçildi
2025-08-05 22:06:19,119 - AlertAvailableSessions - INFO - Get Sessions Info
2025-08-05 22:06:19,790 - AlertAvailableSessions - WARNING - No checkbox rendered for 07.08.2025 21:00 - 22:00
2025-08-05 22:11:28,805 - AlertAvailableSessions - INFO - Login Successfully
2025-08-05 22:11:31,927 - AlertAvailableSessions - INFO - Login sonrası popup kapatıldı
2025-08-05 22:11:32,587 - AlertAvailableSessions - INFO - Seans Secim Buton was Clicked
2025-08-05 22:11:33,719 - AlertAvailableSessions - INFO - Branş dropdown açıldı
2025-08-05 22:11:34,813 - AlertAvailableSessions - INFO - TENİS seçildi
2025-08-05 22:11:35,949 - AlertAvailableSessions - INFO - Tesis dropdown açıldı
2025-08-05 22:11:37,023 - AlertAvailableSessions - INFO - MALTEPE SAHİL SPOR TESİSİ seçildi
2025-08-05 22:11:37,738 - AlertAvailableSessions - INFO - Get Sessions Info
2025-08-05 22:11:37,856 - AlertAvailableSessions - WARNING - No checkbox rendered for 07.08.2025 21:00 - 22:00
